Handle,Social Network,Profile Name,Avatar URL,Followers,Posts,Value Per Fan,Total Value € Jan 2026,Category,URL
cristiano,instagram,Cristiano Ronaldo,https://cdn.horizm.com/clubs/392_6491b0644ce13,672011111,12,0.0069,4615181,Athlete,https://www.instagram.com/cristiano/
leomessi,instagram,Lionel Messi,https://cdn.horizm.com/clubs/7f062479aa926188f8ccbe3b440c126df08f2606.jpg,511710206,4,0.0019,984345,Athlete,https://www.instagram.com/leomessi/
virat.kohli,instagram,Virat Kohli,https://cdn.horizm.com/clubs/397_6491b087b75aa,274920685,3,0.0056,1539390,Athlete,https://www.instagram.com/virat.kohli/
neymarjr,instagram,Neymar,https://cdn.horizm.com/clubs/393_6491b070e5383,234129312,25,0.0263,6162259,Athlete,https://www.instagram.com/neymarjr/
kingjames,instagram,LeBron James,https://cdn.horizm.com/clubs/396_6491b07c8732b,157316681,20,0.0111,1738355,Athlete,https://www.instagram.com/kingjames/
k.mbappe,instagram,Kylian Mbappe,https://cdn.horizm.com/clubs/1581_6491d3ce237b1,130385229,3,0.0070,915806,Athlete,https://www.instagram.com/k.mbappe/
davidbeckham,instagram,David Beckham,https://cdn.horizm.com/clubs/050236fc0aff5a4845035d50cf640053e582c104.jpg,88574328,9,0.0060,530917,Athlete,https://www.instagram.com/davidbeckham/
ronaldinho,instagram,Ronaldinho,https://cdn.horizm.com/clubs/399_6491b093ee83f,78493753,16,0.0046,363513,Athlete,https://www.instagram.com/ronaldinho/
karimbenzema,instagram,Karim Benzema,https://cdn.horizm.com/clubs/1540_6491d2d54c575,75230565,1,0.0004,32586,Athlete,https://www.instagram.com/karimbenzema/
marcelotwelve,instagram,Marcelo,https://cdn.horizm.com/clubs/404_6491b0d24aa35,68560423,20,0.0133,914998,Athlete,https://www.instagram.com/marcelotwelve/
sergioramos,instagram,Sergio Ramos,https://cdn.horizm.com/clubs/3089_6491fac552dcf,67631581,10,0.0076,510870,Athlete,https://www.instagram.com/sergioramos/
mosalah,instagram,Mohamed Salah,https://cdn.horizm.com/clubs/6aab26d48e6ef5c76ab8dc63404928887c1433c7.jpg,66172796,8,0.0074,491431,Athlete,https://www.instagram.com/mosalah/
vinijr,instagram,Vinicius Junior,https://cdn.horizm.com/clubs/1580_64b627062244c,58945363,3,0.0091,536401,Athlete,https://www.instagram.com/vinijr/
stephencurry30,instagram,Steph Curry,https://cdn.horizm.com/clubs/406_6491b0eec9a56,58322293,8,0.0104,604528,Athlete,https://www.instagram.com/stephencurry30/
paulodybala,instagram,Paulo Dybala,https://cdn.horizm.com/clubs/2808_6491f30d5e091,56962885,2,0.0010,58118,Athlete,https://www.instagram.com/paulodybala/
garethbale11,instagram,Gareth Bale,https://cdn.horizm.com/clubs/401_6491b0abd950a,52900729,2,0.0002,12580,Athlete,https://www.instagram.com/garethbale11/
jamesrodriguez10,instagram,James Rodriguez,https://cdn.horizm.com/clubs/400_6491b09f8cf8b,51804979,6,0.0043,225288,Athlete,https://www.instagram.com/jamesrodriguez10/
sachintendulkar,instagram,Sachin Tendulkar,https://cdn.horizm.com/clubs/407_6491b0fc9d9e5,51486862,3,0.0005,26950,Athlete,https://www.instagram.com/sachintendulkar/
toni.kr8s,instagram,Toni Kroos,https://cdn.horizm.com/clubs/2388_6491e7de4f946,49600349,6,0.0056,277528,Athlete,https://www.instagram.com/toni.kr8s/
luissuarez9,instagram,Luis Suárez,https://cdn.horizm.com/clubs/2794_6491f29faeb51,47951970,2,0.0012,59868,Athlete,https://www.instagram.com/luissuarez9/
thenotoriousmma,instagram,Conor McGregor,https://cdn.horizm.com/clubs/403_6491b0c615f57,46377976,28,0.0379,1757788,Athlete,https://www.instagram.com/thenotoriousmma/
rohitsharma45,instagram,Rohit Sharma,https://cdn.horizm.com/clubs/1567_6491d37199fc5,45847078,5,0.0092,423104,Athlete,https://www.instagram.com/rohitsharma45/
hardikpandya93,instagram,Hardik Pandya,https://cdn.horizm.com/clubs/1570_6491d38240383,45077670,3,0.0147,664451,Athlete,https://www.instagram.com/hardikpandya93/
zidane,instagram,Zinedine Zidane,https://cdn.horizm.com/clubs/2378_64a276bcc4d93,44805788,4,0.0034,153802,Athlete,https://www.instagram.com/zidane/
khabib_nurmagomedov,instagram,Khabib Nurmagomedov,https://cdn.horizm.com/clubs/1800_6491d6e061260,43080165,14,0.0223,961485,Athlete,https://www.instagram.com/khabib_nurmagomedov/
lewishamilton,instagram,Lewis Hamilton,https://cdn.horizm.com/clubs/412_6491b138c59ee,42300203,9,0.0329,1390165,Athlete,https://www.instagram.com/lewishamilton/
judebellingham,instagram,Jude Bellingham,https://cdn.horizm.com/clubs/1546_64b628d581a36,41520627,8,0.0479,1988025,Athlete,https://www.instagram.com/judebellingham/
erling,instagram,Erling Haaland,https://cdn.horizm.com/clubs/1584_6491d3e766157,40225769,18,0.0388,1562407,Athlete,https://www.instagram.com/erling
lamineyamal,instagram,Lamine Yamal,https://cdn.horizm.com/clubs/6218_650be4922cc5a,40031563,4,0.0184,737676,Athlete,https://www.instagram.com/lamineyamal/
antogriezmann,instagram,Antoine Griezmann,https://cdn.horizm.com/clubs/1774_6491d62c1903b,39823066,6,0.0037,145641,Athlete,https://www.instagram.com/antogriezmann/
lukamodric10,instagram,Luka Modric,https://cdn.horizm.com/clubs/1579_64b626f6b9691,39114515,2,0.0014,55493,Athlete,https://www.instagram.com/lukamodric10/
_rl9,instagram,Robert Lewandowski,https://cdn.horizm.com/clubs/1582_6491d3d618c3a,38596233,10,0.0159,613661,Athlete,https://www.instagram.com/_rl9/
neymarjr,tiktok,Neymar,https://cdn.horizm.com/clubs/393_6491b070e5383,35646080,7,0.0012,43915,Athlete,https://www.tiktok.com/@neymarjr
shaq,instagram,Shaquille O'Neal,https://cdn.horizm.com/clubs/6099_650c0593a0fc6,35569870,45,0.0577,2053446,Athlete,https://www.instagram.com/shaq
ronaldo,instagram,Ronaldo Luís Nazário de Lima,https://cdn.horizm.com/clubs/2379_6491e7ab1e887,29266513,9,0.0035,101810,Athlete,https://www.instagram.com/ronaldo/
abdevilliers17,instagram,AB De Villiers,https://cdn.horizm.com/clubs/5173_64d611ad28b43,29164566,20,0.0093,269880,Athlete,https://www.instagram.com/abdevilliers17/
kunaguero,instagram,Sergio Aguero,https://cdn.horizm.com/clubs/3388_649202fce20bd,28453549,4,0.0015,42917,Athlete,https://www.instagram.com/kunaguero/
jeremylynch,tiktok,Jeremy Lynch,https://cdn.horizm.com/clubs/c256bc6c86912b990a168f12fd76fe1b513e5f6b.jpg,27709869,20,0.0051,140815,Athlete,https://www.tiktok.com/@jeremylynch
m10_official,instagram,Mesut Özil,https://cdn.horizm.com/clubs/3091_64b6266cd5c04,27556218,8,0.0088,241543,Athlete,https://www.instagram.com/m10_official/
sureshraina3,instagram,Suresh Raina,https://cdn.horizm.com/clubs/5174_64d611b6a93e0,27209211,15,0.0080,218574,Athlete,https://www.instagram.com/sureshraina3
hazardeden_10,instagram,Eden Hazard,https://cdn.horizm.com/clubs/7b0d1fa0de208b8c4b4091594dd4b35f4df0b2a9.jpg,27058104,1,0.0003,9340,Athlete,https://www.instagram.com/hazardeden_10/
kevindebruyne,instagram,Kevin De Bruyne,https://cdn.horizm.com/clubs/1578_6491d3b569a38,26659007,5,0.0023,60233,Athlete,https://www.instagram.com/kevindebruyne/
angeldimariajm,instagram,Angel Di Maria,https://cdn.horizm.com/clubs/c86fdb0603f95f5f81e9bf799743d5bb76541c23.jpg,26613437,8,0.0071,189238,Athlete,https://www.instagram.com/angeldimariajm/
kaka,instagram,Kaka,https://cdn.horizm.com/clubs/1390_6491ceae718cb,26187307,3,0.0027,69810,Athlete,https://www.instagram.com/kaka/
klrahul,instagram,KL Rahul,https://cdn.horizm.com/clubs/71a62434f0aa17e33ef1707d788705586067bfd4.jpg,24012114,5,0.0274,657473,Athlete,https://www.instagram.com/klrahul/
davidluiz23,instagram,David Luiz,https://cdn.horizm.com/clubs/2802_6491f2d9370cb,23341448,6,0.0017,40686,Athlete,https://www.instagram.com/davidluiz23/
phil.coutinho,instagram,Phillipe Coutinho,https://cdn.horizm.com/clubs/2311_6491e5d416dc1,23133181,1,0.0019,44075,Athlete,https://www.instagram.com/phil.coutinho
rodrygogoes,instagram,Rodrygo,https://cdn.horizm.com/clubs/2345_64b6278eca899,23040149,4,0.0113,261024,Athlete,https://www.instagram.com/rodrygogoes/
achrafhakimi,instagram,Achraf Hakimi,https://cdn.horizm.com/clubs/1870_6491d9fdd69cf,22794405,4,0.0324,739563,Athlete,https://www.instagram.com/achrafhakimi/
charles_leclerc,instagram,Charles Leclerc,https://cdn.horizm.com/clubs/1282_6491cb5ba89a4,22608155,6,0.0392,885529,Athlete,https://www.instagram.com/charles_leclerc
russwest44,instagram,Russell Westbrook,https://cdn.horizm.com/clubs/3116_6491fb6dc1f63,22501880,5,0.0055,124045,Athlete,https://www.instagram.com/russwest44/
casemiro,instagram,Casemiro,https://cdn.horizm.com/clubs/1388_6491cea693acf,22490924,7,0.0230,516311,Athlete,https://www.instagram.com/casemiro/
raphaelvarane,instagram,Raphael Varane,https://cdn.horizm.com/clubs/2268_6491e4bb0ef0f,22301783,1,0.0007,16110,Athlete,https://www.instagram.com/raphaelvarane/
alvaromorata,instagram,Alvaro Morata,https://cdn.horizm.com/clubs/2330_6491e6642cd74,22286004,8,0.0105,233756,Athlete,https://www.instagram.com/alvaromorata/
lucasvazquez91,instagram,Lucas Vazquez,https://cdn.horizm.com/clubs/2393_64b627422cca9,22229820,5,0.0020,43800,Athlete,https://www.instagram.com/lucasvazquez91/
jaspritb1,instagram,Jasprit Bumrah,https://cdn.horizm.com/clubs/2977_6491f7e23fbe0,22183316,8,0.0193,428533,Athlete,https://www.instagram.com/jaspritb1/
marcusrashford,instagram,Marcus Rashford,https://cdn.horizm.com/clubs/1770_6491d60ac4cb6,22083212,8,0.0351,775708,Athlete,https://www.instagram.com/marcusrashford/
dejesusoficial,instagram,Gabriel Jesus,https://cdn.horizm.com/clubs/1762_6491d5c8b29c4,22059077,5,0.0076,167647,Athlete,https://www.instagram.com/dejesusoficial/
johncena,instagram,John Cena,https://cdn.horizm.com/clubs/6773_6565b8d81a1b1,21817255,31,0.0171,372485,Athlete,https://www.instagram.com/johncena
3gerardpique,instagram,Gerard Piqué,https://cdn.horizm.com/clubs/6795_6565b8f7d0f2d,21748481,1,0.0003,6882,Athlete,https://www.instagram.com/3gerardpique
sergioramos,tiktok,Sergio Ramos,https://cdn.horizm.com/clubs/3089_6491fac552dcf,21391514,1,0.0005,11189,Athlete,https://www.tiktok.com/@sergioramos
ronaldinho,tiktok,Ronaldinho,https://cdn.horizm.com/clubs/399_6491b093ee83f,21312926,4,0.0002,3699,Athlete,https://www.tiktok.com/@ronaldinho
rafaelnadal,instagram,Rafa Nadal,https://cdn.horizm.com/clubs/411_6491b12a07e4d,21303893,6,0.0037,78223,Athlete,https://www.instagram.com/rafaelnadal/
richarlison,instagram,Richarlison,https://cdn.horizm.com/clubs/1760_6491d5c06145c,21165720,2,0.0094,199161,Athlete,https://www.instagram.com/richarlison/
thiagosilva,instagram,Thiago Silva,https://cdn.horizm.com/clubs/2254_6491e467e0dc7,21001673,10,0.0060,125732,Athlete,https://www.instagram.com/thiagosilva/
yuvisofficial,instagram,Yuvraj Singh,https://cdn.horizm.com/clubs/5172_64d611a31c8b5,20903538,4,0.0017,34730,Athlete,https://www.instagram.com/yuvisofficial/
pedri,instagram,Pedri,https://cdn.horizm.com/clubs/1547_6491d301303de,20702583,2,0.0072,148776,Athlete,https://www.instagram.com/pedri/
memphisdepay,instagram,Memphis Depay,https://cdn.horizm.com/clubs/1884_6491da5c2f374,20416871,5,0.0199,406554,Athlete,https://www.instagram.com/memphisdepay/
kyrieirving,instagram,Kyrie Irving,https://cdn.horizm.com/clubs/3113_6491fb548d7eb,20282991,8,0.0091,185167,Athlete,https://www.instagram.com/kyrieirving/
fedevalverde,instagram,Federico Valverde,https://cdn.horizm.com/clubs/2387_64b628204e928,20079904,5,0.0218,438044,Athlete,https://www.instagram.com/fedevalverde
shikhardofficial,instagram,Shikhar Dhawan,https://cdn.horizm.com/clubs/2980_6491f7fbc64e3,19702413,8,0.0171,336390,Athlete,https://www.instagram.com/shikhardofficial/
kingarturo23oficial,instagram,Arturo Vidal,https://cdn.horizm.com/clubs/2825_6491f38409dc4,19599451,20,0.0107,208745,Athlete,https://www.instagram.com/kingarturo23oficial/
dwyanewade,instagram,Dwayne Wade,https://cdn.horizm.com/clubs/3120_6491fb910278a,19569534,11,0.0154,302280,Athlete,https://www.instagram.com/dwyanewade/
keylornavas1,instagram,Keylor Navas,https://cdn.horizm.com/clubs/6293_653123e34cb84,19517660,8,0.0046,88943,Athlete,https://www.instagram.com/keylornavas1
surya_14kumar,instagram,Suryakumar Yadav,https://cdn.horizm.com/clubs/1568_6491d3799bd9f,19444644,11,0.0155,301489,Athlete,https://www.instagram.com/surya_14kumar/
o.dembele7,instagram,Ousmane Dembele,https://cdn.horizm.com/clubs/1773_6491d623891a0,19358963,1,0.0023,44085,Athlete,https://www.instagram.com/o.dembele7/
official_pepe,instagram,Pepe,https://cdn.horizm.com/clubs/2353_6491e7037d4fc,19203520,2,0.0008,14813,Athlete,https://www.instagram.com/official_pepe/
canelo,instagram,Canelo Alvarez,https://cdn.horizm.com/clubs/4160_649bd5ee279c7,19137036,8,0.0221,422268,Athlete,https://www.instagram.com/canelo/
pablogavi,instagram,Gavi,https://cdn.horizm.com/clubs/1576_64a2765e572bc,18882037,3,0.0104,195765,Athlete,https://www.instagram.com/pablogavi/
anthonyjoshua,instagram,Anthony Joshua,https://cdn.horizm.com/clubs/414_6491b15258ab4,18747294,3,0.1067,2000993,Athlete,https://www.instagram.com/anthonyjoshua/
juliaanalvarez,instagram,Julian Alvarez,https://cdn.horizm.com/clubs/1756_6491d5b7a12c1,18433227,7,0.0112,205677,Athlete,https://www.instagram.com/juliaanalvarez/
shubmangill,instagram,Shubman Gill,https://cdn.horizm.com/clubs/2969_6491f7a46493f,18243779,10,0.0672,1225913,Athlete,https://www.instagram.com/shubmangill/
pele,instagram,Pelé,https://cdn.horizm.com/clubs/9bd199ab6a666dfb5800ee155dbfc998c10ab9ca.jpg,18151747,10,0.0198,359912,Athlete,https://www.instagram.com/pele
serenawilliams,instagram,Serena Williams,https://cdn.horizm.com/clubs/402_6491b0b9bc965,18150907,12,0.0169,307615,Athlete,https://www.instagram.com/serenawilliams/
harrykane,instagram,Harry Kane,https://cdn.horizm.com/clubs/1766_6491d5eab8a52,18080402,13,0.0165,298610,Athlete,https://www.instagram.com/harrykane/
maxverstappen1,instagram,Max Verstappen,https://cdn.horizm.com/clubs/1293_6491cbb980c60,17993081,4,0.0229,412602,Athlete,https://www.instagram.com/maxverstappen1
raphinha,instagram,Raphinha,https://cdn.horizm.com/clubs/1761_64a27663cce8a,17847153,7,0.0187,334357,Athlete,https://www.instagram.com/raphinha/
zo,instagram,Lonzo Ball,https://cdn.horizm.com/clubs/3447_6492047a24075,17720872,4,0.0051,89879,Athlete,https://www.instagram.com/zo/
falcao,instagram,Radamel Falcão Garcia,https://cdn.horizm.com/clubs/2820_6491f361e1dac,17656523,4,0.0032,56766,Athlete,https://www.instagram.com/falcao/
thibautcourtois,instagram,Thibaut Courtois,https://cdn.horizm.com/clubs/1577_64b62798cb68d,17626235,14,0.0377,664570,Athlete,https://www.instagram.com/thibautcourtois/
mterstegen1,instagram,Marc-André ter Stegen,https://cdn.horizm.com/clubs/2401_6491e83305673,17433533,10,0.0251,437988,Athlete,https://www.instagram.com/mterstegen1/
harbhajan3,instagram,Harbhajan Singh,https://cdn.horizm.com/clubs/6878_6565aab7c1f20,17397521,19,0.0093,161605,Athlete,https://www.instagram.com/harbhajan3/
virgilvandijk,instagram,Virgil Van Dijk,https://cdn.horizm.com/clubs/1781_6491d6563edb0,17253488,7,0.0196,338343,Athlete,https://www.instagram.com/virgilvandijk/
jordialbaoficial,instagram,Jordi Alba,https://cdn.horizm.com/clubs/2335_6491e68e237a3,17115318,2,0.0005,8038,Athlete,https://www.instagram.com/jordialbaoficial
obj,instagram,Odell Beckam Jnr,https://cdn.horizm.com/clubs/3770_64920c66cbf6a,17043088,1,0.0017,29671,Athlete,https://www.instagram.com/obj/
rondarousey,instagram,Ronda Rousey,https://cdn.horizm.com/clubs/1801_6491d6e953dda,16893924,3,0.0025,42432,Athlete,https://www.instagram.com/rondarousey/
alexis_officia1,instagram,Alexis Sanchez,https://cdn.horizm.com/clubs/2826_6491f38c8f917,16858647,4,0.0054,91700,Athlete,https://www.instagram.com/alexis_officia1/
djokernole,instagram,Novak Djokovic,https://cdn.horizm.com/clubs/1300_6491cbf6d9098,16394651,13,0.0407,666654,Athlete,https://www.instagram.com/djokernole
sadiomaneofficiel,instagram,Sadio Mane,https://cdn.horizm.com/clubs/5f19a67ed01adfef7e4841c20c5b990ba5947a26.jpg,16374057,2,0.0026,42237,Athlete,https://www.instagram.com/sadiomaneofficiel/
ab,instagram,Antonio Brown,https://cdn.horizm.com/clubs/3773_64920c8081092,16104227,2,0.0100,160446,Athlete,https://www.instagram.com/ab/
waynerooney,instagram,Wayne Rooney,https://cdn.horizm.com/clubs/1585_6491d3efa923b,16080976,9,0.0154,247790,Athlete,https://www.instagram.com/waynerooney/
rishabpant,instagram,Rishabh Pant,https://cdn.horizm.com/clubs/2968_6491f79bd926b,16076772,6,0.0196,315371,Athlete,https://www.instagram.com/rishabpant/
giannis_an34,instagram,Giannis Antetokoumpo,https://cdn.horizm.com/clubs/3114_6491fb5cdf29d,16039013,1,0.0045,72377,Athlete,https://www.instagram.com/giannis_an34/
keyalves,instagram,Key Alves,https://cdn.horizm.com/clubs/3373_6492029e22fc8,15892725,22,0.0086,136719,Athlete,https://www.instagram.com/keyalves/
alishalehmann7,instagram,Alisha Lehmann,https://cdn.horizm.com/clubs/4181_649bd68d81c94,15883018,13,0.0373,592752,Athlete,https://www.instagram.com/alishalehmann7/
marcoasensio10,instagram,Marco Asensio,https://cdn.horizm.com/clubs/2223_6491e39be9078,15722734,5,0.0092,145106,Athlete,https://www.instagram.com/marcoasensio10/
mdshami.11,instagram,Mohammad Shami,https://cdn.horizm.com/clubs/1571_6491d38add71c,15663571,1,0.0003,4382,Athlete,https://www.instagram.com/mdshami.11/
d_degeaofficial,instagram,David De Gea,https://cdn.horizm.com/clubs/2266_6491e4a9cf1c7,15479037,4,0.0021,33175,Athlete,https://www.instagram.com/d_degeaofficial/
tombrady,instagram,Tom Brady,https://cdn.horizm.com/clubs/409_6491b11395520,15420697,4,0.0165,255131,Athlete,https://www.instagram.com/tombrady/
camavinga,instagram,Eduardo Camavinga,https://cdn.horizm.com/clubs/1583_6491d3debb142,15198445,3,0.0088,133329,Athlete,https://www.instagram.com/camavinga/
smriti_mandhana,instagram,Smriti Mandhana,https://cdn.horizm.com/clubs/2414_6491e87f446dc,15091764,13,0.1704,2572381,Athlete,https://www.instagram.com/smriti_mandhana/
marcelotwelve,tiktok,Marcelo,https://cdn.horizm.com/clubs/404_6491b0d24aa35,15024646,5,0.0007,11138,Athlete,https://www.tiktok.com/@marcelotwelve
marcinho11,instagram,Marco Reus,https://cdn.horizm.com/clubs/4805_64baad767ee4d,14845259,2,0.0011,16462,Athlete,https://www.instagram.com/marcinho11/
esmuellert,instagram,Thomas Müller,https://cdn.horizm.com/clubs/4791_64baad117729c,14773608,23,0.0307,453387,Athlete,https://www.instagram.com/esmuellert/
hm_son7,instagram,Son Heung-Min,https://cdn.horizm.com/clubs/1876_6491da206023a,14606239,1,0.0093,136106,Athlete,https://www.instagram.com/hm_son7/
frenkiedejong,instagram,Frenkie De Jong,https://cdn.horizm.com/clubs/1779_6491d64e95376,14449175,4,0.0119,171454,Athlete,https://www.instagram.com/frenkiedejong/
manuelneuer,instagram,Manuel Neuer,https://cdn.horizm.com/clubs/1777_6491d63c99933,14425316,7,0.0079,113769,Athlete,https://www.instagram.com/manuelneuer/
usainbolt,instagram,Usain Bolt,https://cdn.horizm.com/clubs/7868_6638a6b2cfc9d,14104227,15,0.0043,60691,Athlete,https://www.instagram.com/usainbolt/
emi_martinez26,instagram,Damian Emiliano Martinez,https://cdn.horizm.com/clubs/2302_6491e5986e65d,14048424,5,0.0045,63348,Athlete,https://www.instagram.com/emi_martinez26/
mauroicardi,instagram,Mauro Icardi,https://cdn.horizm.com/clubs/2810_6491f31e841d1,14020816,5,0.0265,371023,Athlete,https://www.instagram.com/mauroicardi
shaq,tiktok,Shaquille O'Neal,https://cdn.horizm.com/clubs/6099_650c0593a0fc6,13954192,3,0.0139,193723,Athlete,https://www.tiktok.com/@shaq
rodridepaul,instagram,Rodrigo de Paul,https://cdn.horizm.com/clubs/2807_6491f30483535,13950080,2,0.0075,105176,Athlete,https://www.instagram.com/rodridepaul/
cuadrado,instagram,Juan Cuadrado,https://cdn.horizm.com/clubs/2821_6491f36a67470,13596679,1,0.0003,3858,Athlete,https://www.instagram.com/cuadrado/
auba,instagram,Pierre-Emerick Aubameyang,https://cdn.horizm.com/clubs/2263_6491e4999701c,13555792,1,0.0028,37889,Athlete,https://www.instagram.com/auba/
mohammedsirajofficial,instagram,Mohammed Siraj,https://cdn.horizm.com/clubs/2961_6491f7675975a,13516591,1,0.0014,19146,Athlete,https://www.instagram.com/mohammedsirajofficial/
patrice.evra,instagram,Patrice Evra,https://cdn.horizm.com/clubs/3496_649205ff25bfd,13499281,12,0.0245,330263,Athlete,https://www.instagram.com/patrice.evra
gabrielmedina,instagram,Gabriel Medina,https://cdn.horizm.com/clubs/3366_64920263852ea,13301648,8,0.0052,68625,Athlete,https://www.instagram.com/gabrielmedina/
toniruediger,instagram,Antonio Rudiger,https://cdn.horizm.com/clubs/2391_64b6288141ebf,13059151,2,0.0039,51000,Athlete,https://www.instagram.com/toniruediger/
mirzasaniar,instagram,Sania Mirza,https://cdn.horizm.com/clubs/4134_649bd518a7664,12903748,12,0.0028,35942,Athlete,https://www.instagram.com/mirzasaniar/
joaofelix79,instagram,João Félix,https://cdn.horizm.com/clubs/1788_6491d68a0f94d,12903126,4,0.0051,66214,Athlete,https://www.instagram.com/joaofelix79/
brahim,instagram,Brahim Díaz,https://cdn.horizm.com/clubs/6371_653125e347550,12641057,4,0.1390,1757734,Athlete,https://www.instagram.com/brahim/
riyadmahrez26.7,instagram,Riyad Mahrez,https://cdn.horizm.com/clubs/2261_6491e491d87cd,12550328,1,0.0046,58082,Athlete,https://www.instagram.com/riyadmahrez26.7/
toni.kr8s,tiktok,Toni Kroos,https://cdn.horizm.com/clubs/2388_6491e7de4f946,12494943,2,0.0017,20761,Athlete,https://www.tiktok.com/@toni.kr8s
philfoden,instagram,Phil Foden,https://cdn.horizm.com/clubs/2256_6491e479432f5,12490303,5,0.0092,114721,Athlete,https://www.instagram.com/philfoden/
carlossainz55,instagram,Carlos Sainz,https://cdn.horizm.com/clubs/1289_6491cb9738160,12443261,3,0.0190,236222,Athlete,https://www.instagram.com/carlossainz55
enzojfernandez,instagram,Enzo Fernandez,https://cdn.horizm.com/clubs/1885_64a2768343b54,12306121,6,0.0238,293146,Athlete,https://www.instagram.com/enzojfernandez/
jharden13,instagram,James Harden,https://cdn.horizm.com/clubs/3112_6491fb4c0b8bc,12136844,13,0.0144,174335,Athlete,https://www.instagram.com/jharden13
simonebiles,instagram,Simone Biles,https://cdn.horizm.com/clubs/4137_649bd5329006b,12062002,6,0.0208,250902,Athlete,https://www.instagram.com/simonebiles/
lucaspaqueta,instagram,Lucas Paqueta,https://cdn.horizm.com/clubs/2322_6491e62013c73,12001922,9,0.1030,1236012,Athlete,https://www.instagram.com/lucaspaqueta
leoparedes20,instagram,Paredes,https://cdn.horizm.com/clubs/2809_6491f315f2e3b,11939171,5,0.0070,83630,Athlete,https://www.instagram.com/leoparedes20/
thegreatkhali,instagram,The Great Khali,https://cdn.horizm.com/clubs/6774_6565a805924f9,11912666,52,0.0556,662519,Athlete,https://www.instagram.com/thegreatkhali
imsanjusamson,instagram,Sanju Samson,https://cdn.horizm.com/clubs/2985_6491f82618c85,11910505,2,0.0145,172320,Athlete,https://www.instagram.com/imsanjusamson/
alishalehmann7,tiktok,Alisha Lehmann,https://cdn.horizm.com/clubs/4181_649bd68d81c94,11822411,4,0.0145,171608,Athlete,https://www.tiktok.com/@alishalehmann7
lautaromartinez,instagram,Lautaro Martinez,https://cdn.horizm.com/clubs/1755_64a276604752a,11802478,4,0.0037,44166,Athlete,https://www.instagram.com/lautaromartinez/
gabigol,instagram,Gabriel Barbosa,https://cdn.horizm.com/clubs/2803_6491f2e1b2ec5,11695558,7,0.0206,241003,Athlete,https://www.instagram.com/gabigol/
stevengerrard,instagram,Steven Gerrard,https://cdn.horizm.com/clubs/ec6718b006c2bac86b5084634f8df33ee1e5b0e8.jpg,11623413,11,0.0203,236020,Athlete,https://www.instagram.com/stevengerrard/
gautamgambhir55,instagram,Gautam Gambhir,https://cdn.horizm.com/clubs/6879_6565aac0ad7a6,11574566,2,0.0017,19576,Athlete,https://www.instagram.com/gautamgambhir55/
cp3,instagram,Chris Paul,https://cdn.horizm.com/clubs/3117_6491fb76ca48f,11488484,7,0.0131,150885,Athlete,https://www.instagram.com/cp3/
thiago6,instagram,Thiago Alcantara,https://cdn.horizm.com/clubs/2291_6491e55c90256,11430495,1,0.0015,17110,Athlete,https://www.instagram.com/thiago6
kunaguero,tiktok,Sergio Aguero,https://cdn.horizm.com/clubs/3388_649202fce20bd,11352663,1,0.0000,149,Athlete,https://www.tiktok.com/@kunaguero
zlatanibrahimovic,tiktok,Zlatan Ibrahimović,https://cdn.horizm.com/clubs/3446_649204717e0c3,11321285,5,0.0074,83629,Athlete,https://www.tiktok.com/@zlatanibrahimovic
romanreigns,instagram,Roman Reigns,https://cdn.horizm.com/clubs/6775_6565a80f0f0f0,11224894,7,0.0466,523042,Athlete,https://www.instagram.com/romanreigns
willianborges88,instagram,Willian Borges,https://cdn.horizm.com/clubs/2805_6491f2f28fd85,11152482,4,0.0015,16861,Athlete,https://www.instagram.com/willianborges88/
claudiobravo1,instagram,Claudio Bravo,https://cdn.horizm.com/clubs/2827_6491f395028fb,11113638,2,0.0001,1389,Athlete,https://www.instagram.com/claudiobravo1/
antony00,instagram,Antony,https://cdn.horizm.com/clubs/2269_6491e4c39f511,10912502,3,0.0081,88659,Athlete,https://www.instagram.com/antony00/
richarlison,tiktok,Richarlison,https://cdn.horizm.com/clubs/1760_6491d5c06145c,10905153,2,0.0090,98315,Athlete,https://www.tiktok.com/@richarlison
lukadoncic,instagram,Luka Doncic,https://cdn.horizm.com/clubs/3449_6492048a495e2,10830109,8,0.0201,217578,Athlete,https://www.instagram.com/lukadoncic/
hziyech,instagram,Hakim Ziyech,https://cdn.horizm.com/clubs/9e765dd31c9026d5aa42e3d246290965b6e5d17c.jpg,10801039,6,0.0343,370464,Athlete,https://www.instagram.com/hziyech/
edermilitao,instagram,Eder Militao,https://cdn.horizm.com/clubs/97a002d50c06c68ef4f3f8639b707fa9ceb6386f.jpeg,10761868,8,0.0080,86281,Athlete,https://www.instagram.com/edermilitao/
rashid.khan19,instagram,Rashid Khan,https://cdn.horizm.com/clubs/1552_6491d309e5a80,10701448,1,0.0007,7170,Athlete,https://www.instagram.com/rashid.khan19/
yuzi_chahal23,instagram,Yuzvendra Chahal,https://cdn.horizm.com/clubs/2984_6491f81d5f89a,10695550,30,0.0462,494171,Athlete,https://www.instagram.com/yuzi_chahal23
melo,instagram,LaMelo Ball,https://cdn.horizm.com/clubs/3448_6492048299bf5,10654676,7,0.0473,503934,Athlete,https://www.instagram.com/melo/
davidwarner31,instagram,David Warner,https://cdn.horizm.com/clubs/1553_6491d31286f5d,10502031,2,0.0014,15007,Athlete,https://www.instagram.com/davidwarner31/
shoheiohtani,instagram,Shohei Ohtani,https://cdn.horizm.com/clubs/3736_64a278130f31f,10441579,20,0.0176,183986,Athlete,https://www.instagram.com/shoheiohtani/
nikkigarcia,instagram,Nikki Garcia,https://cdn.horizm.com/clubs/4135_649bd521467aa,10433805,21,0.0252,262995,Athlete,https://www.instagram.com/nikkigarcia/
paulodybala,tiktok,Paulo Dybala,https://cdn.horizm.com/clubs/2808_6491f30d5e091,10388795,1,0.0002,2273,Athlete,https://www.tiktok.com/@paulodybala
brunofernandes8,instagram,Bruno Fernandes,https://cdn.horizm.com/clubs/1782_6491d65edd240,10278411,9,0.0609,626280,Athlete,https://www.instagram.com/brunofernandes8/
adrianoimperador,instagram,Adriano,https://cdn.horizm.com/clubs/3829_64920d8910b7a,10180903,8,0.0050,50575,Athlete,https://www.instagram.com/adrianoimperador
cavaniofficial21,instagram,Edinson Cavani,https://cdn.horizm.com/clubs/2812_6491f32688f66,10156370,1,0.0013,12706,Athlete,https://www.instagram.com/cavaniofficial21/
sancho,instagram,Jadon Sancho,https://cdn.horizm.com/clubs/4303_649bd989f1cf1,10126223,1,0.0045,45115,Athlete,https://www.instagram.com/sancho
oficialrc3,instagram,Roberto Carlos,https://cdn.horizm.com/clubs/1392_6491cebf9d2f6,10083974,1,0.0031,31440,Athlete,https://www.instagram.com/oficialrc3/
jimmybutler,instagram,Jimmy Butler,https://cdn.horizm.com/clubs/5959_650be26f69652,10010268,21,0.0480,479998,Athlete,https://www.instagram.com/jimmybutler/
danielricciardo,instagram,Daniel Ricciardo,https://cdn.horizm.com/clubs/1287_6491cb85e30d9,9964159,3,0.0063,63129,Athlete,https://www.instagram.com/danielricciardo
damianlillard,instagram,Damian Lillard,https://cdn.horizm.com/clubs/3121_6491fb99717a0,9917300,12,0.0187,185925,Athlete,https://www.instagram.com/damianlillard/
rebecarandrade,instagram,Rebeca Andrade,https://cdn.horizm.com/clubs/e1af2f1c1625f064ce6b41e266f8694c4e81c253.jpg,9907058,9,0.0034,33386,Athlete,https://www.instagram.com/rebecarandrade/
camavinga,tiktok,Eduardo Camavinga,https://cdn.horizm.com/clubs/1583_6491d3debb142,9757133,2,0.0028,27693,Athlete,https://www.tiktok.com/@camavinga
ilkayguendogan,instagram,Ilkay Gündoğan,https://cdn.horizm.com/clubs/2257_6491e48137d7a,9655836,2,0.0049,47395,Athlete,https://www.instagram.com/ilkayguendogan/
jonnybones,instagram,Jon Jones,https://cdn.horizm.com/clubs/8863_67c03c2500042,9565260,17,0.0000,0,Athlete,https://www.instagram.com/jonnybones
alexmorgan13,instagram,Alex Morgan,https://cdn.horizm.com/clubs/1911_6491db1644359,9464722,6,0.0048,45755,Athlete,https://www.instagram.com/alexmorgan13/
jamorant,instagram,Ja Morant,https://cdn.horizm.com/clubs/4169_649bd6325b34f,9420592,1,0.0112,105251,Athlete,https://www.instagram.com/jamorant/
neeraj____chopra,instagram,Neeraj Chopra,https://cdn.horizm.com/clubs/3009_6491f8d0bf777,9381189,7,0.0225,211171,Athlete,https://www.instagram.com/neeraj____chopra/
falcao12oficial,instagram,Falcão 12,https://cdn.horizm.com/clubs/a5621330b1580adda85dd79c31edae9f946bd753.jpg,9375800,9,0.0081,76310,Athlete,https://www.instagram.com/falcao12oficial/
charlesdobronxs,instagram,Charles do Bronx,https://cdn.horizm.com/clubs/3371_6492028d1c283,9201192,25,0.0706,649812,Athlete,https://www.instagram.com/charlesdobronxs/
jesselingard,instagram,Jesse Lingard,https://cdn.horizm.com/clubs/2326_6491e64243b5d,9138901,11,0.0111,101754,Athlete,https://www.instagram.com/jesselingard
leroysane,instagram,Leroy Sané,https://cdn.horizm.com/clubs/205a4a650e1880d31e7986b319a5aa26b73d5417.jpg,9125101,1,0.0051,46516,Athlete,https://www.instagram.com/leroysane/
aurelientchm,instagram,Aurélien Tchouaméni,https://cdn.horizm.com/clubs/3608_64b6291b4ed42,9021577,5,0.0119,107595,Athlete,https://www.instagram.com/aurelientchm/
rodrygogoes,tiktok,Rodrygo,https://cdn.horizm.com/clubs/2345_64b6278eca899,9012742,1,0.0004,3712,Athlete,https://www.tiktok.com/@rodrygogoes
g10dearrascaeta,instagram,Giorgian de Arrascaeta,https://cdn.horizm.com/clubs/2813_6491f32ef0fab,8854564,4,0.0082,72650,Athlete,https://www.instagram.com/g10dearrascaeta/
ishankishan23,instagram,Ishan Kishan,https://cdn.horizm.com/clubs/2978_6491f7eacb1ef,8852008,7,0.0315,278796,Athlete,https://www.instagram.com/ishankishan23/
chetri_sunil11,instagram,Sunil Chhetri,https://cdn.horizm.com/clubs/5056_64bab02897487,8850464,5,0.0139,123020,Athlete,https://www.instagram.com/chetri_sunil11/
abhisheksharma_4,instagram,Abhishek Sharma,https://cdn.horizm.com/clubs/8070_664dcd6cd9a8a,8837104,7,0.0436,385233,Athlete,https://www.instagram.com/abhisheksharma_4
colepalmer10,instagram,Cole Palmer,https://cdn.horizm.com/clubs/68a06a423c8d34731deafbec26e9e1083704df8a.jpg,8784472,2,0.0172,151021,Athlete,https://www.instagram.com/colepalmer10/
stephencurry30,tiktok,Steph Curry,https://cdn.horizm.com/clubs/406_6491b0eec9a56,8780913,8,0.0048,42258,Athlete,https://www.tiktok.com/@stephencurry30
alissonbecker,instagram,Alisson Becker,https://cdn.horizm.com/clubs/1792_6491d6abed416,8747978,2,0.0065,56685,Athlete,https://www.instagram.com/alissonbecker/
nicolasotamendi30,instagram,Nicolas Otamendi,https://cdn.horizm.com/clubs/1886_6491da64bda5a,8698147,12,0.0124,107579,Athlete,https://www.instagram.com/nicolasotamendi30/
alemacallister,instagram,Alexis MaCallister,https://cdn.horizm.com/clubs/1882_64a276816326a,8642921,7,0.0105,90570,Athlete,https://www.instagram.com/alemacallister/
rayssalealsk8,instagram,Rayssa Leal,https://cdn.horizm.com/clubs/3367_6492026c089cd,8509202,3,0.0032,27316,Athlete,https://www.instagram.com/rayssalealsk8/
alphonsodavies,tiktok,Alphonso Davies,https://cdn.horizm.com/clubs/1763_6491d5d0836e7,8467612,1,0.0012,10013,Athlete,https://www.tiktok.com/@alphonsodavies
jackgrealish,instagram,Jack Grealish,https://cdn.horizm.com/clubs/1765_6491d5e2197c7,8437775,3,0.0068,57284,Athlete,https://www.instagram.com/jackgrealish/
carlitosalcarazz,instagram,Carlos Alcaraz,https://cdn.horizm.com/clubs/1299_6491cbee4b5ac,8409607,15,0.0721,606028,Athlete,https://www.instagram.com/carlitosalcarazz
schecoperez,instagram,Sergio Perez,https://cdn.horizm.com/clubs/1286_6491cb7c74da9,8358381,8,0.0594,496812,Athlete,https://www.instagram.com/schecoperez
marcmarquez93,instagram,Marc Marquez,https://cdn.horizm.com/clubs/1832_6491d9079e410,8312339,8,0.0261,216579,Athlete,https://www.instagram.com/marcmarquez93/
brie,instagram,Brie Bella,https://cdn.horizm.com/clubs/4136_649bd529d165c,8277292,17,0.0445,368095,Athlete,https://www.instagram.com/brie
romelulukaku,instagram,Romelu Lukaku,https://cdn.horizm.com/clubs/843c6e5371f2d61bf9e68ffa5274026171a202d0.jpg,8250993,5,0.0016,12992,Athlete,https://www.instagram.com/romelulukaku/
jpcancelo,instagram,Joao Cancelo,https://cdn.horizm.com/clubs/1787_64a276661a9a9,8236942,7,0.2239,1844017,Athlete,https://www.instagram.com/jpcancelo
virendersehwag,instagram,Virender Sehwag,https://cdn.horizm.com/clubs/3498_6492060fc4137,8236208,2,0.0031,25542,Athlete,https://www.instagram.com/virendersehwag/
marco_verratti92,instagram,Marco Verratti,https://cdn.horizm.com/clubs/6300_65313682c5b24,8216751,2,0.0006,4730,Athlete,https://www.instagram.com/marco_verratti92
georgerussell63,instagram,George Russell,https://cdn.horizm.com/clubs/1288_6491cb8e82cb3,8212438,3,0.0000,0,Athlete,https://www.instagram.com/georgerussell63
sergiroberto,instagram,Sergi Roberto,https://cdn.horizm.com/clubs/2404_6491e843d3c54,8177323,1,0.0005,3707,Athlete,https://www.instagram.com/sergiroberto/
denilsonshow,instagram,Denilson,https://cdn.horizm.com/clubs/3405_6492038fbc4b9,8158937,23,0.0293,239388,Athlete,https://www.instagram.com/denilsonshow/
carmeloanthony,instagram,Carmelo Anthony,https://cdn.horizm.com/clubs/3450_64920492a79d1,8103565,6,0.0064,51689,Athlete,https://www.instagram.com/carmeloanthony/
_pedro17_,instagram,Pedro Rodriguez Ledesma,https://cdn.horizm.com/clubs/6584_65312bcbd6333,8075508,4,0.0026,21294,Athlete,https://www.instagram.com/_pedro17_
alexpoatanpereira,instagram,Alex Pereira,https://cdn.horizm.com/clubs/8864_67c03c2c3bc43,7957979,20,0.0000,0,Athlete,https://www.instagram.com/alexpoatanpereira
fernandoalo_oficial,instagram,Fernando Alonso,https://cdn.horizm.com/clubs/1277_6491cb30c6f46,7949383,7,0.0102,81176,Athlete,https://www.instagram.com/fernandoalo_oficial
livvy,tiktok,Olivia Dunne,https://cdn.horizm.com/clubs/4155_649bd5c4a6517,7888076,11,0.0557,439664,Athlete,https://www.tiktok.com/@livvy
killatrav,instagram,Travis Kelce,https://cdn.horizm.com/clubs/6129_650c061311645,7845163,3,0.0280,219321,Athlete,https://www.instagram.com/killatrav
tripleh,instagram,"Paul ""Triple H"" Levesque",https://cdn.horizm.com/clubs/6776_6565b8e1d0ce1,7822168,35,0.1427,1116422,Athlete,https://www.instagram.com/tripleh
bukayosaka87,instagram,Bukayo Saka,https://cdn.horizm.com/clubs/1769_6491d603189da,7741446,3,0.2166,1676729,Athlete,https://www.instagram.com/bukayosaka87/
jamesdrodriguez,tiktok,James Rodriguez,https://cdn.horizm.com/clubs/400_6491b09f8cf8b,7734246,4,0.0018,13773,Athlete,https://www.tiktok.com/@jamesdrodriguez
mariogotze,instagram,Mario Götze,https://cdn.horizm.com/clubs/4865_64baae403939d,7722205,1,0.0003,2430,Athlete,https://www.instagram.com/mariogotze/
luisdiaz19_,instagram,Luis Diaz,https://cdn.horizm.com/clubs/2823_6491f37b4f4bc,7657093,7,0.0254,194192,Athlete,https://www.instagram.com/luisdiaz19_/
cmpulisic,instagram,Christian Pulisic,https://cdn.horizm.com/clubs/ffb097a67c6acd47714c9f9cb419a1942d30347b.jpg,7654556,2,0.0058,44364,Athlete,https://www.instagram.com/cmpulisic/
diego.costa,instagram,Diego Costa,https://cdn.horizm.com/clubs/2354_6491e70c3ddfd,7578086,1,0.0016,12390,Athlete,https://www.instagram.com/diego.costa/
davidbeckham,tiktok,David Beckham,https://cdn.horizm.com/clubs/050236fc0aff5a4845035d50cf640053e582c104.jpg,7526969,3,0.0033,24632,Athlete,https://www.tiktok.com/@davidbeckham
randyorton,instagram,Randy Orton,https://cdn.horizm.com/clubs/6777_6565b8e3eabde,7507247,11,0.0863,648059,Athlete,https://www.instagram.com/randyorton
pedroguilherme,instagram,Pedro Guilherme,https://cdn.horizm.com/clubs/2804_6491f2ea3f36f,7507032,3,0.0075,56110,Athlete,https://www.instagram.com/pedroguilherme/
pedri,tiktok,Pedri,https://cdn.horizm.com/clubs/1547_6491d301303de,7484010,1,0.0035,26055,Athlete,https://www.tiktok.com/@pedri
alejandrobalde,instagram,Alejandro Balde,https://cdn.horizm.com/clubs/67f98fa0c2e2aa8023ad9af62bf6ca7e0c202a8b.jpeg,7326429,4,0.0183,134070,Athlete,https://www.instagram.com/alejandrobalde/
jaytatum0,instagram,Jayson Tatum,https://cdn.horizm.com/clubs/3139_6491fbcd0b722,7288763,1,0.0077,56170,Athlete,https://www.instagram.com/jaytatum0/
bounouyassine_bono,instagram,Yassine Bounou,https://cdn.horizm.com/clubs/1871_64a2767c0231b,7249234,5,0.1017,737231,Athlete,https://www.instagram.com/bounouyassine_bono/
pedroscooby,instagram,Pedro Scooby,https://cdn.horizm.com/clubs/3370_649202850d159,7218984,14,0.0698,503626,Athlete,https://www.instagram.com/pedroscooby
joelembiid,instagram,Joel Embiid,https://cdn.horizm.com/clubs/3115_6491fb6549804,7189983,5,0.0081,58489,Athlete,https://www.instagram.com/joelembiid/
jamalmusiala10,instagram,Jamal Musiala,https://cdn.horizm.com/clubs/1775_6491d63463c4d,7174331,7,0.0290,207770,Athlete,https://www.instagram.com/jamalmusiala10/
odegaard.98,instagram,Martin Odegaard,https://cdn.horizm.com/clubs/2247_64a2769cf30c1,7169818,1,0.0048,34165,Athlete,https://www.instagram.com/odegaard.98/
iamrafaeleao93,instagram,Rafael Leao,https://cdn.horizm.com/clubs/1795_6491d6c5c2dbc,7164067,4,0.0135,96410,Athlete,https://www.instagram.com/iamrafaeleao93
wojciech.szczesny1,instagram,Wojciech Szczesny,https://cdn.horizm.com/clubs/1875_6491da17b6555,7134612,5,0.0367,262020,Athlete,https://www.instagram.com/wojciech.szczesny1/
victorosimhen9,instagram,Victor Osimhen,https://cdn.horizm.com/clubs/3431_64920411f31f6,7112818,6,0.0350,249274,Athlete,https://www.instagram.com/victorosimhen9/
steveaustinbsr,instagram,Stone Cold Steve Austin,https://cdn.horizm.com/clubs/6778_6565b8e5ee50d,7093398,24,0.0400,283965,Athlete,https://www.instagram.com/steveaustinbsr
marquinhosm5,instagram,Marquinhos,https://cdn.horizm.com/clubs/2347_6491e6e21f2fc,7086689,1,0.0102,72174,Athlete,https://www.instagram.com/marquinhosm5/
arbeloa,instagram,Alvaro Arbeloa,https://cdn.horizm.com/clubs/1403_6491cf14ef908,7072539,2,0.0012,8530,Athlete,https://www.instagram.com/arbeloa/
lisandromartinezzz,instagram,Lisandro Martinez,https://cdn.horizm.com/clubs/2276_6491e4f71fbb3,6998626,6,0.0337,235968,Athlete,https://www.instagram.com/lisandromartinezzz/
ferrantorres,instagram,Ferran Torres,https://cdn.horizm.com/clubs/2331_6491e66ca768f,6923151,8,0.0288,199440,Athlete,https://www.instagram.com/ferrantorres
jeremylynchofficial,instagram,Jeremy Lynch,https://cdn.horizm.com/clubs/c256bc6c86912b990a168f12fd76fe1b513e5f6b.jpg,6785487,29,0.2699,1831075,Athlete,https://www.instagram.com/jeremylynchofficial/
gypsyking101,instagram,Tyson Fury,https://cdn.horizm.com/clubs/413_6491b14659b41,6732866,69,0.1858,1250806,Athlete,https://www.instagram.com/tysonfury/
rioferdy5,instagram,Rio Ferdinand,https://cdn.horizm.com/clubs/2796_6491f2a86a403,6714460,12,0.1585,1064314,Athlete,https://www.instagram.com/rioferdy5/
iampauloandre,instagram,Paulo André,https://cdn.horizm.com/clubs/3368_6492027493472,6698288,12,0.0106,71175,Athlete,https://www.instagram.com/iampauloandre/
donnarumma,instagram,Gianluigi Donnarumma,https://cdn.horizm.com/clubs/6292_65313680b9a72,6616076,5,0.0168,111389,Athlete,https://www.instagram.com/donnarumma/
patrickmahomes,instagram,Patrick Mahomes,https://cdn.horizm.com/clubs/3137_6491fbbc1effc,6571133,4,0.0355,233108,Athlete,https://www.instagram.com/patrickmahomes/
5sergiob,instagram,Sergio Busquets,https://cdn.horizm.com/clubs/2329_6491e65ba8e08,6553924,1,0.0012,7805,Athlete,https://www.instagram.com/5sergiob
johncena,tiktok,John Cena,https://cdn.horizm.com/clubs/6773_6565b8d81a1b1,6516410,2,0.0012,7674,Athlete,https://www.tiktok.com/@johncena
canelo,tiktok,Canelo Alvarez,https://cdn.horizm.com/clubs/4160_649bd5ee279c7,6498485,1,0.0013,8163,Athlete,https://tiktok.com/@canelo
diegoribas10,instagram,Diego Ribas,https://cdn.horizm.com/clubs/3825_64920d67f109b,6445231,23,0.0206,132968,Athlete,https://www.instagram.com/diegoribas10/
babarazam,instagram,Babar Azam,https://cdn.horizm.com/clubs/1556_6491d32b266ac,6420034,1,0.0022,14345,Athlete,https://www.instagram.com/babarazam/
jrayssaleal,tiktok,Rayssa Leal,https://cdn.horizm.com/clubs/3367_6492026c089cd,6418117,16,0.0076,48823,Athlete,https://www.tiktok.com/@jrayssaleal
ch14_,instagram,Javier Hernández,https://cdn.horizm.com/clubs/5839_650be189d0674,6389489,8,0.0203,129907,Athlete,https://www.instagram.com/ch14_/
oscarpiastri,instagram,Oscar Piastri,https://cdn.horizm.com/clubs/3458_649204d638e83,6143365,4,0.0622,381941,Athlete,https://www.instagram.com/oscarpiastri/
manuelneuer,tiktok,Manuel Neuer,https://cdn.horizm.com/clubs/1777_6491d63c99933,6116684,2,0.0004,2723,Athlete,https://www.tiktok.com/@manuelneuer
stewel92,instagram,Stephan El Shaarawy,https://cdn.horizm.com/clubs/6558_65312b29b66ba,6063636,3,0.0029,17722,Athlete,https://www.instagram.com/stewel92/
pierregasly,instagram,Pierre Gasly,https://cdn.horizm.com/clubs/1279_6491cb42600cf,6058093,12,0.0713,432214,Athlete,https://www.instagram.com/pierregasly
kaihavertz29,instagram,Kai Havertz,https://cdn.horizm.com/clubs/2255_6491e47088d0c,6043362,2,0.0092,55470,Athlete,https://www.instagram.com/kaihavertz29/
d_ospina1,instagram,David Ospina,https://cdn.horizm.com/clubs/2822_6491f372cae3b,6035672,2,0.0009,5197,Athlete,https://www.instagram.com/d_ospina1/
jkeey4,instagram,Jules Kounde,https://cdn.horizm.com/clubs/2400_6491e82a82f7c,5990426,5,0.0211,126639,Athlete,https://www.instagram.com/jkeey4/
natalieevamarie,instagram,Natalie Eva Marie,https://cdn.horizm.com/clubs/4139_649bd542cfc53,5985195,16,0.0046,27545,Athlete,https://www.instagram.com/natalieevamarie/
saraya,instagram,Saraya-Jade Bevis,https://cdn.horizm.com/clubs/4138_649bd53b27733,5947579,8,0.0138,82259,Athlete,https://www.instagram.com/saraya/
antourny,tiktok,Antony,https://cdn.horizm.com/clubs/2269_6491e4c39f511,5905026,3,0.0407,240473,Athlete,https://www.tiktok.com/@antourny
martial_9,instagram,Anthony Martial,https://cdn.horizm.com/clubs/2270_6491e4cc49751,5890343,1,0.0018,10421,Athlete,https://www.instagram.com/martial_9/
natbynature,instagram,Natalya Neidhart,https://cdn.horizm.com/clubs/4140_649bd54b5fa80,5827054,29,0.0439,255640,Athlete,https://www.instagram.com/natbynature/
declanrice,instagram,Declan Rice,https://cdn.horizm.com/clubs/2323_6491e628afcc6,5814160,3,0.0530,307967,Athlete,https://www.instagram.com/declanrice
arturovidal1987,tiktok,Arturo Vidal,https://cdn.horizm.com/clubs/2825_6491f38409dc4,5812580,3,0.0010,5727,Athlete,https://www.tiktok.com/@arturovidal1987
irfanpathan_official,instagram,Irfan Pathan,https://cdn.horizm.com/clubs/6881_6565b98215887,5775958,19,0.0268,154948,Athlete,https://www.instagram.com/irfanpathan_official/
davebautista,instagram,Dave Bautista,https://cdn.horizm.com/clubs/6783_6565a85591a04,5747771,19,0.0488,280701,Athlete,https://www.instagram.com/davebautista
masonmount,instagram,Mason Mount,https://cdn.horizm.com/clubs/2327_6491e64abcdb5,5705966,2,0.0080,45496,Athlete,https://www.instagram.com/masonmount
ederson93,instagram,Ederson Moraes,https://cdn.horizm.com/clubs/1791_6491d6a370e1e,5682907,3,0.0460,261523,Athlete,https://www.instagram.com/ederson93/
harrymaguire93,instagram,Harry Maguire,https://cdn.horizm.com/clubs/1767_6491d5f265a18,5654742,8,0.0856,483876,Athlete,https://www.instagram.com/harrymaguire93/
simonebilesowens,tiktok,Simone Biles,https://cdn.horizm.com/clubs/4137_649bd5329006b,5574361,11,0.1147,639429,Athlete,https://www.tiktok.com/@simonebilesowens
alphonsodavies,instagram,Alphonso Davies,https://cdn.horizm.com/clubs/1763_6491d5d0836e7,5556061,1,0.0028,15770,Athlete,https://www.instagram.com/alphonsodavies/
francescototti,instagram,Francesco Totti,https://cdn.horizm.com/clubs/4776_64baacf22da0e,5555276,2,0.0019,10713,Athlete,https://www.instagram.com/francescototti/
valtteribottas,instagram,Valtteri Bottas,https://cdn.horizm.com/clubs/1278_6491cb39a75fe,5549099,33,0.1663,922914,Athlete,https://www.instagram.com/valtteribottas
dangerusswilson,instagram,Russell Wilson,https://cdn.horizm.com/clubs/6602_65312c5ace9d3,5547493,5,0.0472,261791,Athlete,https://www.instagram.com/dangerusswilson
beckylynchwwe,instagram,Becky Lynch,https://cdn.horizm.com/clubs/6779_6565a831e4d13,5536273,39,0.0723,400468,Athlete,https://www.instagram.com/beckylynchwwe
dbook,instagram,Devin Booker,https://cdn.horizm.com/clubs/3454_649204b40004c,5535782,2,0.0217,119980,Athlete,https://www.instagram.com/dbook/
ajinkyarahane,instagram,Ajinkya Rahane,https://cdn.horizm.com/clubs/8089_664dcd983ae8d,5463351,4,0.0018,10022,Athlete,https://www.instagram.com/ajinkyarahane
nicolas_williams9,instagram,Nico Williams,https://cdn.horizm.com/clubs/3440_6492044597fc5,5463012,1,0.0013,6940,Athlete,https://www.instagram.com/nicolas_williams9/
ds17_fg,instagram,Dennis Schröder,https://cdn.horizm.com/clubs/7825_66ec2ad550c3b,5432603,4,0.0040,21484,Athlete,https://www.instagram.com/ds17_fg
ilonamaher,instagram,Ilona Maher,https://cdn.horizm.com/clubs/8681_66ec303986493,5428017,28,0.1226,665653,Athlete,https://www.instagram.com/ilonamaher/
alicasmd,instagram,Alica Schmidt,https://cdn.horizm.com/clubs/5911_650be21406a8b,5426998,8,0.0347,188130,Athlete,https://www.instagram.com/alicasmd/
eddiehallwsm,instagram,Eddie Hall,https://cdn.horizm.com/clubs/6804_6565b908cfd1e,5425469,18,0.1856,1006700,Athlete,https://www.instagram.com/eddiehallwsm/
lucasmoura7,instagram,Lucas Moura,https://cdn.horizm.com/clubs/6223_650be49dbc8c5,5412185,8,0.0093,50087,Athlete,https://www.instagram.com/lucasmoura7/
kylewalker2,instagram,Kyle Walker,https://cdn.horizm.com/clubs/1864_6491d9e4253ea,5392339,4,0.0062,33536,Athlete,https://www.instagram.com/kylewalker2/
spiderandersonsilva,instagram,Anderson Silva,https://cdn.horizm.com/clubs/3372_64920295ac8e9,5359116,14,0.0800,428958,Athlete,https://www.instagram.com/spiderandersonsilva/
rashwin99,instagram,Ravichandran Ashwin,https://cdn.horizm.com/clubs/2982_6491f80cc9470,5347952,8,0.0682,364964,Athlete,https://www.instagram.com/rashwin99/
mateokovacic8,instagram,Mateo Kovacic,https://cdn.horizm.com/clubs/6206_650be476e70b5,5341767,2,0.0028,14897,Athlete,https://www.instagram.com/mateokovacic8/
muslera,instagram,Fernando Muslera,https://cdn.horizm.com/clubs/2814_6491f3373f35d,5340464,3,0.0073,39103,Athlete,https://www.instagram.com/muslera/
livvydunne,instagram,Olivia Dunne,https://cdn.horizm.com/clubs/4155_649bd5c4a6517,5325355,2,0.0169,89984,Athlete,https://www.instagram.com/livvydunne/
undertaker,instagram,The Undertaker Mark Calaway,https://cdn.horizm.com/clubs/6781_6565b8e8864e6,5319912,16,0.0739,393171,Athlete,https://www.instagram.com/undertaker
papugomez_official,instagram,Papu Gomez,https://cdn.horizm.com/clubs/cc4529da556b4c30d55614f4215edcea9fb77989.jpg,5279898,4,0.0016,8678,Athlete,https://www.instagram.com/papugomez_official/
luis__figo,instagram,Luis Figo,https://cdn.horizm.com/clubs/1391_6491ceb6ef7dd,5269027,4,0.0043,22436,Athlete,https://www.instagram.com/luis__figo/
kvara7,instagram,Khvicha Kvaratskhelia,https://cdn.horizm.com/clubs/9af359d39f01df51c06a17f24c94a71cb2dfa7ec.jpg,5258936,21,0.0068,35630,Athlete,https://www.instagram.com/kvara7/
nyjah,instagram,Nyjah Huston,https://cdn.horizm.com/clubs/4174_649bd65c80453,5223704,7,0.0612,319701,Athlete,https://www.instagram.com/nyjah/
tilakvarma9,instagram,Tilak Varma,https://cdn.horizm.com/clubs/7709_65faf11d63620,5210184,8,0.0373,194261,Athlete,https://www.instagram.com/tilakvarma9/
lia.lewis,tiktok,Lia Lewis Gribius,https://cdn.horizm.com/clubs/b5a7640d504a8917d553fa2986f033f32e8806e3.jpg,5199931,10,0.0275,143141,Athlete,https://www.tiktok.com/@lia.lewis
janniksin,instagram,Jannik Sinner,https://cdn.horizm.com/clubs/1303_6491cc11eeb25,5189066,16,0.1495,775764,Athlete,https://www.instagram.com/janniksin
tommyfury,instagram,Tommy Fury,https://cdn.horizm.com/clubs/4770_64baacdb53740,5172694,2,0.0153,78974,Athlete,https://www.instagram.com/tommyfury/
ruutu.131,instagram,Ruturaj Gaikwad,https://cdn.horizm.com/clubs/2946_6491f6ebb789b,5162082,1,0.0009,4824,Athlete,https://www.instagram.com/ruutu.131
yashasvijaiswal28,instagram,Yashasvi Jaiswal,https://cdn.horizm.com/clubs/4355_649bdadfd5697,5156510,10,0.0279,143779,Athlete,https://www.instagram.com/yashasvijaiswal28/
sofyanamrabat,instagram,Sofyan Amrabat,https://cdn.horizm.com/clubs/d224c48b52399d351063aa5fe5a29c5692f2fff5.jpg,5139687,3,0.0139,71543,Athlete,https://www.instagram.com/sofyanamrabat/
aussenrist15,instagram,Mats Hummels,https://cdn.horizm.com/clubs/1445_6491d017062f7,5123012,1,0.0012,6094,Athlete,https://www.instagram.com/aussenrist15/
theanthonyedwards_,instagram,Anthony Edwards,https://cdn.horizm.com/clubs/3718_64920ac2708f9,5120370,6,0.0358,183257,Athlete,https://www.instagram.com/theanthonyedwards_/
hakancalhanoglu,instagram,Hakan Calhanoglu,https://cdn.horizm.com/clubs/4903_64baae9eb70db,5114655,5,0.0140,71635,Athlete,https://www.instagram.com/hakancalhanoglu/
cutiromero2,instagram,Cristian Romero,https://cdn.horizm.com/clubs/2287_6491e53b2b444,5109106,11,0.0403,205741,Athlete,https://www.instagram.com/cutiromero2/
fedexchiesa,instagram,Federico Chiesa,https://cdn.horizm.com/clubs/4904_64baaea157ad2,5083384,1,0.0039,19872,Athlete,https://www.instagram.com/fedexchiesa/
evertonri,instagram,Everton Ribeiro,https://cdn.horizm.com/clubs/2348_6491e6eaa6ace,5083120,10,0.0080,40683,Athlete,https://www.instagram.com/evertonri/
danifuli10,instagram,Dani Ceballos,https://cdn.horizm.com/clubs/2394_64b6293115c2c,5075617,1,0.0056,28435,Athlete,https://www.instagram.com/danifuli10/
josemourinho,instagram,Jose Mourinho,https://cdn.horizm.com/clubs/1799_64a2766c70964,5034920,1,0.0073,36758,Athlete,https://www.instagram.com/josemourinho/
gronk,instagram,Rob Gronkowski,https://cdn.horizm.com/clubs/3456_649204c572ea9,5006624,5,0.1180,590982,Athlete,https://www.instagram.com/gronk/
wwerollins,instagram,Seth Rollins,https://cdn.horizm.com/clubs/6784_6565b8ec40f21,4975834,32,0.1235,614414,Athlete,https://www.instagram.com/wwerollins/
traeyoung,instagram,Trae Young,https://cdn.horizm.com/clubs/3516_649206a11e909,4973232,8,0.0367,182431,Athlete,https://www.instagram.com/traeyoung/
tombrady,tiktok,Tom Brady,https://cdn.horizm.com/clubs/409_6491b11395520,4970176,1,0.0016,8140,Athlete,https://www.tiktok.com/@tombrady
fafdup,instagram,Faf du Plessis,https://cdn.horizm.com/clubs/2959_6491f7566eb63,4951753,5,0.0023,11188,Athlete,https://www.instagram.com/fafdup/
619iamlucha,instagram,Rey Mysterio,https://cdn.horizm.com/clubs/6785_6565b8ee96bd1,4949327,7,0.0209,103615,Athlete,https://www.instagram.com/619iamlucha
draxlerofficial,instagram,Julian Draxler,https://cdn.horizm.com/clubs/6302_65313686e45fe,4941365,1,0.0002,872,Athlete,https://www.instagram.com/draxlerofficial/
rinkukumar12,instagram,Rinku Singh,https://cdn.horizm.com/clubs/4356_649bdae74e471,4933462,9,0.0359,177171,Athlete,https://www.instagram.com/rinkukumar12/
esmuellert,tiktok,Thomas Müller,https://cdn.horizm.com/clubs/4791_64baad117729c,4909236,10,0.0181,89055,Athlete,https://www.tiktok.com/@esmuellert
jorginhofrello,instagram,Jorginho,https://cdn.horizm.com/clubs/2262_64a276a369f6a,4908930,5,0.0207,101575,Athlete,https://www.instagram.com/jorginhofrello/
estevaowilian_,instagram,Estevao Willian,https://cdn.horizm.com/clubs/8943_686b9305a3303,4900949,6,0.0343,167892,Athlete,https://www.instagram.com/estevaowilian_/
davidwarner31,tiktok,David Warner,https://cdn.horizm.com/clubs/1553_6491d31286f5d,4879310,1,0.0065,31546,Athlete,https://www.tiktok.com/@davidwarner31
_arshdeep.singh__,instagram,Arshdeep Singh,https://cdn.horizm.com/clubs/4358_649bdaf83064b,4851097,6,0.0857,415800,Athlete,https://www.instagram.com/_arshdeep.singh__/
flowirtz,instagram,Florian Wirtz,https://cdn.horizm.com/clubs/300acdfaddf71b2715a153156e619c0dbe52fab1.jpg,4846061,6,0.0468,226759,Athlete,https://www.instagram.com/flowirtz
finnbalor,instagram,Finn Balor,https://cdn.horizm.com/clubs/6782_6565b8ea23c36,4839232,49,0.1856,898306,Athlete,https://www.instagram.com/finnbalor/
alexoxchamberlain,instagram,Alex Oxlade-Chamberlain,https://cdn.horizm.com/clubs/2290_6491e55426147,4837817,1,0.0222,107317,Athlete,https://www.instagram.com/alexoxchamberlain
marselinoferdinan10,instagram,Marselino FERDINAN,https://cdn.horizm.com/clubs/3809_64920d3d6951c,4835279,1,0.0022,10581,Athlete,https://www.instagram.com/marselinoferdinan10/
shai,instagram,Shai Gilgeous-Alexander,https://cdn.horizm.com/clubs/3706_64920a5d3002d,4809480,2,0.0273,131382,Athlete,https://www.instagram.com/shai/
mariasharapova,instagram,Maria Sharapova,https://cdn.horizm.com/clubs/3495_649205f6aa069,4769210,3,0.0069,32894,Athlete,https://www.instagram.com/mariasharapova/
hulkparaiba,instagram,Hulk,https://cdn.horizm.com/clubs/a1a1487e351d265ddb05a68b5915b8f36fb89fb8.jpg,4762283,9,0.0201,95569,Athlete,https://www.instagram.com/hulkparaiba
theo3hernandez,instagram,Theo Hernandez,https://cdn.horizm.com/clubs/3617_6492093b3879f,4752665,1,0.0049,23464,Athlete,https://www.instagram.com/theo3hernandez/
rivaldo,instagram,Rivaldo,https://cdn.horizm.com/clubs/3832_64920da3814fe,4736151,4,0.0024,11178,Athlete,https://www.instagram.com/rivaldo/
darwin_n9,instagram,Darwin Núñez,https://cdn.horizm.com/clubs/1794_6491d6bd36701,4723681,7,0.0052,24363,Athlete,https://www.instagram.com/darwin_n9/
andreaspereira,instagram,Andreas Pereira,https://cdn.horizm.com/clubs/2298_6491e5870dee2,4703394,7,0.0261,122985,Athlete,https://www.instagram.com/andreaspereira
nataliaguitler,tiktok,Natalia Guitler,https://cdn.horizm.com/clubs/3490_649205cce511b,4700989,3,0.0002,1153,Athlete,https://www.tiktok.com/@nataliaguitler
chriseriksen8,instagram,Christian Eriksen,https://cdn.horizm.com/clubs/1764_6491d5d923c48,4679789,4,0.0065,30185,Athlete,https://www.instagram.com/chriseriksen8/
szoboszlaidominik,instagram,Dominik Szoboszlai,https://cdn.horizm.com/clubs/4862_64baae384adb9,4664855,4,0.0617,287613,Athlete,https://www.instagram.com/szoboszlaidominik
kimpembe3,instagram,Presnel Kimpembe,https://cdn.horizm.com/clubs/6296_653124017eb1c,4657681,1,0.0017,8016,Athlete,https://www.instagram.com/kimpembe3/
charlesleclerc,tiktok,Charles Leclerc,https://cdn.horizm.com/clubs/1282_6491cb5ba89a4,4651485,1,0.0223,103686,Athlete,https://www.tiktok.com/@charlesleclerc
kuldeep_18,instagram,Kuldeep Yadav,https://cdn.horizm.com/clubs/c3e72a5f0c484c76eb6c9ca64fb51209c2d59c89.jpg,4628107,4,0.0035,16207,Athlete,https://www.instagram.com/kuldeep_18/
kuz,instagram,Kyle Kuzma,https://cdn.horizm.com/clubs/3515_649206980fb05,4590083,5,0.0295,135518,Athlete,https://www.instagram.com/kuz/
romariofaria,instagram,Romario,https://cdn.horizm.com/clubs/3827_64920d77ee54a,4579014,85,0.0661,302613,Athlete,https://www.instagram.com/romariofaria/
andyrobertson94,instagram,Andrew Robertson,https://cdn.horizm.com/clubs/2295_6491e5757e48f,4532628,1,0.0085,38444,Athlete,https://www.instagram.com/andyrobertson94
rahmanullah.gurbaz,instagram,Rahmanullah Gurbaz,https://cdn.horizm.com/clubs/9035_6853ebbe94e82,4525540,3,0.0261,118285,Athlete,https://www.instagram.com/rahmanullah.gurbaz/
karltowns,instagram,Karl-Anthony Towns,https://cdn.horizm.com/clubs/3519_649206baaf08d,4397457,9,0.0414,181972,Athlete,https://www.instagram.com/karltowns/
brysondechambeau,instagram,Bryson DeChamneau,https://cdn.horizm.com/clubs/4947_64baaf0cb4abc,4372584,2,0.0363,158522,Athlete,https://www.instagram.com/brysondechambeau/
johnwall,instagram,John Wall,https://cdn.horizm.com/clubs/3517_649206a9a5aed,4360465,18,0.0229,99776,Athlete,https://www.instagram.com/johnwall/
jjwatt,instagram,J.J. Watt,https://cdn.horizm.com/clubs/3771_64920c6f7b055,4347039,14,0.1176,511184,Athlete,https://www.instagram.com/jjwatt/
rubendias,instagram,Ruben Dias,https://cdn.horizm.com/clubs/1786_6491d68169d56,4331660,1,0.0037,16163,Athlete,https://www.instagram.com/rubendias/
vitinha,instagram,Vitinha,https://cdn.horizm.com/clubs/2218_6491e37a41127,4296473,3,0.0164,70617,Athlete,https://www.instagram.com/vitinha/
lunin_andrey,instagram,Andriy Lunin,https://cdn.horizm.com/clubs/6372_653125edc4a7e,4292622,1,0.0058,24977,Athlete,https://www.instagram.com/lunin_andrey/
harrykane,tiktok,Harry Kane,https://cdn.horizm.com/clubs/1766_6491d5eab8a52,4271173,2,0.0023,9893,Athlete,https://www.tiktok.com/@harrykane
tagliafico3,instagram,Nicolas Tagliafico,https://cdn.horizm.com/clubs/1847_6491d9874f6c2,4235716,4,0.0052,22142,Athlete,https://www.instagram.com/tagliafico3/
yurialberto,instagram,Yuri Alberto,https://cdn.horizm.com/clubs/6013_650c03fe3988d,4217129,3,0.0172,72415,Athlete,https://www.instagram.com/yurialberto/
mikethemiz,instagram,"Mike ""The Miz"" Mizanin",https://cdn.horizm.com/clubs/6786_6565b8f2a48e0,4210770,45,0.0979,412169,Athlete,https://www.instagram.com/mikethemiz/
k1ngkyrg1os,instagram,Nick Kyrgios,https://cdn.horizm.com/clubs/1305_6491cc235b859,4203868,15,0.0852,358006,Athlete,https://www.instagram.com/k1ngkyrg1os
jefferson_farfan_oficial,instagram,Jefferson Farfan,https://cdn.horizm.com/clubs/2830_6491f3af05428,4193772,10,0.0101,42372,Athlete,https://www.instagram.com/jefferson_farfan_oficial/
guerrero9,instagram,Paolo Guerrero,https://cdn.horizm.com/clubs/2831_6491f3b7b0363,4191081,3,0.0034,14393,Athlete,https://www.instagram.com/guerrero9/
yukitsunoda0511,instagram,Yuki Tsunoda,https://cdn.horizm.com/clubs/1292_6491cbb0e8f43,4135558,3,0.0378,156381,Athlete,https://www.instagram.com/yukitsunoda0511
romeobeckham,instagram,Romeo Beckham,https://cdn.horizm.com/clubs/83b658fd62a4adc3c400ca73f44749acac7d0427.jpg,4096567,7,0.0216,88598,Athlete,https://www.instagram.com/romeobeckham/
_paige.renee,instagram,Paige Spirinac,https://cdn.horizm.com/clubs/7046_6583e6a3980c7,4089574,1,0.0090,36793,Athlete,https://www.instagram.com/_paige.renee
jesselingard,tiktok,Jesse Lingard,https://cdn.horizm.com/clubs/2326_6491e64243b5d,4089316,1,0.0007,2776,Athlete,https://www.tiktok.com/@jesselingard
awbissaka,instagram,Aaron Wan-Bissaka,https://cdn.horizm.com/clubs/4311_649bd9c6c0f95,4087040,4,0.0047,19399,Athlete,https://www.instagram.com/awbissaka/
money23green,instagram,Draymond Green,https://cdn.horizm.com/clubs/3518_649206b2456dd,4062458,6,0.0058,23684,Athlete,https://www.instagram.com/money23green/
zico,instagram,Zico,https://cdn.horizm.com/clubs/3826_64920d6fab8f3,4061057,29,0.0118,47958,Athlete,https://www.instagram.com/zico/
18andrecarrillo,instagram,Andre Carillo,https://cdn.horizm.com/clubs/2834_6491f3d103d09,4047267,2,0.0014,5476,Athlete,https://www.instagram.com/18andrecarrillo/
asnawi_bhr,instagram,Asnawi MANGKUALAM,https://cdn.horizm.com/clubs/3811_64a2758ee02d4,4046072,5,0.0055,22095,Athlete,https://www.instagram.com/asnawi_bhr/
steve_smith49,instagram,Steve Smith,https://cdn.horizm.com/clubs/6238_65312267ed1c9,4041702,4,0.0404,163326,Athlete,https://www.instagram.com/steve_smith49/
dk00019,instagram,Dinesh Karthik,https://cdn.horizm.com/clubs/8091_664dcd9fb22ef,4036465,6,0.0147,59354,Athlete,https://www.instagram.com/dk00019/
dwighthoward,instagram,Dwight Howard,https://cdn.horizm.com/clubs/3525_649206eccd75a,4017756,6,0.0171,68885,Athlete,https://www.instagram.com/dwighthoward/
chalobah,instagram,Trevoh Chalobah,https://cdn.horizm.com/clubs/2264_6491e4a2182a8,4011736,5,0.0240,96126,Athlete,https://www.instagram.com/chalobah
fchwpo,instagram,Jaylen Brown,https://cdn.horizm.com/clubs/2481_6491ea132ceb0,3993513,7,0.0313,125006,Athlete,https://www.instagram.com/fchwpo/
ismaelbennacer,instagram,Ismaël Bennacer,https://cdn.horizm.com/clubs/4905_64baaea415ee9,3986242,1,0.0091,36420,Athlete,https://www.instagram.com/ismaelbennacer/
alexhonnold,instagram,Alex Honnold,,3962272,44,0.6135,2430966,Athlete,https://www.instagram.com/alexhonnold/
ilonamaher,tiktok,Ilona Maher,https://cdn.horizm.com/clubs/8681_66ec303986493,3955278,5,0.0430,170265,Athlete,https://www.tiktok.com/@ilonamaher
paigebueckers,tiktok,Paige Bueckers,https://cdn.horizm.com/clubs/4177_649bd674d035e,3954982,1,0.0611,241723,Athlete,https://www.tiktok.com/@paigebueckers
inigomartinez,instagram,Inigo Martinez,https://cdn.horizm.com/clubs/3434_64920423114a0,3944558,3,0.0084,33206,Athlete,https://www.instagram.com/inigomartinez/
pvsindhu1,instagram,PV Sindhu,https://cdn.horizm.com/clubs/3036_6491f99ca4f0a,3906853,7,0.0031,12296,Athlete,https://www.instagram.com/pvsindhu1/
spidadmitchell,instagram,Donovan Mitchell,https://cdn.horizm.com/clubs/3521_649206cad8575,3871220,5,0.0136,52811,Athlete,https://www.instagram.com/spidadmitchell/
cafu2,instagram,Cafu,https://cdn.horizm.com/clubs/3821_64920d56e7a54,3842681,33,0.0231,88709,Athlete,https://www.instagram.com/cafu2/
tomdaley,instagram,Thomas Daley,https://cdn.horizm.com/clubs/8583_66ec2f06a1874,3828784,3,0.0048,18388,Athlete,https://www.instagram.com/tomdaley
iamandrewhenderson,tiktok,Andrew Henderson,https://cdn.horizm.com/clubs/3669_649209fd8cede,3788052,12,0.0311,117929,Athlete,https://www.tiktok.com/@iamandrewhenderson
gmaxi_32,instagram,Glenn Maxwell,https://cdn.horizm.com/clubs/2957_6491f745836eb,3775932,17,0.0084,31572,Athlete,https://www.instagram.com/gmaxi_32/
rorymcilroy,instagram,Rory Mcllroy,https://cdn.horizm.com/clubs/1407_6491cf2671564,3724071,5,0.0181,67565,Athlete,https://www.instagram.com/rorymcilroy/
tigerwoods,instagram,Tiger Woods,https://cdn.horizm.com/clubs/8744_67c03b59d553e,3723550,4,0.0043,16104,Athlete,https://www.instagram.com/tigerwoods
hectorbellerin,instagram,Héctor Bellerín,https://cdn.horizm.com/clubs/4362_649bdb10d6fac,3717661,1,0.0014,5174,Athlete,https://www.instagram.com/hectorbellerin/
diogodalot,instagram,Diogo Dalot,https://cdn.horizm.com/clubs/2267_6491e4b274d03,3712985,4,0.0156,57815,Athlete,https://www.instagram.com/diogodalot/
realtristan13,instagram,Tristan Thompson,https://cdn.horizm.com/clubs/3520_649206c32531c,3710827,1,0.0005,1951,Athlete,https://www.instagram.com/realtristan13/
gabriel.martinelli,instagram,Gabriel Martinelli,https://cdn.horizm.com/clubs/2248_6491e43cea207,3699309,9,0.0459,169881,Athlete,https://www.instagram.com/gabriel.martinelli/
leticiabufoni,instagram,Letícia Buffoni,https://cdn.horizm.com/clubs/3369_6492027c6a8f1,3665804,4,0.0025,9089,Athlete,https://www.instagram.com/leticiabufoni
usykaa,instagram,Oleksandr Usyk,https://cdn.horizm.com/clubs/1802_6491d6f1354ab,3662719,17,0.1935,708819,Athlete,https://www.instagram.com/usykaa/
vitor_roque9,instagram,Vitor Roque,https://cdn.horizm.com/clubs/6025_650be2f48423b,3659655,14,0.0337,123440,Athlete,https://www.instagram.com/vitor_roque9/
dloading,instagram,D'Angelo Russel,https://cdn.horizm.com/clubs/3522_649206d38dae2,3659250,3,0.0023,8428,Athlete,https://www.instagram.com/dloading/
masonmount,tiktok,Mason Mount,https://cdn.horizm.com/clubs/2327_6491e64abcdb5,3655207,2,0.0021,7620,Athlete,https://www.tiktok.com/@masonmount
new_era8,instagram,Lamar Jackson,https://cdn.horizm.com/clubs/6608_65312c97e85a4,3604240,2,0.0330,119103,Athlete,https://www.instagram.com/new_era8
kobbie,instagram,Kobbie Mainoo,https://cdn.horizm.com/clubs/7081_6584079b9522f,3598447,1,0.0442,159200,Athlete,https://www.instagram.com/kobbie
nunomendes_5,instagram,Nuno Mendes,https://cdn.horizm.com/clubs/2357_6491e724c2101,3597260,4,0.0272,97813,Athlete,https://www.instagram.com/nunomendes_5/
scottmctominay,instagram,Scott McTominay,https://cdn.horizm.com/clubs/2278_6491e50865431,3590198,6,0.0542,194620,Athlete,https://www.instagram.com/scottmctominay/
gary_medel17,instagram,Gary Medel,https://cdn.horizm.com/clubs/2829_6491f3a687e99,3573783,1,0.0003,1213,Athlete,https://www.instagram.com/gary_medel17/
reece,instagram,Reece James,https://cdn.horizm.com/clubs/1439_6491cff480b3b,3553876,3,0.0307,108992,Athlete,https://www.instagram.com/reece
mickschumacher,instagram,Mick Schumacher,https://cdn.horizm.com/clubs/1290_6491cb9fd1c69,3547599,3,0.0052,18339,Athlete,https://www.instagram.com/mickschumacher
edermilitaoreal,tiktok,Eder Militao,https://cdn.horizm.com/clubs/97a002d50c06c68ef4f3f8639b707fa9ceb6386f.jpeg,3545120,1,0.0016,5550,Athlete,https://www.tiktok.com/@edermilitaoreal
sunisalee,instagram,Sunisa Lee,https://cdn.horizm.com/clubs/4157_649bd5d53dc99,3542891,1,0.0169,59944,Athlete,https://www.instagram.com/sunisalee/
alexdesouza,instagram,Alex,https://cdn.horizm.com/clubs/3831_64920d9aca72b,3538887,1,0.0019,6706,Athlete,https://www.instagram.com/alexdesouza/
ar12russell,instagram,Andre Russell,https://cdn.horizm.com/clubs/2970_6491f7ad6a48e,3538695,7,0.0079,27930,Athlete,https://www.instagram.com/ar12russell/
joaofelix79,tiktok,João Félix,https://cdn.horizm.com/clubs/1788_6491d68a0f94d,3530999,1,0.0034,11852,Athlete,https://www.tiktok.com/@joaofelix79
jamesmilnerofficial,instagram,James Milner,https://cdn.horizm.com/clubs/4335_649bda56ebaf3,3521509,3,0.0129,45484,Athlete,https://www.instagram.com/jamesmilnerofficial/
granitxhaka,instagram,Granit Xhaka,https://cdn.horizm.com/clubs/1a39918d14806c8fe4c56d17984a63561d537df4.jpg,3517201,12,0.0579,203487,Athlete,https://www.instagram.com/granitxhaka/
egymaulanavikri,instagram,Egy MAULANA VIKRI,https://cdn.horizm.com/clubs/3813_64920d45e277f,3503882,2,0.0049,17026,Athlete,https://www.instagram.com/egymaulanavikri/
theowalcott,instagram,Theo Walcott,https://cdn.horizm.com/clubs/4332_649bda4ea2abe,3503395,12,0.0201,70563,Athlete,https://www.instagram.com/theowalcott
yerrymina,instagram,Yerry Mina,https://cdn.horizm.com/clubs/2824_64a2773abc3af,3489504,5,0.0019,6526,Athlete,https://www.instagram.com/yerrymina/
kevinlove,instagram,Kevin Love,https://cdn.horizm.com/clubs/3523_649206dc28574,3488919,7,0.0324,113105,Athlete,https://www.instagram.com/kevinlove/
oliviergiroud,instagram,Olivier Giroud,https://cdn.horizm.com/clubs/1772_6491d61acd8ce,3466104,3,0.0067,23325,Athlete,https://www.instagram.com/oliviergiroud/
king,instagram,Kingsley Coman,https://cdn.horizm.com/clubs/93bb0a3677df9ba32726b26f609ee187c231091e.jpg,3463948,2,0.0069,23788,Athlete,https://www.instagram.com/king/
jeremydoku,instagram,Jeremy Doku,https://cdn.horizm.com/clubs/1850_6491d9a101f87,3462537,4,0.0254,88061,Athlete,https://www.instagram.com/jeremydoku/
josbuttler,instagram,Jos Buttler,https://cdn.horizm.com/clubs/1564_6491d3560fb45,3459998,3,0.0182,62974,Athlete,https://www.instagram.com/josbuttler/
fred08oficial,instagram,Fred,https://cdn.horizm.com/clubs/1852_6491d9a98bce1,3449105,3,0.0121,41641,Athlete,https://www.instagram.com/fred08oficial/
lindseyvonn,instagram,Lindsey Vonn,https://cdn.horizm.com/clubs/7869_6638a6ba4c126,3443111,33,0.3868,1331825,Athlete,https://www.instagram.com/lindseyvonn/
alexiaputellas,instagram,Alexia Putellas,https://cdn.horizm.com/clubs/1544_6491d2ef5a6f7,3338443,3,0.1179,393687,Athlete,https://www.instagram.com/alexiaputellas/
colepalmer10,tiktok,Cole Palmer,https://cdn.horizm.com/clubs/68a06a423c8d34731deafbec26e9e1083704df8a.jpg,3307929,1,0.0007,2381,Athlete,https://www.tiktok.com/@colepalmer10
imharmanpreet_kaur,instagram,Harmanpreet Kaur,https://cdn.horizm.com/clubs/2428_6491e8de0464c,3274674,18,0.8311,2721731,Athlete,https://www.instagram.com/imharmanpreet_kaur/
nelsonsemedo50,instagram,Nelson Semedo,https://cdn.horizm.com/clubs/2227_6491e3b5c43c7,3273623,1,0.0050,16343,Athlete,https://www.instagram.com/nelsonsemedo50/
falcao12oficial,tiktok,Falcão 12,https://cdn.horizm.com/clubs/a5621330b1580adda85dd79c31edae9f946bd753.jpg,3269959,1,0.0004,1401,Athlete,https://www.tiktok.com/@falcao12oficial
cunha,instagram,Matheus Cunha,https://cdn.horizm.com/clubs/2309_6491e5c307f72,3269876,5,0.1887,616917,Athlete,https://www.instagram.com/cunha
kane_s_w,instagram,Kane Williamson,https://cdn.horizm.com/clubs/1557_64a2765a5c9d3,3269747,1,0.0047,15351,Athlete,https://www.instagram.com/kane_s_w/
ibrahimakonate,instagram,Ibrahima Konate,https://cdn.horizm.com/clubs/1865_6491d9ec9c2a7,3268298,3,0.0710,232149,Athlete,https://www.instagram.com/ibrahimakonate/
youcefatal,instagram,Youcef Atal,https://cdn.horizm.com/clubs/6311_653124589d70f,3259110,4,0.0075,24338,Athlete,https://www.instagram.com/youcefatal/
akshar.patel,instagram,Axar Patel,https://cdn.horizm.com/clubs/2963_6491f76fc3034,3250413,4,0.0169,55094,Athlete,https://www.instagram.com/akshar.patel/
sofianeboufal_19,instagram,Sofiane Boufal,https://cdn.horizm.com/clubs/1873_6491da0687748,3248295,3,0.0132,42898,Athlete,https://www.instagram.com/sofianeboufal_19
paulinhop8,instagram,Paulinho (Meia),https://cdn.horizm.com/clubs/6027_650be2f9068c3,3198166,3,0.0015,4641,Athlete,https://www.instagram.com/paulinhop8/
10neto,instagram,Jose Ferreira Neto,https://cdn.horizm.com/clubs/3406_64920398a6736,3183375,16,0.0366,116378,Athlete,https://www.instagram.com/10neto/
zeroberto,instagram,Zé Roberto,https://cdn.horizm.com/clubs/3854_64920e1b37940,3182679,23,0.0373,118555,Athlete,https://www.instagram.com/zeroberto/
deol.harleen304,instagram,Harleen Deol,https://cdn.horizm.com/clubs/2940_6491f6da953d8,3151608,13,0.0790,248914,Athlete,https://www.instagram.com/deol.harleen304/
patcummins30,instagram,Pat Cummins,https://cdn.horizm.com/clubs/6237_6531225d4eef0,3114252,9,0.0198,61583,Athlete,https://www.instagram.com/patcummins30/
kipchogeeliud,instagram,Eliud Kipchoge,https://cdn.horizm.com/clubs/3619_6492094c45b27,3105114,7,0.0224,69456,Athlete,https://www.instagram.com/kipchogeeliud/
rrjjtt_01,instagram,Rajat Patidar,https://cdn.horizm.com/clubs/2958_6491f74de556f,3098798,1,0.0064,19716,Athlete,https://www.instagram.com/rrjjtt_01/
moises_caicedo55,instagram,Moisés Caicedo,https://cdn.horizm.com/clubs/4348_649bdabe6ada4,3097650,10,0.0928,287579,Athlete,https://www.instagram.com/moises_caicedo55/
landonorris,tiktok,Lando Norris,https://cdn.horizm.com/clubs/1284_6491cb6c1b1b6,3086707,1,0.0026,7993,Athlete,https://www.tiktok.com/@landonorris
emrecan23,instagram,Emre Can,https://cdn.horizm.com/clubs/2797_6491f2b0ef64d,3084441,4,0.0035,10790,Athlete,https://www.instagram.com/emrecan23/
frangarci11,instagram,Fran García,https://cdn.horizm.com/clubs/6369_653125d1911f0,3083049,6,0.0431,132839,Athlete,https://www.instagram.com/frangarci11/
tsimikas21,instagram,Kostas Tsimikas,https://cdn.horizm.com/clubs/1442_64a27652ee5d7,3064389,4,0.0088,27020,Athlete,https://www.instagram.com/tsimikas21/
mterstegen1,tiktok,Marc-André ter Stegen,https://cdn.horizm.com/clubs/2401_6491e83305673,3062753,8,0.0246,75380,Athlete,https://www.tiktok.com/@mterstegen1
paigebueckers,instagram,Paige Bueckers,https://cdn.horizm.com/clubs/4177_649bd674d035e,3043295,2,0.0409,124473,Athlete,https://www.instagram.com/paigebueckers/
tammyabraham,instagram,Tammy Abraham,https://cdn.horizm.com/clubs/4875_64baae5c95c5e,3033782,3,0.0515,156208,Athlete,https://www.instagram.com/tammyabraham/
italoferreira,instagram,Ítalo Ferreira,https://cdn.horizm.com/clubs/3377_649202b897fef,3022282,18,0.0499,150755,Athlete,https://www.instagram.com/italoferreira/
krunalpandya_official,instagram,Krunal Pandya,https://cdn.horizm.com/clubs/8076_664dcd7b86455,3019475,1,0.0095,28733,Athlete,https://www.instagram.com/krunalpandya_official
tonyfergusonxt,instagram,Tony Ferguson,https://cdn.horizm.com/clubs/8767_67c03bc6ee6ae,3018676,6,0.0263,79435,Athlete,https://www.instagram.com/tonyfergusonxt
lacazettealex,instagram,Alexandre Lacazette,https://cdn.horizm.com/clubs/6341_653124ff3432f,3018286,1,0.0005,1382,Athlete,https://www.instagram.com/lacazettealex/
ericgm3,instagram,Eric Garcia,https://cdn.horizm.com/clubs/2339_6491e6a789353,3012889,8,0.0495,149154,Athlete,https://www.instagram.com/ericgm3/
deepak_chahar9,instagram,Deepak Chahar,https://cdn.horizm.com/clubs/9073_6853ec640f4fb,3008457,2,0.0061,18234,Athlete,https://www.instagram.com/deepak_chahar9/
adamatrd37,instagram,Adama Traore,https://cdn.horizm.com/clubs/2242_6491e41ac2d60,2987975,1,0.0091,27120,Athlete,https://www.instagram.com/adamatrd37/
naomiosaka,instagram,Naomi Osaka,https://cdn.horizm.com/clubs/5049_64bab0153b600,2982797,7,0.0728,217053,Athlete,https://www.instagram.com/naomiosaka/
estebanocon,instagram,Esteban Ocon,https://cdn.horizm.com/clubs/1285_6491cb741240c,2974837,4,0.0916,272555,Athlete,https://www.instagram.com/estebanocon
kkoulibaly26,instagram,Kalidou Koulibaly,https://cdn.horizm.com/clubs/4354_649bdad783354,2964211,19,0.1594,472374,Athlete,https://www.instagram.com/kkoulibaly26/
nataliaguitler,instagram,Natalia Guitler,https://cdn.horizm.com/clubs/3490_649205cce511b,2953251,29,0.0526,155337,Athlete,https://www.instagram.com/nataliaguitler/
alextelles13,instagram,Alex Telles,https://cdn.horizm.com/clubs/2346_6491e6d99a784,2942353,19,0.0395,116148,Athlete,https://www.instagram.com/alextelles13/
sergegnabry,instagram,Serge Gnabry,https://cdn.horizm.com/clubs/4790_64baad0d0ef9b,2935600,3,0.0049,14492,Athlete,https://www.instagram.com/sergegnabry/
emmaraducanu,instagram,Emma Raducanu,https://cdn.horizm.com/clubs/1316_6491cc7b5cb9e,2928886,1,0.0135,39662,Athlete,https://www.instagram.com/emmaraducanu
peterdanyliv,tiktok,Peter Danyliv,https://cdn.horizm.com/clubs/c2c6138c634fb73851fff0acb23f0b31a793055b.jpeg,2917520,32,0.1944,567300,Athlete,https://www.tiktok.com/@peterdanyliv
ishaheenafridi10,instagram,Shaheen Shah Afridi,https://cdn.horizm.com/clubs/1572_6491d392c4823,2911432,1,0.0017,5044,Athlete,https://www.instagram.com/ishaheenafridi10/
robgronkowski,tiktok,Rob Gronkowski,https://cdn.horizm.com/clubs/3456_649204c572ea9,2907702,1,0.0038,10976,Athlete,https://www.tiktok.com/@robgronkowski
hulkhulkenberg,instagram,Nico Hulkenberg,https://cdn.horizm.com/clubs/1280_6491cb4b1bcf6,2905675,6,0.0690,200547,Athlete,https://www.instagram.com/hulkhulkenberg
jamalmusiala,tiktok,Jamal Musiala,https://cdn.horizm.com/clubs/1775_6491d63463c4d,2904321,1,0.0002,706,Athlete,https://www.tiktok.com/@jamalmusiala
marcmarquez93,tiktok,Marc Marquez,https://cdn.horizm.com/clubs/1832_6491d9079e410,2897318,6,0.1596,462449,Athlete,https://www.tiktok.com/@marcmarquez93
saulniguez,instagram,Saul Niguez,https://cdn.horizm.com/clubs/2368_6491e77113530,2894214,1,0.0092,26631,Athlete,https://www.instagram.com/saulniguez/
anamxrkovic,instagram,Ana Markovic,https://cdn.horizm.com/clubs/4180_649bd685220f4,2881438,10,0.0120,34697,Athlete,https://www.instagram.com/anamxrkovic/
hekitike,instagram,Hugo Ekitike,https://cdn.horizm.com/clubs/6304_6531242953ac1,2856753,3,0.0481,137267,Athlete,https://www.instagram.com/hekitike/
martavsilva10,instagram,Marta,https://cdn.horizm.com/clubs/1910_6491db0d5a19f,2840906,10,0.0327,92993,Athlete,https://www.instagram.com/martavsilva10/
lukadoncic,tiktok,Luka Doncic,https://cdn.horizm.com/clubs/3449_6492048a495e2,2824143,4,0.0126,35521,Athlete,https://www.tiktok.com/@lukadoncic
eddiehallwsm,tiktok,Eddie Hall,https://cdn.horizm.com/clubs/6804_6565b908cfd1e,2797175,19,0.0137,38294,Athlete,https://www.tiktok.com/@eddiehallwsm
edou_mendy,instagram,Edouard Mendy,https://cdn.horizm.com/clubs/6207_650be478b0461,2788328,12,0.1981,552245,Athlete,https://www.instagram.com/edou_mendy
fabinho,instagram,Fabinho,https://cdn.horizm.com/clubs/1798_6491d6d75dcdf,2765438,1,0.0061,16856,Athlete,https://www.instagram.com/fabinho/
c_nkunku,instagram,Christopher Nkunku,https://cdn.horizm.com/clubs/4781_64baacfb0d404,2753563,1,0.0017,4644,Athlete,https://www.instagram.com/c_nkunku/
luisnani,instagram,Nani,https://cdn.horizm.com/clubs/4775_64baacef98b2e,2749797,13,0.0821,225769,Athlete,https://www.instagram.com/luisnani/
inaseemshah,instagram,Naseem Shah,https://cdn.horizm.com/clubs/6270_653136654b646,2733608,5,0.0085,23306,Athlete,https://www.instagram.com/inaseemshah/
vaibhav_sooryavanshi09,instagram,Vaibhav Suryavanshi,https://cdn.horizm.com/clubs/9087_686b9d2bb8356,2730662,3,0.0719,196268,Athlete,https://www.instagram.com/vaibhav_sooryavanshi09/
serena,tiktok,Serena Williams,https://cdn.horizm.com/clubs/402_6491b0b9bc965,2723552,4,0.0029,7784,Athlete,https://www.tiktok.com/@serena
clix,instagram,"Cody ""Clix"" Conrad",https://cdn.horizm.com/clubs/8530_66ec2e87223c0,2721370,1,0.0036,9835,Athlete,https://www.instagram.com/clix
lucasdigne,instagram,Lucas Digne,https://cdn.horizm.com/clubs/2304_6491e5a961e39,2718337,24,0.1054,286473,Athlete,https://www.instagram.com/lucasdigne
alxsndro12,instagram,Alex Sandro,https://cdn.horizm.com/clubs/2351_64a276b56dcfb,2717109,3,0.0050,13539,Athlete,https://www.instagram.com/alxsndro12/
laporte,instagram,Aymeric Laporte,https://cdn.horizm.com/clubs/2334_6491e6858898e,2716613,1,0.0003,894,Athlete,https://www.instagram.com/laporte
nahuelmolina35,instagram,Nahuel Molina,https://cdn.horizm.com/clubs/2396_64a276c395d41,2713737,2,0.0039,10452,Athlete,https://www.instagram.com/nahuelmolina35/
joaogomes.01,instagram,João Gomes,https://cdn.horizm.com/clubs/4296_649bd95712f4f,2688257,6,0.0098,26373,Athlete,https://www.instagram.com/joaogomes.01/
shaki_b75,instagram,Shakib Al Hasan,https://cdn.horizm.com/clubs/1554_6491d31b113c4,2679540,5,0.0165,44118,Athlete,https://www.instagram.com/shaki_b75/
moise_kean,instagram,Moise Kean,https://cdn.horizm.com/clubs/6212_650be484678bf,2665573,4,0.0315,84010,Athlete,https://www.instagram.com/moise_kean
davidneres,instagram,David Neres,https://cdn.horizm.com/clubs/8de524b0964ea1aaf0bdf62d60f614a938ecd0e0.jpg,2661255,6,0.0240,63830,Athlete,https://www.instagram.com/davidneres/
bethanyhamilton,instagram,Bethany Hamilton,https://cdn.horizm.com/clubs/4152_649bd5aae878c,2651938,14,0.0398,105469,Athlete,https://www.instagram.com/bethanyhamilton/
micki_taryan,instagram,Henrikh Mkhitaryan,https://cdn.horizm.com/clubs/6548_65312ae465bfc,2636781,3,0.0053,13962,Athlete,https://www.instagram.com/micki_taryan
ellyseperry,instagram,Ellyse Perry,https://cdn.horizm.com/clubs/2423_6491e8bb69906,2622148,6,0.0377,98822,Athlete,https://www.instagram.com/ellyseperry/
tadejpogacar,instagram,Tadej Pogačar,https://cdn.horizm.com/clubs/5157_64d611194d488,2617345,7,0.1090,285185,Athlete,https://www.instagram.com/tadejpogacar
rasmus.hoejlund,instagram,Rasmus Højlund,https://cdn.horizm.com/clubs/4929_64baaedf6d817,2615259,11,0.0075,19564,Athlete,https://www.instagram.com/rasmus.hoejlund
anasboukami,tiktok,Anas Boukami,https://cdn.horizm.com/clubs/509028fb87263d8b3c9cd9844c12ce2366bf0a41.jpg,2610875,1,0.0000,21,Athlete,https://www.tiktok.com/@anasboukami
adrienrabiot_25,instagram,Adrien Rabiot,https://cdn.horizm.com/clubs/d709ca9d043bbd931425935d9893caa4bbc7d844.jpg,2603067,3,0.0039,10024,Athlete,https://www.instagram.com/adrienrabiot_25/
w.saliba4,instagram,William Saliba,https://cdn.horizm.com/clubs/2245_64a2769ad08be,2589974,2,0.0186,48053,Athlete,https://www.instagram.com/w.saliba4/
_beatrizsouzaar,instagram,Beatriz Souza,https://cdn.horizm.com/clubs/8627_67c082f99c9df,2576044,1,0.0004,991,Athlete,https://www.instagram.com/_beatrizsouzaar/
fabioquartararo20,instagram,Fabio Quartararo,https://cdn.horizm.com/clubs/1821_6491d8b30fc45,2564923,5,0.0351,90087,Athlete,https://www.instagram.com/fabioquartararo20/
youngy_18,instagram,Ashley Young,https://cdn.horizm.com/clubs/4347_649bdab62f4e2,2559262,1,0.0012,3045,Athlete,https://www.instagram.com/youngy_18/
raulalonsojimenez9,instagram,Raul Jimenez,https://cdn.horizm.com/clubs/1797_6491d6ce5d92b,2550134,10,0.0336,85790,Athlete,https://www.instagram.com/raulalonsojimenez9/
davidortiz,instagram,David Ortiz,https://cdn.horizm.com/clubs/3731_64920b3260530,2540575,4,0.0100,25493,Athlete,https://www.instagram.com/davidortiz/
washisundar555,instagram,Washington Sundar,https://cdn.horizm.com/clubs/7713_65faed0586eab,2528811,5,0.0133,33582,Athlete,https://www.instagram.com/washisundar555/
rayan_cherki,instagram,Rayan Cherki,https://cdn.horizm.com/clubs/6340_653124f5a442d,2527914,7,0.0922,233028,Athlete,https://www.instagram.com/rayan_cherki/
_gabrielmagalhaes,instagram,Gabriel Magalhães,https://cdn.horizm.com/clubs/2246_6491e43469f66,2518805,7,0.0652,164267,Athlete,https://www.instagram.com/_gabrielmagalhaes/
marcosalonso28,instagram,Marcos Alonso,https://cdn.horizm.com/clubs/2402_6491e83bafc4d,2516049,2,0.0019,4756,Athlete,https://www.instagram.com/marcosalonso28/
shadab0800,instagram,Shadab Khan,https://cdn.horizm.com/clubs/6267_6531234063f3b,2514102,9,0.0059,14814,Athlete,https://www.instagram.com/shadab0800/
cucurella3,instagram,Marc Cucurella,https://cdn.horizm.com/clubs/8931_67ffb89f97bd7,2511395,6,0.0363,91212,Athlete,https://www.instagram.com/cucurella3
marcosllorente,instagram,Marcos Llorente,https://cdn.horizm.com/clubs/2338_6491e69f19d38,2474477,2,0.0067,16487,Athlete,https://www.instagram.com/marcosllorente
franckkessie,instagram,Franck Kessie,https://cdn.horizm.com/clubs/796c3fd71638e100f0e56ce7a48ee4df5b4a4193.jpg,2464953,6,0.0421,103676,Athlete,https://www.instagram.com/franckkessie/
deyverson,instagram,Deyverson,https://cdn.horizm.com/clubs/6031_650be2ff413c1,2463118,1,0.0005,1271,Athlete,https://www.instagram.com/deyverson/
shaunwhite,instagram,Shaun White,https://cdn.horizm.com/clubs/7867_6638a6ab059ad,2456007,17,0.0914,224383,Athlete,https://www.instagram.com/shaunwhite
leon_goretzka,instagram,Leon Goretzka,https://cdn.horizm.com/clubs/4798_64baad434b9a1,2438486,2,0.0292,71102,Athlete,https://www.instagram.com/leon_goretzka/
aitanabonmati,instagram,Aitana Bonmatí,https://cdn.horizm.com/clubs/3500_649206182103a,2438438,5,0.0259,63125,Athlete,https://www.instagram.com/aitanabonmati/
tea.cooper2,instagram,Te'a Cooper,https://cdn.horizm.com/clubs/58435bfcea4aa87d39b651db1e21010aede136f3.jpg,2432840,12,0.0130,31619,Athlete,https://www.instagram.com/tea.cooper2/
joegomez5,instagram,Joe Gomez,https://cdn.horizm.com/clubs/2293_6491e5644f546,2431391,1,0.0055,13455,Athlete,https://www.instagram.com/joegomez5
jamesmaddison,tiktok,James Maddison,https://cdn.horizm.com/clubs/1859_6491d9baca0b2,2430039,4,0.0863,209673,Athlete,https://www.tiktok.com/@jamesmaddison
ahmedrakaba,tiktok,Ahmed Rakaba,https://cdn.horizm.com/clubs/77877f0a4e613f8b3a951d0c388e67fbd97622f3.jpg,2424513,4,0.0005,1192,Athlete,https://www.tiktok.com/@ahmedrakaba
brunoguimaraes,instagram,Bruno Guimarães,https://cdn.horizm.com/clubs/2251_6491e44e4070b,2423409,10,0.0713,172907,Athlete,https://www.instagram.com/brunoguimaraes/
timowerner,instagram,Timo Werner,https://cdn.horizm.com/clubs/1447_6491d0200c27a,2421223,1,0.0025,6117,Athlete,https://www.instagram.com/timowerner/
lucaneta10,instagram,Luis Henrique Blanco (Lucaneta),https://cdn.horizm.com/clubs/9166_686b930cd5cc7,2416262,25,0.3157,762828,Athlete,https://www.instagram.com/lucaneta10/
benpavard21,instagram,Benjamin Pavard,https://cdn.horizm.com/clubs/3613_64920918c1c85,2409424,1,0.0068,16436,Athlete,https://www.instagram.com/benpavard21/
joaopedro.oficial,instagram,Joao Pedro,https://cdn.horizm.com/clubs/6200_650c06ca61972,2407032,8,0.0944,227203,Athlete,https://www.instagram.com/joaopedro.oficial/
koke6,instagram,Koke,https://cdn.horizm.com/clubs/2342_6491e6c070868,2406904,6,0.0097,23251,Athlete,https://www.instagram.com/koke6/
marcosgoleiro_12,instagram,Marcos Roberto Silveira Reis,https://cdn.horizm.com/clubs/4156110ebae3a52046d183bc65d217f323f836b9.jpg,2403601,5,0.0297,71404,Athlete,https://www.instagram.com/marcosgoleiro_12/
street_panna,tiktok,Jack Downer,https://cdn.horizm.com/clubs/3650_649209ca85cac,2390291,19,0.0568,135883,Athlete,https://www.tiktok.com/@street_panna
nathanake,instagram,Nathan Ake,https://cdn.horizm.com/clubs/2259_6491e489146b8,2382858,1,0.0023,5553,Athlete,https://www.instagram.com/nathanake/
raphaelveigaa,instagram,Raphael Veiga,https://cdn.horizm.com/clubs/6020_650be2ea7d35b,2378907,1,0.0090,21307,Athlete,https://www.instagram.com/raphaelveigaa/
donnyvdbeek,instagram,Donny Van De Beek,https://cdn.horizm.com/clubs/3492_649205de6ce91,2372104,1,0.0008,1904,Athlete,https://www.instagram.com/donnyvdbeek/
marianapajon,instagram,Mariana Pajón,https://cdn.horizm.com/clubs/3390_6492030f315fd,2371639,5,0.0034,8151,Athlete,https://www.instagram.com/marianapajon/
alexzverev123,instagram,Alexander Zverev,https://cdn.horizm.com/clubs/1296_6491cbd375d14,2360882,14,0.0723,170657,Athlete,https://www.instagram.com/alexzverev123
iga.swiatek,instagram,Iga Swiatek,https://cdn.horizm.com/clubs/1307_6491cc352a23a,2347641,21,0.0981,230263,Athlete,https://www.instagram.com/iga.swiatek
harvelliott,instagram,Harvey Elliott,https://cdn.horizm.com/clubs/aeb83b006aae0894a3470afa655da055377e0630.jpg,2343330,1,0.0082,19150,Athlete,https://www.instagram.com/harvelliott
eduardovargasrj1,instagram,Eduardo Vargas,https://cdn.horizm.com/clubs/2828_6491f39d615c1,2342002,7,0.0389,91172,Athlete,https://www.instagram.com/eduardovargasrj1/
payetdimitri27,instagram,Dimitri Payet,https://cdn.horizm.com/clubs/3092_6491fad72a1f2,2341997,1,0.0122,28660,Athlete,https://www.instagram.com/payetdimitri27/
weverton010,instagram,Weverton Pereira da Silva,https://cdn.horizm.com/clubs/ddcb3deb168349f402c720f3d32559cecd95e8ed.jpg,2330151,19,0.2056,479153,Athlete,https://www.instagram.com/weverton010/
l.belll_,instagram,Lauran Bell,https://cdn.horizm.com/clubs/2425_64a276cf099f1,2327412,5,0.3413,794277,Athlete,https://www.instagram.com/l.belll_/
rogerguedes23,instagram,Roger Guedes,https://cdn.horizm.com/clubs/6014_650be2dbf2b00,2321759,3,0.0056,13037,Athlete,https://www.instagram.com/rogerguedes23/
gabrielmedina1010,tiktok,Gabriel Medina,https://cdn.horizm.com/clubs/3366_64920263852ea,2320136,2,0.0002,464,Athlete,https://www.tiktok.com/@gabrielmedina1010
ferrantorres,tiktok,Ferran Torres,https://cdn.horizm.com/clubs/2331_6491e66ca768f,2316933,1,0.0033,7551,Athlete,https://www.tiktok.com/@ferrantorres
gkgurpreet,instagram,Gurpreet Singh Sandhu,https://cdn.horizm.com/clubs/7871_6638a6cb78419,2297219,6,0.0544,124871,Athlete,https://www.instagram.com/gkgurpreet/
dubeshivam,instagram,Shivam Dube,https://cdn.horizm.com/clubs/7710_65faecfee37bc,2284805,2,0.0176,40255,Athlete,https://www.instagram.com/dubeshivam/
eileengu,instagram,Eileen Gu,https://cdn.horizm.com/clubs/55168d6750f56182d7f2ced3be001d64f0475658.jpeg,2277396,14,0.1333,303632,Athlete,https://www.instagram.com/eileengu/
cocogauff,instagram,Coco Gauff,https://cdn.horizm.com/clubs/1317_6491cc847a22d,2275736,4,0.0228,51995,Athlete,https://www.instagram.com/cocogauff
amineharit,instagram,Amine Harit,https://cdn.horizm.com/clubs/6365_653125a6b9ad3,2271312,3,0.0106,24044,Athlete,https://www.instagram.com/amineharit/
fredguedes9,instagram,Fred Guedes,https://cdn.horizm.com/clubs/3836_64920dbc812af,2266747,4,0.0032,7207,Athlete,https://www.instagram.com/fredguedes9/
gneville2,instagram,Gary Neville,https://cdn.horizm.com/clubs/1587_6491d40116785,2265464,19,0.0604,136840,Athlete,https://www.instagram.com/gneville2/
yoshinobu__yamamoto,instagram,Yoshinobu Yamamoto,https://cdn.horizm.com/clubs/54ea20260d9ac192c990b4181a907d37d49f0f60.jpg,2264526,1,0.0308,69766,Athlete,https://www.instagram.com/yoshinobu__yamamoto/
skybrown,tiktok,Sky Brown,https://cdn.horizm.com/clubs/4808de0732bd1cfb051ef0d3a81d28855cdbc36d.jpg,2246627,3,0.0014,3236,Athlete,https://www.tiktok.com/@skybrown
miketrout,instagram,Mike Trout,https://cdn.horizm.com/clubs/410_6491b11ec64bf,2244849,1,0.0027,6137,Athlete,https://www.instagram.com/miketrout/
zachlavine8,instagram,Zach LaVine,https://cdn.horizm.com/clubs/3526_649206f558b6e,2242351,1,0.0018,4039,Athlete,https://www.instagram.com/zachlavine8/
shardul_thakur,instagram,Shardul Thakur,https://cdn.horizm.com/clubs/6250_653122b8d0312,2233681,1,0.0025,5551,Athlete,https://www.instagram.com/shardul_thakur/
nolimitherro,instagram,Tyler Herro,https://cdn.horizm.com/clubs/3528_6492070789f5a,2228292,1,0.0079,17573,Athlete,https://www.instagram.com/nolimitherro/
m.olise,instagram,Michael Olise,https://cdn.horizm.com/clubs/00dbd8a788c9a2f55ec7e55ef8dc393aba6d9cf6.jpg,2222761,2,0.0168,37375,Athlete,https://www.instagram.com/m.olise/
aloisioapostaganha,instagram,Aloísio Chulapa,https://cdn.horizm.com/clubs/3851_64920e0a212da,2214868,42,0.0375,82999,Athlete,https://www.instagram.com/aloisioapostaganha/
werdum,instagram,Fabricio Werdum,https://cdn.horizm.com/clubs/8362_66ec2b983a722,2212864,27,0.0407,90064,Athlete,https://www.instagram.com/werdum/
alexscott2,instagram,Alex Scott,https://cdn.horizm.com/clubs/10ed3db9139700e02b0b276d572746987ed280d4.jpg,2207235,4,0.0105,23116,Athlete,https://www.instagram.com/alexscott2
lucashernandez21,instagram,Lucas Hernandez,https://cdn.horizm.com/clubs/6295_653123f6e3803,2205338,1,0.0014,3119,Athlete,https://www.instagram.com/lucashernandez21
venuswilliams,instagram,Venus Williams,https://cdn.horizm.com/clubs/4142_649bd554da0a4,2193843,20,0.1216,266811,Athlete,https://www.instagram.com/venuswilliams/
lukethenukelittler,instagram,Luke Littler,https://cdn.horizm.com/clubs/7364_65b0af1069553,2187620,31,0.8299,1815407,Athlete,https://www.instagram.com/lukethenukelittler
jocalleri,instagram,Jonathan Calleri,https://cdn.horizm.com/clubs/6021_650be2ec5c394,2161959,1,0.0086,18606,Athlete,https://www.instagram.com/jocalleri/
alicaschmidt,tiktok,Alica Schmidt,https://cdn.horizm.com/clubs/5911_650be21406a8b,2161236,18,0.0218,47064,Athlete,https://www.tiktok.com/@alicaschmidt
luisadvincula17_,instagram,Luis Advincula,https://cdn.horizm.com/clubs/2835_6491f3d964fdb,2154458,4,0.0181,39049,Athlete,https://www.instagram.com/luisadvincula17_/
omarmarmoush,tiktok,Omar Marmoush,https://cdn.horizm.com/clubs/7329_65b0ae2a21606,2137014,1,0.0006,1208,Athlete,https://www.tiktok.com/@omarmarmoush
7_dudu,instagram,Dudu,https://cdn.horizm.com/clubs/6018_650be2e610072,2136807,5,0.0150,32097,Athlete,https://www.instagram.com/7_dudu/
brysondechambeau,tiktok,Bryson DeChamneau,https://cdn.horizm.com/clubs/4947_64baaf0cb4abc,2128012,1,0.0602,128029,Athlete,https://www.tiktok.com/@brysondechambeau
anthonyjoshua,tiktok,Anthony Joshua,https://cdn.horizm.com/clubs/414_6491b15258ab4,2115824,3,0.1633,345548,Athlete,https://www.tiktok.com/@anthonyjoshua
magicmikemaignan,instagram,Mike Maignan,https://cdn.horizm.com/clubs/3606_649208eeccd66,2088753,11,0.1407,293984,Athlete,https://www.instagram.com/magicmikemaignan/
rickiefowler,instagram,Rickie Fowler,https://cdn.horizm.com/clubs/3136_6491fbb362fb0,2087840,4,0.0195,40686,Athlete,https://www.instagram.com/rickiefowler/
joshallenqb,instagram,Josh Allen,https://cdn.horizm.com/clubs/6d6e48b57407d5814bdae1d821d98cb0df36d0c6.jpg,2084016,1,0.0189,39387,Athlete,https://www.instagram.com/joshallenqb/
jonatanchristieofficial,instagram,Jonatan Christie,https://cdn.horizm.com/clubs/3033_6491f983575a7,2081588,1,0.0012,2401,Athlete,https://www.instagram.com/jonatanchristieofficial/
madders,instagram,James Maddison,https://cdn.horizm.com/clubs/1859_6491d9baca0b2,2080686,8,0.0502,104404,Athlete,https://www.instagram.com/madders/
beastmode,instagram,Marshawn Lynch,https://cdn.horizm.com/clubs/3776_64920c9a6571d,2080117,10,0.2492,518303,Athlete,https://www.instagram.com/beastmode/
jordanclarksons,instagram,Jordan Clarkson,https://cdn.horizm.com/clubs/3707_64920a64b13d9,2058447,3,0.0094,19321,Athlete,https://www.instagram.com/jordanclarksons/
smalling,instagram,Chris Smalling,https://cdn.horizm.com/clubs/4873_64baae55b319b,2045434,2,0.0004,916,Athlete,https://www.instagram.com/smalling/
keyalvesoficial,tiktok,Key Alves,https://cdn.horizm.com/clubs/3373_6492029e22fc8,2044805,21,0.0295,60290,Athlete,https://www.tiktok.com/@keyalvesoficial
lindacaicedo24,tiktok,Linda Caicedo,https://cdn.horizm.com/clubs/5151_64d610e84d6d4,2031635,3,0.0005,1082,Athlete,https://www.tiktok.com/@lindacaicedo24
wilfriedzaha,instagram,Wilfred Zaha,https://cdn.horizm.com/clubs/2284_6491e52b0504c,2022048,2,0.0081,16399,Athlete,https://www.instagram.com/wilfriedzaha
yutohorigome,instagram,Yuto Horigome,https://cdn.horizm.com/clubs/8567_66ec2edc798fb,2020594,2,0.0076,15366,Athlete,https://www.instagram.com/yutohorigome
davidmillersa12,instagram,David Miller,https://cdn.horizm.com/clubs/1559_6491d33c01ab3,2006558,1,0.0007,1348,Athlete,https://www.instagram.com/davidmillersa12/
23_carra,instagram,Jamie Carragher,https://cdn.horizm.com/clubs/2375_6491e79aa1aec,1990435,37,0.5403,1075396,Athlete,https://www.instagram.com/23_carra/
fagneroficial23,instagram,Fagner Lemos,https://cdn.horizm.com/clubs/6012_650be2d867b66,1987705,8,0.0736,146360,Athlete,https://www.instagram.com/fagneroficial23/
iambrahimdiaz,tiktok,Brahim Díaz,https://cdn.horizm.com/clubs/6371_653125e347550,1980820,2,0.0148,29332,Athlete,https://www.tiktok.com/@iambrahimdiaz
sania_mirza_realofficial,tiktok,Sania Mirza,https://cdn.horizm.com/clubs/4134_649bd518a7664,1978953,71,0.0091,17931,Athlete,https://www.tiktok.com/@sania_mirza_realofficial
nicolozaniolo,instagram,Nicolo Zaniolo,https://cdn.horizm.com/clubs/6197_650be46063147,1976832,3,0.0064,12572,Athlete,https://www.instagram.com/nicolozaniolo
stefanostsitsipas98,instagram,Stefanos Tsitsipas,https://cdn.horizm.com/clubs/1297_6491cbdc8b432,1975620,5,0.0120,23710,Athlete,https://www.instagram.com/stefanostsitsipas98
ciroimmobile17,instagram,Ciro Immobile,https://cdn.horizm.com/clubs/6576_65312b8f0b08c,1974210,1,0.0040,7846,Athlete,https://www.instagram.com/ciroimmobile17
mrapinoe,instagram,Megan Rapinoe,https://cdn.horizm.com/clubs/1909_6491db0546aab,1968768,4,0.0305,60011,Athlete,https://www.instagram.com/mrapinoe/
ryanjiro_,instagram,Ryan Gravenberch,https://cdn.horizm.com/clubs/4793_64baad3699030,1956370,3,0.0197,38598,Athlete,https://www.instagram.com/ryanjiro_/
rubendsneves,instagram,Ruben Neves,https://cdn.horizm.com/clubs/1784_6491d67027bd6,1926261,11,0.1267,243992,Athlete,https://www.instagram.com/rubendsneves/
clarenceseedorf,instagram,Clarence Seedorf,https://cdn.horizm.com/clubs/2799_6491f2c07be19,1917783,2,0.0028,5427,Athlete,https://www.instagram.com/clarenceseedorf/
jackson.nj11,instagram,Nicolas Jackson,https://cdn.horizm.com/clubs/6124_650be3c3468f6,1896188,4,0.0322,61110,Athlete,https://www.instagram.com/jackson.nj11
ishant.sharma29,instagram,Ishant Sharma,https://cdn.horizm.com/clubs/9060_6853ec370aaee,1891849,2,0.1247,235977,Athlete,https://www.instagram.com/ishant.sharma29/
jacob_acrobat,instagram,Jacob Grégoire,https://cdn.horizm.com/clubs/3682_64a277ed6ae7c,1884922,1,0.0109,20528,Athlete,https://www.instagram.com/jacob_acrobat
rsherman25,instagram,Richard Sherman,https://cdn.horizm.com/clubs/3775_64920c91889c8,1879309,6,0.1073,201567,Athlete,https://www.instagram.com/rsherman25/
javierzanetti,instagram,Javier Zanetti,https://cdn.horizm.com/clubs/1444_6491d00f07516,1875699,2,0.0013,2389,Athlete,https://www.instagram.com/javierzanetti/
mmudryk10,instagram,Mykhailo Mudryk,https://cdn.horizm.com/clubs/2406_64a276c75f9fd,1872792,1,0.0359,67312,Athlete,https://www.instagram.com/mmudryk10/
gneville2,tiktok,Gary Neville,https://cdn.horizm.com/clubs/1587_6491d40116785,1868813,14,0.0608,113598,Athlete,https://www.tiktok.com/@gneville2
pecco63,instagram,Francesco Bagnaia,https://cdn.horizm.com/clubs/1820_6491d8aa57036,1856947,7,0.0510,94651,Athlete,https://www.instagram.com/pecco63/
matberrettini,instagram,Matteo Berrettini,https://cdn.horizm.com/clubs/3026_6491f9592bbe2,1855433,3,0.0096,17797,Athlete,https://www.instagram.com/matberrettini/
sarfarazkhan97,instagram,Sarfaraz Khan,https://cdn.horizm.com/clubs/7683_65faeca4ee271,1853068,3,0.0053,9876,Athlete,https://www.instagram.com/sarfarazkhan97/
mookiebetts,instagram,Mookie Betts,https://cdn.horizm.com/clubs/3721_64920adc30299,1849287,2,0.0176,32466,Athlete,https://www.instagram.com/mookiebetts/
iampauloandre,tiktok,Paulo André,https://cdn.horizm.com/clubs/3368_6492027493472,1846549,2,0.0020,3717,Athlete,https://www.tiktok.com/@iampauloandre
deandre,instagram,DeAndre Jordan,https://cdn.horizm.com/clubs/3708_64920a6d4e1b2,1846034,4,0.0158,29100,Athlete,https://www.instagram.com/deandre/
ronaldogiovaneli,instagram,Ronaldo Giovaneli,https://cdn.horizm.com/clubs/3423_649203e707839,1841981,26,0.0460,84808,Athlete,https://www.instagram.com/ronaldogiovaneli/
shaunwhite,tiktok,Shaun White,https://cdn.horizm.com/clubs/7867_6638a6ab059ad,1840612,4,0.0065,11997,Athlete,https://www.tiktok.com/@shaunwhite
phil_salt,instagram,Phil Salt,https://cdn.horizm.com/clubs/8083_664dcda7346ca,1839114,3,0.0117,21461,Athlete,https://www.instagram.com/phil_salt/
josko_gvardiol,instagram,Joško Gvardiol,https://cdn.horizm.com/clubs/4900_64baae97086bf,1837800,2,0.0240,44159,Athlete,https://www.instagram.com/josko_gvardiol
delpotrojuan,instagram,Juan Martin Del Potro,https://cdn.horizm.com/clubs/3389_649203061d51b,1831172,2,0.0021,3891,Athlete,https://www.instagram.com/delpotrojuan/
last_king_2,instagram,Derrick Henry,https://cdn.horizm.com/clubs/6139_650c0637cbe13,1831100,3,0.1297,237457,Athlete,https://www.instagram.com/last_king_2/
gustavogomez462,instagram,Gustavo Gomez,https://cdn.horizm.com/clubs/2836_6491f3e1eeadd,1827662,3,0.0121,22092,Athlete,https://www.instagram.com/gustavogomez462/
kurzawa,instagram,Layvin Kurzawa,https://cdn.horizm.com/clubs/6297_6531240a878fe,1825014,6,0.4398,802682,Athlete,https://www.instagram.com/kurzawa/
jordankilganon,instagram,Jordan Kilganon,https://cdn.horizm.com/clubs/3658_649209db22973,1816041,3,0.3263,592554,Athlete,https://www.instagram.com/jordankilganon/
justinthomas34,instagram,Justin Thomas,https://cdn.horizm.com/clubs/1411_6491cf483577e,1809278,1,0.0049,8881,Athlete,https://www.instagram.com/justinthomas34/
molalookman,instagram,Ademola Lookman,https://cdn.horizm.com/clubs/4912_64baaeb4657b9,1804574,3,0.7603,1372017,Athlete,https://www.instagram.com/molalookman/
scottie.scheffler,instagram,Scottie Scheffler,https://cdn.horizm.com/clubs/1405_64a276483e857,1802328,2,0.0157,28313,Athlete,https://www.instagram.com/scottie.scheffler/
bryceharper3,instagram,Bryce Harper,https://cdn.horizm.com/clubs/3730_64920b29c3f28,1801564,1,0.0072,13000,Athlete,https://www.instagram.com/bryceharper3/
aftgomes21,instagram,Andre Gomes,https://cdn.horizm.com/clubs/6210_650c06da2fe9b,1798526,1,0.0002,311,Athlete,https://www.instagram.com/aftgomes21
sgd_2,instagram,Sergino Dest,https://cdn.horizm.com/clubs/1877_6491da28ecf21,1798389,2,0.0007,1327,Athlete,https://www.instagram.com/sgd_2/
kerolin.n,tiktok,Kerolin Nicoli,,1797227,1,0.0001,101,Athlete,https://www.tiktok.com/@kerolin.n
ronaldacunajr13,instagram,Ronald Acuna Jr.,https://cdn.horizm.com/clubs/5863_650be1bd7c145,1793878,1,0.0068,12234,Athlete,https://www.instagram.com/ronaldacunajr13/
gianluca_lapadula_official,instagram,Gianluca Lapadula,https://cdn.horizm.com/clubs/2833_6491f3c962a21,1793828,1,0.0007,1228,Athlete,https://www.instagram.com/gianluca_lapadula_official/
antogriezmann,tiktok,Antoine Griezmann,https://cdn.horizm.com/clubs/1774_6491d62c1903b,1783902,1,0.0124,22127,Athlete,https://www.tiktok.com/@antogriezmann
nadeowinataa,instagram,Nadeo ARGAWINATA,https://cdn.horizm.com/clubs/3812_64a275922e852,1782433,3,0.0016,2911,Athlete,https://www.instagram.com/nadeowinataa/
gkittle,instagram,George Kittle,https://cdn.horizm.com/clubs/6126_650be3c83d7d1,1778052,3,0.2458,436994,Athlete,https://www.instagram.com/gkittle
elisvitolina,instagram,Elina Svitolina,https://cdn.horizm.com/clubs/5061_64bab03887ef4,1769556,20,0.0971,171794,Athlete,https://www.instagram.com/elisvitolina/
kevintrapp,instagram,Kevin Trapp,https://cdn.horizm.com/clubs/84f1a0495dd1875f36da39122ff822707f24cf67.jpg,1762671,10,0.0152,26747,Athlete,https://www.instagram.com/kevintrapp/
tijjanireijnders,instagram,Tijjani Reijnders,https://cdn.horizm.com/clubs/6559_65312b32cfb03,1755024,9,0.0952,167049,Athlete,https://www.instagram.com/tijjanireijnders/
abdukodir_khusanov_,instagram,Abdukodir Khusanov,,1751424,6,0.0968,169458,Athlete,https://www.instagram.com/abdukodir_khusanov_/
noano,instagram,Noa Lang,https://cdn.horizm.com/clubs/4e1f2b7e4e1acfd554e50b0d3020f5b4163740c5.jpg,1750463,19,0.1390,243232,Athlete,https://www.instagram.com/noano/
hirvinglozano,instagram,Hirving Lozano,https://cdn.horizm.com/clubs/1778_6491d645c35cb,1748775,3,0.0040,7010,Athlete,https://www.instagram.com/hirvinglozano/
zhouguanyu24,instagram,Guanyu Zhou,https://cdn.horizm.com/clubs/1294_6491cbc1f382b,1746665,4,0.0778,135946,Athlete,https://www.instagram.com/zhouguanyu24
harisraufofficial,instagram,Haris Rauf,https://cdn.horizm.com/clubs/6269_653123528dd31,1744652,5,0.0134,23393,Athlete,https://www.instagram.com/harisraufofficial/
officiallallana,instagram,Adam Lallana,https://cdn.horizm.com/clubs/8fc191ff8b08c46f2fdfa2165b15c9c9119efa74.jpg,1743677,1,0.0006,1114,Athlete,https://www.instagram.com/officiallallana
nemanjamatic,instagram,Nemanja Matic,https://cdn.horizm.com/clubs/3493_649205e660d09,1741767,3,0.0012,2117,Athlete,https://www.instagram.com/nemanjamatic/
lance_stroll,instagram,Lance Stroll,https://cdn.horizm.com/clubs/1291_6491cba87acda,1741602,2,0.0326,56788,Athlete,https://www.instagram.com/lance_stroll
mohammadnabi07,instagram,Mohammad Nabi,https://cdn.horizm.com/clubs/8079_664dcd48cf22e,1741540,5,0.0132,22926,Athlete,https://www.instagram.com/mohammadnabi07/
benchilwell,instagram,Ben Chilwell,https://cdn.horizm.com/clubs/2229_6491e3c6a083f,1736939,3,0.0022,3811,Athlete,https://www.instagram.com/benchilwell/
oblakjan,instagram,Jan Oblak,https://cdn.horizm.com/clubs/2395_6491e81170779,1726963,2,0.0044,7577,Athlete,https://www.instagram.com/oblakjan/
patriceevra,tiktok,Patrice Evra,https://cdn.horizm.com/clubs/3496_649205ff25bfd,1718521,1,0.0001,137,Athlete,https://www.tiktok.com/@patriceevra
denilsonshow,tiktok,Denilson,https://cdn.horizm.com/clubs/3405_6492038fbc4b9,1713761,3,0.0006,962,Athlete,https://www.tiktok.com/@denilsonshow
nonzinoo10,instagram,Noni Madueke,https://cdn.horizm.com/clubs/4353_649bdacef2fbe,1712404,2,0.0019,3330,Athlete,https://www.instagram.com/nonzinoo10/
andre,instagram,Andre Iguodala,https://cdn.horizm.com/clubs/3709_64920a75c6f1c,1706204,1,0.0018,3056,Athlete,https://www.instagram.com/andre/
samanthakerr20,instagram,Sam Kerr,https://cdn.horizm.com/clubs/3097_6491fb01ca486,1705686,6,0.1907,325234,Athlete,https://www.instagram.com/samanthakerr20/
deynacastellanos,instagram,Deyna Castellanos,https://cdn.horizm.com/clubs/1908_6491dafd1e281,1699792,5,0.0044,7538,Athlete,https://www.instagram.com/deynacastellanos/
yefersonsoteldo1006,instagram,Yeferson Soteldo,https://cdn.horizm.com/clubs/2846_6491f42e21afb,1690360,2,0.0016,2653,Athlete,https://www.instagram.com/yefersonsoteldo1006/
mustafizur_90,instagram,Mustafizur Rahman,https://cdn.horizm.com/clubs/8067_664dcd500a10c,1690094,1,0.0053,8940,Athlete,https://www.instagram.com/mustafizur_90/
dewald_brevis_17,instagram,Dewald Brevis,https://cdn.horizm.com/clubs/2976_6491f7d91c05b,1690003,18,0.0759,128264,Athlete,https://www.instagram.com/dewald_brevis_17/
jiteshsharma_,instagram,Jitesh Sharma,https://cdn.horizm.com/clubs/7712_65faed02b40ac,1682973,3,0.0114,19266,Athlete,https://www.instagram.com/jiteshsharma_/
marcelo_brozovic,instagram,Marcelo Brozovic,https://cdn.horizm.com/clubs/4921_64baaec8941d7,1679050,1,0.0029,4952,Athlete,https://www.instagram.com/marcelo_brozovic/
chakaravarthyvarun,instagram,Varun Chakravarthy,https://cdn.horizm.com/clubs/9043_6853ebec3e1cc,1668287,3,0.1764,294266,Athlete,https://www.instagram.com/chakaravarthyvarun/
sandrotonali,instagram,Sandro Tonali,https://cdn.horizm.com/clubs/4892_64baae85b7825,1664282,5,0.0286,47625,Athlete,https://www.instagram.com/sandrotonali/
renatoaugusto8,instagram,Renato Augusto,https://cdn.horizm.com/clubs/6015_650be2debb985,1658564,1,0.0006,998,Athlete,https://www.instagram.com/renatoaugusto8/
vladdyjr27,instagram,Vladimir Guerrero Jr.,https://cdn.horizm.com/clubs/5883_650be1ebc66e9,1656684,2,0.0216,35744,Athlete,https://www.instagram.com/vladdyjr27/
samcurran58,instagram,Sam Curran,https://cdn.horizm.com/clubs/2955_6491f73068afc,1653595,3,0.0054,8994,Athlete,https://www.instagram.com/samcurran58/
jimmybutler,tiktok,Jimmy Butler,https://cdn.horizm.com/clubs/5959_650be26f69652,1650470,4,0.0038,6306,Athlete,https://www.tiktok.com/@jimmybutler
marte06,instagram,Starling Marte,https://cdn.horizm.com/clubs/5852_650be1a760660,1646499,2,0.0016,2657,Athlete,https://www.instagram.com/marte06/
jpickford1,instagram,Jordan Pickford,https://cdn.horizm.com/clubs/1861_6491d9cc9a5ee,1643744,5,0.0107,17632,Athlete,https://www.instagram.com/jpickford1/
houssem_aouar,instagram,Houssem Aouar,https://cdn.horizm.com/clubs/6556_65312b15af4be,1643049,1,0.0015,2460,Athlete,https://www.instagram.com/houssem_aouar
trrrent_,instagram,Trent Boult,https://cdn.horizm.com/clubs/6284_65313671849da,1642439,1,0.0028,4574,Athlete,https://www.instagram.com/trrrent_/
matheusgonze1,tiktok,Matheus Gonze,https://cdn.horizm.com/clubs/9165_686b930b8a28d,1637078,16,0.0268,43910,Athlete,https://www.tiktok.com/@matheusgonze1
leandrotrossard,instagram,Leandro Trossard,https://cdn.horizm.com/clubs/2300_6491e58fd7346,1635532,1,0.0085,13974,Athlete,https://www.instagram.com/leandrotrossard
prithvishaw,instagram,Prithvi Shaw,https://cdn.horizm.com/clubs/2965_6491f781cec55,1632703,4,0.1248,203714,Athlete,https://www.instagram.com/prithvishaw/
nojo18,instagram,Noah Lyles,https://cdn.horizm.com/clubs/2997_6491f88d84fad,1627220,12,0.0852,138616,Athlete,https://www.instagram.com/nojo18/
andrewhenderson,instagram,Andrew Henderson,https://cdn.horizm.com/clubs/3669_649209fd8cede,1621749,8,0.1197,194056,Athlete,https://www.instagram.com/andrewhenderson
rioferdy5,tiktok,Rio Ferdinand,https://cdn.horizm.com/clubs/2796_6491f2a86a403,1619747,22,0.1304,211161,Athlete,https://www.tiktok.com/@rioferdy5
alexmarquez73,instagram,Alex Marquez,https://cdn.horizm.com/clubs/1836_6491d928ed36b,1619434,7,0.0240,38938,Athlete,https://www.instagram.com/alexmarquez73/
tomdaley,tiktok,Thomas Daley,https://cdn.horizm.com/clubs/8583_66ec2f06a1874,1609207,1,0.0001,162,Athlete,https://www.tiktok.com/@tomdaley
mondo_duplantis,instagram,Armand Duplantis,https://cdn.horizm.com/clubs/3012_6491f8eb1635c,1595687,3,0.0350,55828,Athlete,https://www.instagram.com/mondo_duplantis/
siyakolisi,instagram,Siya Kolisi,https://cdn.horizm.com/clubs/4198_649bd6f7894a7,1587205,21,0.1720,272934,Athlete,https://www.instagram.com/siyakolisi
emersonsheik,instagram,Emerson Sheik,https://cdn.horizm.com/clubs/3842_64a275a65304c,1584111,1,0.0005,785,Athlete,https://www.instagram.com/emersonsheik/
karim_adeyemi,instagram,Karim Adeyemi,https://cdn.horizm.com/clubs/4788_64baad08c8ace,1577134,1,0.0451,71065,Athlete,https://www.instagram.com/karim_adeyemi/
maverick12official,instagram,Maverick Vinales,https://cdn.horizm.com/clubs/bdda73f390b761a32656fd74d91e2f9345b34851.jpg,1575596,20,0.1560,245787,Athlete,https://www.instagram.com/maverick12official/
takefusa.kubo,instagram,Takefusa Kubo,https://cdn.horizm.com/clubs/7315_65b0b9a05b46f,1574811,1,0.0094,14870,Athlete,https://www.instagram.com/takefusa.kubo
andresilva9,instagram,André Silva,https://cdn.horizm.com/clubs/1790_6491d69b8c433,1573524,3,0.0015,2435,Athlete,https://www.instagram.com/andresilva9/
jalenramsey,instagram,Jalen Ramsey,https://cdn.horizm.com/clubs/3766_64920c441b20b,1570146,1,0.0189,29646,Athlete,https://www.instagram.com/jalenramsey/
mathieuvanderpoel,instagram,Mathieu van der Poel,https://cdn.horizm.com/clubs/5170_64d6118e3bae4,1565968,1,0.0073,11444,Athlete,https://www.instagram.com/mathieuvanderpoel
sydneymclaughlin16,instagram,Sydney McLaughlin-Levrone,https://cdn.horizm.com/clubs/4154_649bd5bc1689e,1563141,1,0.1035,161727,Athlete,https://www.instagram.com/sydneymclaughlin16/
kevinmagnussen,instagram,Kevin Magnussen,https://cdn.horizm.com/clubs/1283_6491cb63ee422,1560042,4,0.0063,9893,Athlete,https://www.instagram.com/kevinmagnussen
teddyriner,instagram,Teddy Riner,https://cdn.horizm.com/clubs/3060_6491fa34375bb,1555651,8,0.1590,247352,Athlete,https://www.instagram.com/teddyriner/
lucaneta,tiktok,Luis Henrique Blanco (Lucaneta),https://cdn.horizm.com/clubs/9166_686b930cd5cc7,1554978,15,0.0572,88959,Athlete,https://www.tiktok.com/@lucaneta
west.mckennie,instagram,Weston McKennie,https://cdn.horizm.com/clubs/6566_65312b50dcd78,1554879,5,0.0674,104741,Athlete,https://www.instagram.com/west.mckennie/
austinreaves12,instagram,Austin Reaves,https://cdn.horizm.com/clubs/7928_6638b2aaa524b,1552361,2,0.0332,51495,Athlete,https://www.instagram.com/austinreaves12
st_maximin,instagram,Allan Saint-Maximin,https://cdn.horizm.com/clubs/4324_649bda0ab9b5c,1547637,4,0.0850,131501,Athlete,https://www.instagram.com/st_maximin/
marcelinhocariocaoficial,instagram,Marcelinho Carioca,https://cdn.horizm.com/clubs/8acacf39786cdf5b545275e218f2150d3d766edd.jpg,1546287,50,0.1565,242029,Athlete,https://www.instagram.com/marcelinhocariocaoficial/
matteoguendouzi,instagram,Matteo Guendouzi,https://cdn.horizm.com/clubs/6583_65312bc1c4d97,1540767,8,0.2521,388369,Athlete,https://www.instagram.com/matteoguendouzi/
leon.marchand31,instagram,Leon Marchand,https://cdn.horizm.com/clubs/8537_66ec2e8e31523,1537391,1,0.0088,13568,Athlete,https://www.instagram.com/leon.marchand31/
javalemcgee,instagram,JaVale Mcgee,https://cdn.horizm.com/clubs/3711_64920a86d48ba,1533682,22,0.0183,28028,Athlete,https://www.instagram.com/javalemcgee/
phganso,instagram,PH Ganso,https://cdn.horizm.com/clubs/6017_650be2e2dbf7f,1532442,3,0.0118,18095,Athlete,https://www.instagram.com/phganso/
bhakermanu,instagram,Manu Bhaker,https://cdn.horizm.com/clubs/3072_6491fa6729120,1531976,7,0.0129,19793,Athlete,https://www.instagram.com/bhakermanu/
oliviergiroud,tiktok,Olivier Giroud,https://cdn.horizm.com/clubs/1772_6491d61acd8ce,1526106,2,0.0019,2915,Athlete,https://www.tiktok.com/@oliviergiroud
swipathefox,instagram,De'Aaron Fox,https://cdn.horizm.com/clubs/5967_650be2823d4b8,1520956,3,0.0041,6238,Athlete,https://www.instagram.com/swipathefox/
hulkparaibaoficial,tiktok,Hulk,https://cdn.horizm.com/clubs/a1a1487e351d265ddb05a68b5915b8f36fb89fb8.jpg,1518023,1,0.0005,713,Athlete,https://www.tiktok.com/@hulkparaibaoficial
dtokefree,instagram,Dtoke,https://cdn.horizm.com/clubs/5175_64d611c00b959,1516921,3,0.0033,4962,Athlete,https://www.instagram.com/dtokefree/
moeenmunirali,instagram,Moeen Ali,https://cdn.horizm.com/clubs/2944_64a2774b44df3,1514303,11,0.0134,20343,Athlete,https://www.instagram.com/moeenmunirali/
chloekelly,instagram,Chloe Kelly,https://cdn.horizm.com/clubs/4253_649bd86b8ac6d,1513642,5,0.1633,247250,Athlete,https://www.instagram.com/chloekelly/
edwinvandersar1,instagram,Edwin Van Der Sar,https://cdn.horizm.com/clubs/1449_6491d0288453f,1510066,3,0.0027,4047,Athlete,https://www.instagram.com/edwinvandersar1/
ktrippier2,instagram,Kieran Trippier,https://cdn.horizm.com/clubs/1862_6491d9d4779d5,1507435,2,0.0059,8827,Athlete,https://www.instagram.com/ktrippier2/
solanke,instagram,Dominic Solanke,https://cdn.horizm.com/clubs/4883_64baae6f9a879,1506544,9,0.2296,345927,Athlete,https://www.instagram.com/solanke/
natalieevamarie,tiktok,Natalie Eva Marie,https://cdn.horizm.com/clubs/4139_649bd542cfc53,1502568,10,0.0029,4400,Athlete,https://www.tiktok.com/@natalieevamarie
romeroteam,instagram,Angel Romero,https://cdn.horizm.com/clubs/2837_6491f3ea2ed04,1501927,6,0.1629,244658,Athlete,https://www.instagram.com/romeroteam/
manuelobafemiakanji,instagram,Manuel Akanji,,1492922,9,0.0274,40880,Athlete,https://www.instagram.com/manuelobafemiakanji/
aja22wilson,instagram,A'Ja Wilson,https://cdn.horizm.com/clubs/4279_649bd90ab4ac3,1489182,3,0.0165,24530,Athlete,https://www.instagram.com/aja22wilson/
sabrina_i,instagram,Sabrina Ionescu,https://cdn.horizm.com/clubs/3f8a82b04ce14ad3b1bfb0e03948ff10ea87bf32.jpeg,1487610,1,0.0032,4792,Athlete,https://www.instagram.com/sabrina_i/
marcguiu9,instagram,Marc Guiu,https://cdn.horizm.com/clubs/8932_686b9304813f7,1473852,2,0.0127,18714,Athlete,https://www.instagram.com/marcguiu9
pedroneto_30,instagram,Pedro Neto,https://cdn.horizm.com/clubs/2220_6491e38b2e644,1471033,2,0.0295,43420,Athlete,https://www.instagram.com/pedroneto_30/
endowataru,instagram,Wataru Endo,https://cdn.horizm.com/clubs/6214_650be487a10f2,1464228,1,0.0111,16317,Athlete,https://www.instagram.com/endowataru
garylineker,instagram,Gary Lineker,https://cdn.horizm.com/clubs/2381_6491e7b3a52e3,1453646,8,0.2404,349441,Athlete,https://www.instagram.com/garylineker/
javy23baez,instagram,Javier Baez,https://cdn.horizm.com/clubs/3728_64920b1896612,1452962,1,0.0102,14850,Athlete,https://www.instagram.com/javy23baez/
anamarkovix,tiktok,Ana Markovic,https://cdn.horizm.com/clubs/4180_649bd685220f4,1451163,39,0.0248,36012,Athlete,https://tiktok.com/@anamarkovix
mcdavid97,instagram,Connor McDavid,https://cdn.horizm.com/clubs/3745_64920b9996b4f,1446419,7,0.3449,498801,Athlete,https://www.instagram.com/mcdavid97/
freddiefreeman,instagram,Freddie Freeman,https://cdn.horizm.com/clubs/5326_64d61435a9828,1445091,2,0.0277,40078,Athlete,https://www.instagram.com/freddiefreeman
paulinho10,instagram,Paulinho (Atacante),https://cdn.horizm.com/clubs/6028_650c041ea7e8b,1441341,1,0.0001,137,Athlete,https://www.instagram.com/paulinho10
fabianruiz52,instagram,Fabian Ruiz,https://cdn.horizm.com/clubs/3439_6492043cf3663,1436881,1,0.0690,99108,Athlete,https://www.instagram.com/fabianruiz52/
acfresh21,instagram,Alex Caruso,https://cdn.horizm.com/clubs/3712_64920a8f6a3ad,1436158,1,0.0108,15471,Athlete,https://www.instagram.com/acfresh21/
imamulhaqofficial,instagram,Imam-ul-Haq,https://cdn.horizm.com/clubs/6262_6531230e14b46,1435417,3,0.0064,9242,Athlete,https://www.instagram.com/imamulhaqofficial/
calteck10,instagram,Callum Hudson-Odoi,https://cdn.horizm.com/clubs/4888_64baae7c5f8f2,1431696,3,0.0039,5555,Athlete,https://www.instagram.com/calteck10/
milanskriniar,instagram,Milan Skriniar,https://cdn.horizm.com/clubs/4902_64baae9c23f5a,1420116,6,0.1220,173292,Athlete,https://www.instagram.com/milanskriniar/
taeadams,instagram,Davante Adams,https://cdn.horizm.com/clubs/3763_64920c29d3889,1415366,2,0.0102,14372,Athlete,https://www.instagram.com/taeadams/
edilsonjogador,instagram,"Edilson ""Capetinha""",https://cdn.horizm.com/clubs/3420_64a277a211755,1407941,63,0.1704,239968,Athlete,https://www.instagram.com/edilsonjogador/
alessandrobastoni,instagram,Alessandro Bastoni,https://cdn.horizm.com/clubs/4899_64baae9513736,1407872,1,0.0086,12073,Athlete,https://www.secure.instagram.com/alessandrobastoni/
lia.lewis,instagram,Lia Lewis Gribius,https://cdn.horizm.com/clubs/b5a7640d504a8917d553fa2986f033f32e8806e3.jpg,1396448,6,0.0533,74474,Athlete,https://www.instagram.com/lia.lewis/
natarajan_jayaprakash,instagram,T Natarajan,https://cdn.horizm.com/clubs/8068_664dcd5e6dd67,1394908,1,0.0003,364,Athlete,https://www.instagram.com/natarajan_jayaprakash/
alphonseareola,instagram,Alphonse Areola,https://cdn.horizm.com/clubs/3612_64920910cafeb,1392206,5,0.0187,25973,Athlete,https://www.instagram.com/alphonseareola/
jurrientimber,instagram,Jurrien Timber,https://cdn.horizm.com/clubs/6194_650be45a113bd,1391521,2,0.0540,75089,Athlete,https://www.instagram.com/jurrientimber/
dgoficial,instagram,Douglas Luiz,https://cdn.horizm.com/clubs/2305_6491e5b1e32bc,1389264,2,0.0286,39721,Athlete,https://www.instagram.com/dgoficial
aarondonald99,instagram,Aaron Donald,https://cdn.horizm.com/clubs/3764_64920c327ffe0,1388182,14,0.1181,163946,Athlete,https://www.instagram.com/aarondonald99/
mr.choupo,instagram,Eric Maxim Choupo-Moting,https://cdn.horizm.com/clubs/f8382482a9f5f526e7b77b82515a419fc6d44079.jpg,1387677,2,0.0043,5978,Athlete,https://www.instagram.com/mr.choupo/
andreadovizioso,instagram,Andrea Dovizioso,https://cdn.horizm.com/clubs/1840_6491d94a67314,1386689,6,0.0035,4899,Athlete,https://www.instagram.com/andreadovizioso/
federicodimarco,instagram,Federico Dimarco,https://cdn.horizm.com/clubs/4909_64baaead6c3b8,1385806,5,0.0419,58113,Athlete,https://www.instagram.com/federicodimarco
89jorgemartin,instagram,Jorge Martin,https://cdn.horizm.com/clubs/1828_6491d8ed88aa0,1378779,10,0.0727,100209,Athlete,https://www.instagram.com/89jorgemartin/
fakharzaman719,instagram,Fakhar Zaman,https://cdn.horizm.com/clubs/6261_653123052d36b,1376679,1,0.0007,1032,Athlete,https://www.instagram.com/fakharzaman719/
dejan.k10,instagram,Dejan Kulusevski,https://cdn.horizm.com/clubs/61422af5ee0720a315ed3c032b24cbf7c5f4f70a.jpg,1376453,5,0.0190,26169,Athlete,https://www.instagram.com/dejan.k10/
philmickelson,instagram,Phil Mickelson,https://cdn.horizm.com/clubs/4963_64baaf32ed2c7,1374113,5,0.0340,46785,Athlete,https://www.instagram.com/philmickelson/
gmhikaru,instagram,Hikaru Nakamura,https://cdn.horizm.com/clubs/5888_650be1f5b7356,1371576,5,0.0139,19068,Athlete,https://www.instagram.com/gmhikaru/
mikelmerino,instagram,Mikel Merino,https://cdn.horizm.com/clubs/3438_649204345aafb,1369974,2,0.0247,33887,Athlete,https://www.instagram.com/mikelmerino/
ugartemanu,instagram,Manuel Ugarte,https://cdn.horizm.com/clubs/6299_6531241fc6066,1368275,1,0.0000,34,Athlete,https://www.instagram.com/ugartemanu/
leonedwardsmma,instagram,Leon Edwards,https://cdn.horizm.com/clubs/4777_64baacf43599b,1367046,2,0.0101,13814,Athlete,https://www.instagram.com/leonedwardsmma/
nicholaspooran,instagram,Nicholas Pooran,https://cdn.horizm.com/clubs/7696_65faecc0419a7,1366842,9,0.0211,28895,Athlete,https://www.instagram.com/nicholaspooran/
cediosman,instagram,Cedi Osman,https://cdn.horizm.com/clubs/3716_64920ab1d8c9f,1366606,1,0.0184,25148,Athlete,https://www.instagram.com/cediosman/
miguel_almiron,instagram,Miguel Almiron,https://cdn.horizm.com/clubs/2250_64a2769f0d785,1363772,5,0.0048,6587,Athlete,https://www.instagram.com/miguel_almiron/
onsjabeur,instagram,Ons Jabeur,https://cdn.horizm.com/clubs/1311_6491cc58597b4,1356928,3,0.0128,17383,Athlete,https://www.instagram.com/onsjabeur
hugocalderano,instagram,Hugo Calderano,https://cdn.horizm.com/clubs/4269_649bd8cf6d74c,1354721,6,0.0099,13422,Athlete,https://www.instagram.com/hugocalderano/
woutvanaert,instagram,Wout van Aert,https://cdn.horizm.com/clubs/5161_64d61136e7e38,1352748,2,0.0333,45042,Athlete,https://www.instagram.com/woutvanaert/
kyrieirving,tiktok,Kyrie Irving,https://cdn.horizm.com/clubs/3113_6491fb548d7eb,1352300,2,0.0224,30317,Athlete,https://www.tiktok.com/@kyrieirving
skybrown,instagram,Sky Brown,https://cdn.horizm.com/clubs/4808de0732bd1cfb051ef0d3a81d28855cdbc36d.jpg,1351142,6,0.1268,171274,Athlete,https://www.instagram.com/skybrown/
kyle_lowry7,instagram,Kyle Lowry,https://cdn.horizm.com/clubs/3714_64920aa09eaf7,1345911,3,0.0312,42029,Athlete,https://www.instagram.com/kyle_lowry7/
micahrichards,instagram,Micah Richards,https://cdn.horizm.com/clubs/2374_6491e7921ef3f,1344099,2,0.1960,263466,Athlete,https://www.instagram.com/micahrichards/
paulabadosa,instagram,Paula Badosa,https://cdn.horizm.com/clubs/1310_6491cc4faebef,1343071,8,0.1407,188985,Athlete,https://www.instagram.com/paulabadosa
aleixespargaro,instagram,Aleix Espargaro,https://cdn.horizm.com/clubs/1823_6491d8c396d74,1336724,17,0.0324,43266,Athlete,https://www.instagram.com/aleixespargaro/
iamgaelmonfils,instagram,Gael Monfils,https://cdn.horizm.com/clubs/1306_6491cc2cadfed,1335998,2,0.0220,29438,Athlete,https://www.instagram.com/iamgaelmonfils
matheusgonze1,instagram,Matheus Gonze,https://cdn.horizm.com/clubs/9165_686b930b8a28d,1333499,35,1.3274,1770073,Athlete,https://www.instagram.com/matheusgonze1/
sergej___21,instagram,Sergej Milinković-Savić,https://cdn.horizm.com/clubs/4901_64baae990a0a5,1330925,9,0.0988,131482,Athlete,https://www.instagram.com/sergej___21/
bkoepka,instagram,Brooks Koepka,https://cdn.horizm.com/clubs/4935_64baaeee2b045,1327244,3,0.0842,111780,Athlete,https://www.instagram.com/bkoepka/
aarongordon,instagram,Aaron Gordon,https://cdn.horizm.com/clubs/5987_650c039301955,1326384,4,0.0268,35483,Athlete,https://www.instagram.com/aarongordon/
jimmypolo10,instagram,Jimmy Garoppolo,https://cdn.horizm.com/clubs/6084_650be37690a87,1323324,1,0.0036,4817,Athlete,https://www.instagram.com/jimmypolo10
jordynhuitema,instagram,Jordyn Huitema,https://cdn.horizm.com/clubs/1902_6491dad36e703,1322571,2,0.0089,11781,Athlete,https://www.instagram.com/jordynhuitema/
robinsoncano,instagram,Robinson Cano,https://cdn.horizm.com/clubs/3726_64920b07db544,1318497,3,0.0048,6326,Athlete,https://www.instagram.com/robinsoncano/
rokisasaki,instagram,Roki Sasaki,https://cdn.horizm.com/clubs/e8fed2d1b887d88c0bcadae1dbabb81b1fbdb99b.jpg,1316053,1,0.0115,15117,Athlete,https://www.instagram.com/rokisasaki/
antoinedupont9,instagram,Antoine Dupont,https://cdn.horizm.com/clubs/4203_649bd718801cc,1309175,2,0.0169,22168,Athlete,https://www.instagram.com/antoinedupont9
sais_1509,instagram,Sai Sudharsan,https://cdn.horizm.com/clubs/8069_664dcd659b9af,1307885,4,0.0268,35015,Athlete,https://www.instagram.com/sais_1509/
asisat_oshoala,instagram,Asisat Oshoala,https://cdn.horizm.com/clubs/1903_6491dadb4137f,1306869,5,0.0305,39825,Athlete,https://www.instagram.com/asisat_oshoala/
aaronramsdale,instagram,Aaron Ramsdale,https://cdn.horizm.com/clubs/2243_6491e42361ee2,1305759,1,0.0085,11130,Athlete,https://www.instagram.com/aaronramsdale/
fikayotomori,instagram,Fikayo Tomori,https://cdn.horizm.com/clubs/4874_64baae59376bd,1305387,3,0.0070,9177,Athlete,https://www.instagram.com/fikayotomori/
medwed33,instagram,Daniil Medvedev,https://cdn.horizm.com/clubs/1295_6491cbca89a38,1305287,4,0.0166,21693,Athlete,https://www.instagram.com/medwed33
junior_maestro_5,instagram,Junior Maestro,https://cdn.horizm.com/clubs/f438262c5846c42880d38de242bdb396a192b6f4.jpg,1303757,8,0.0102,13297,Athlete,https://www.instagram.com/junior_maestro_5/
harshit_rana_06,instagram,Harshit Rana,https://cdn.horizm.com/clubs/8085_664dcff98ec61,1303221,4,0.1267,165123,Athlete,https://www.instagram.com/harshit_rana_06/
ennervalencia1,instagram,Enner Valencia,https://cdn.horizm.com/clubs/2815_6491f33fee871,1301440,5,0.0053,6863,Athlete,https://www.instagram.com/ennervalencia1/
robertharboleda4,instagram,Robert Arboleda,https://cdn.horizm.com/clubs/2816_64a277385b4c2,1300714,4,0.0138,17954,Athlete,https://www.instagram.com/robertharboleda4/
m.ramadhansn,instagram,Ramadhan SANANTA,https://cdn.horizm.com/clubs/3810_64a2758ccacf6,1297464,2,0.0033,4257,Athlete,https://www.instagram.com/m.ramadhansn
carlosalcaraz,tiktok,Carlos Alcaraz,https://cdn.horizm.com/clubs/1299_6491cbee4b5ac,1292454,4,0.0492,63649,Athlete,https://www.tiktok.com/@carlosalcaraz
axelwitsel28,instagram,Axel Witsel,https://cdn.horizm.com/clubs/2405_6491e84c4f433,1290700,4,0.0030,3922,Athlete,https://www.instagram.com/axelwitsel28/
hicham_boudaoui,instagram,Hicham Boudaoui,https://cdn.horizm.com/clubs/6320_65313698ef814,1290301,4,0.0183,23641,Athlete,https://www.instagram.com/hicham_boudaoui/
d.raya1,instagram,David Raya,https://cdn.horizm.com/clubs/2289_6491e54b73194,1286499,1,0.0212,27284,Athlete,https://www.instagram.com/d.raya1
jmglitxh27,instagram,Jamal Murray,https://cdn.horizm.com/clubs/5965_650be27d1d203,1281624,2,0.0118,15178,Athlete,https://www.instagram.com/jmglitxh27/
lindor12bc,instagram,Francisco Lindor,https://cdn.horizm.com/clubs/5324_64d614235d925,1278998,5,0.0233,29797,Athlete,https://www.instagram.com/lindor12bc/
liaml4893,instagram,Liam Livingstone,https://cdn.horizm.com/clubs/1565_6491d35f82198,1276969,2,0.0042,5355,Athlete,https://www.instagram.com/liaml4893/
deco_official,instagram,Deco,https://cdn.horizm.com/clubs/3840_64920ddf93590,1272629,10,0.0123,15650,Athlete,https://www.instagram.com/deco_official/
iamdanilopereira,instagram,Danilo,https://cdn.horizm.com/clubs/2352_6491e6fb04976,1269331,1,0.0068,8673,Athlete,https://www.instagram.com/iamdanilopereira/
leahwilliamsonn,instagram,Leah Williamson,https://cdn.horizm.com/clubs/3093_6491fadfca8a3,1266985,4,0.0449,56893,Athlete,https://www.instagram.com/leahwilliamsonn/
drummond,instagram,Andre Drummond,https://cdn.horizm.com/clubs/3720_64920ad3a8440,1263608,9,0.0055,6909,Athlete,https://www.instagram.com/drummond
kelseyplum10,instagram,Kelsey Plum,https://cdn.horizm.com/clubs/7967_6638a91ab419d,1259118,2,0.0088,11083,Athlete,https://www.instagram.com/kelseyplum10/
viktoraxelsen,instagram,Viktor Axelsen,https://cdn.horizm.com/clubs/8677_66ec302431de2,1253080,11,0.0150,18832,Athlete,https://www.instagram.com/viktoraxelsen/
locamanuel73,instagram,Manuel Locatelli,https://cdn.horizm.com/clubs/4915_64baaebab0f25,1251079,4,0.0242,30262,Athlete,https://www.instagram.com/locamanuel73/
benshelton,instagram,Ben Shelton,https://cdn.horizm.com/clubs/2098_6491e03ac1933,1249755,9,0.1360,169945,Athlete,https://www.instagram.com/benshelton/
riyanhparag,instagram,Riyan Parag,https://cdn.horizm.com/clubs/8086_664dcd8a3810b,1236789,3,0.0221,27332,Athlete,https://www.instagram.com/riyanhparag/
rahmanullahgurbaz31,tiktok,Rahmanullah Gurbaz,https://cdn.horizm.com/clubs/9035_6853ebbe94e82,1236309,2,0.0648,80090,Athlete,https://www.tiktok.com/@rahmanullahgurbaz31
jennihermoso,instagram,Jenni Hermoso,https://cdn.horizm.com/clubs/5146_64f6e8409f10d,1233244,2,0.0009,1143,Athlete,https://www.instagram.com/jennihermoso/
boniface_jrn,instagram,Victor Boniface,https://cdn.horizm.com/clubs/7324_65b0ae136a1b3,1229289,2,0.0062,7579,Athlete,https://www.instagram.com/boniface_jrn/
jewellloyd,instagram,Jewell Loyd,https://cdn.horizm.com/clubs/7954_6638a8c111227,1228531,7,0.0047,5750,Athlete,https://www.instagram.com/jewellloyd/
dustinjohnsongolf,instagram,Dustin Johnson,https://cdn.horizm.com/clubs/4953_64baaf1b1d3b5,1226904,4,0.0299,36698,Athlete,https://www.instagram.com/dustinjohnsongolf/
theanthonyedwards_,tiktok,Anthony Edwards,https://cdn.horizm.com/clubs/3718_64920ac2708f9,1223465,9,0.0700,85698,Athlete,https://www.tiktok.com/@theanthonyedwards_
fkerley99,instagram,Fred Kerley,https://cdn.horizm.com/clubs/2995_6491f87c7c672,1219099,22,0.0240,29201,Athlete,https://www.instagram.com/fkerley99/
maryearps,tiktok,Mary Earps,https://cdn.horizm.com/clubs/832feb74c37fd1e8d3f6f3b31689837110b60a98.jpg,1215430,9,0.0043,5216,Athlete,https://www.tiktok.com/@maryearps
paulscholesaaa,instagram,Paul Scholes,https://cdn.horizm.com/clubs/2380_64a276bee6346,1212922,63,0.0000,0,Athlete,https://www.instagram.com/paulscholesaaa/
nellykorda,instagram,Nelly Korda,https://cdn.horizm.com/clubs/3050_6491fa020e667,1212006,4,0.0575,69704,Athlete,https://www.instagram.com/nellykorda/
hannibal.mj,instagram,Hannibal Mejbri,https://cdn.horizm.com/clubs/6669_65312e8332650,1211932,7,0.0607,73586,Athlete,https://www.instagram.com/hannibal.mj/
luisfabianooficial,instagram,Luis Fabiano,https://cdn.horizm.com/clubs/3833_64920dac1fa11,1210608,5,0.0028,3365,Athlete,https://www.instagram.com/luisfabianooficial/
salorondon23,instagram,Salomón Rondón,https://cdn.horizm.com/clubs/2848_6491f43ea598f,1207041,10,0.0122,14769,Athlete,https://www.instagram.com/salorondon23/
rachinravindra,instagram,Rachin Ravindra,https://cdn.horizm.com/clubs/6289_6531367bbeccc,1198788,1,0.0012,1462,Athlete,https://www.instagram.com/rachinravindra/
tomasrincon8,instagram,Tomás Rincón,https://cdn.horizm.com/clubs/2852_6491f45777934,1196127,4,0.0036,4247,Athlete,https://www.instagram.com/tomasrincon8/
upamecano,instagram,Dayot Upamecano,https://cdn.horizm.com/clubs/4796_64baad3cc9dba,1194454,4,0.0118,14070,Athlete,https://www.instagram.com/upamecano/
mstarc56,instagram,Mitchell Starc,https://cdn.horizm.com/clubs/89574872d9f7c7cb787b3beb55050cbfb9c7c4cd.jpg,1193927,1,0.0052,6161,Athlete,https://www.instagram.com/mstarc56/
ronnie,instagram,Ronnie O'Sullivan,https://cdn.horizm.com/clubs/5934_650be240682fa,1192816,6,0.0176,20994,Athlete,https://www.instagram.com/ronnie/
nikkigarcia,tiktok,Nikki Garcia,https://cdn.horizm.com/clubs/4135_649bd521467aa,1192063,1,0.0039,4699,Athlete,https://www.tiktok.com/@nikkigarcia
josefmartinez17,instagram,Josef Martinez,https://cdn.horizm.com/clubs/2849_6491f4471f5a3,1187844,2,0.0038,4523,Athlete,https://www.instagram.com/josefmartinez17/
remco.ev,instagram,Remco Evenepoel,https://cdn.horizm.com/clubs/5158_64d61122dbf6b,1187241,9,0.0916,108753,Athlete,https://www.instagram.com/remco.ev/
andreysantos_5,instagram,Andrey Santos,https://cdn.horizm.com/clubs/8936_67ffb8be7a2e9,1186221,4,0.0081,9575,Athlete,https://www.instagram.com/andreysantos_5/
rico.lewis,instagram,Rico Lewis,https://cdn.horizm.com/clubs/34594c4f41f760126450f40f2306ed97e7cf9d48.jpg,1186196,1,0.0099,11698,Athlete,https://www.instagram.com/rico.lewis/
3jmccollum,instagram,C.J. McCollum,https://cdn.horizm.com/clubs/3719_64920acb08020,1181481,14,0.0540,63814,Athlete,https://www.instagram.com/3jmccollum/
mattiaperin,instagram,Mattia Perin,https://cdn.horizm.com/clubs/6569_65312b5a01182,1177526,2,0.0027,3216,Athlete,https://www.instagram.com/mattiaperin/
wzairemery6,instagram,Warren Zaïre-Emery,https://cdn.horizm.com/clubs/6301_65313684ab28e,1172926,6,0.0134,15749,Athlete,https://www.instagram.com/wzairemery6/
conorgallagher92,instagram,Conor Gallagher,https://cdn.horizm.com/clubs/2265_64a276a700648,1172331,5,0.0865,101369,Athlete,https://www.instagram.com/conorgallagher92/
jordynhuitemaa,tiktok,Jordyn Huitema,https://cdn.horizm.com/clubs/1902_6491dad36e703,1170687,1,0.0030,3474,Athlete,https://www.tiktok.com/@jordynhuitemaa
aaronfinch5,instagram,Aaron Finch,https://cdn.horizm.com/clubs/1561_6491d34d48c3f,1162841,7,0.0154,17931,Athlete,https://www.instagram.com/aaronfinch5/
darvishsefat11,instagram,Yu Darvish,https://cdn.horizm.com/clubs/3733_64920b43a2aec,1162608,2,0.0094,10983,Athlete,https://www.instagram.com/darvishsefat11/
chloekim,instagram,Chloe Kim,https://cdn.horizm.com/clubs/4149_649bd5911ac74,1155600,7,0.0701,80986,Athlete,https://www.instagram.com/chloekim/
ismaila_sarr_18,instagram,Ismaïla Sarr,https://cdn.horizm.com/clubs/6366_653125b0e6010,1154038,4,0.0220,25382,Athlete,https://www.instagram.com/ismaila_sarr_18
nicolofagioli,instagram,Nicolo Fagioli,https://cdn.horizm.com/clubs/4931_64baaee33ab56,1153579,4,0.0095,10947,Athlete,https://www.instagram.com/nicolofagioli/
otaviomonteiroo,instagram,Otavio,https://cdn.horizm.com/clubs/2355_6491e713e58b5,1151429,3,0.0020,2349,Athlete,https://www.instagram.com/otaviomonteiroo
sydneyleroux,instagram,Sydney Rae Leroux,https://cdn.horizm.com/clubs/4238_649bd8053b9f9,1149667,5,0.0191,21971,Athlete,https://www.instagram.com/sydneyleroux/
tatiwest,instagram,Tatiana Weston Webb,https://cdn.horizm.com/clubs/4824_64baada523671,1146246,3,0.0058,6675,Athlete,https://www.instagram.com/tatiwest
callumwilson,instagram,Callum Wilson,https://cdn.horizm.com/clubs/2249_6491e445b4d24,1142693,3,0.0140,15949,Athlete,https://www.instagram.com/callumwilson/
_thecubanmissile54,instagram,Aroldis Chapman,https://cdn.horizm.com/clubs/6835_6565a9aa35721,1130490,1,0.0032,3582,Athlete,https://www.instagram.com/_thecubanmissile54/
j0rdanclarks0n,tiktok,Jordan Clarkson,https://cdn.horizm.com/clubs/3707_64920a64b13d9,1127527,1,0.0005,557,Athlete,https://www.tiktok.com/@j0rdanclarks0n
ddumfries2,instagram,Denzel Dumfries,https://cdn.horizm.com/clubs/4916_64baaebcb19b0,1126858,2,0.0212,23910,Athlete,https://www.instagram.com/ddumfries2/
nitishrana_official,instagram,Nitish Rana,https://cdn.horizm.com/clubs/9086_6853ec824780d,1126363,1,0.0125,14035,Athlete,https://www.instagram.com/nitishrana_official/
doanvanhau_1904,instagram,Van Hau DOAN,https://cdn.horizm.com/clubs/3800_64a2782eb5f80,1121636,6,0.0217,24374,Athlete,https://www.instagram.com/doanvanhau_1904/
tjwatt90,instagram,T.J. Watt,https://cdn.horizm.com/clubs/3768_64920c55a295a,1119869,1,0.0034,3822,Athlete,https://www.instagram.com/tjwatt90/
adam.ondra,instagram,Adam Ondra,,1118567,12,0.0197,22027,Athlete,https://www.instagram.com/adam.ondra/
caoimhinkelleher98,instagram,Caoimhin Kelleher,https://cdn.horizm.com/clubs/2783_64a2772cb5a4f,1114757,1,0.0166,18501,Athlete,https://www.instagram.com/caoimhinkelleher98/
liekemartens,instagram,Lieke Martens,https://cdn.horizm.com/clubs/1907_6491daf433042,1114572,1,0.0013,1429,Athlete,https://www.instagram.com/liekemartens/
zeroberto,tiktok,Zé Roberto,https://cdn.horizm.com/clubs/3854_64920e1b37940,1113685,5,0.0005,537,Athlete,https://www.tiktok.com/@zeroberto
sirmofarah,tiktok,Mo Farah,https://cdn.horizm.com/clubs/4756_64baacaf27229,1109752,4,0.0032,3522,Athlete,https://www.tiktok.com/@sirmofarah
j4juanoficial,instagram,Juan,https://cdn.horizm.com/clubs/3844_64a275a86e5a8,1107320,1,0.0002,240,Athlete,https://www.instagram.com/j4juanoficial/
julianbrandt,instagram,Julian Brandt,https://cdn.horizm.com/clubs/4787_64baad0657e5b,1106295,1,0.0026,2841,Athlete,https://www.instagram.com/julianbrandt/
timdavid8,instagram,Tim David,https://cdn.horizm.com/clubs/2975_6491f7d119de3,1105474,1,0.0018,1951,Athlete,https://www.instagram.com/timdavid8/
candaceparker,instagram,Candace Parker,https://cdn.horizm.com/clubs/4144_649bd5662ae62,1104014,6,0.0823,90904,Athlete,https://www.instagram.com/candaceparker/
sakinakarchaoui,instagram,Sakina Karchaoui,https://cdn.horizm.com/clubs/4234_649bd7e404edf,1103370,2,0.0113,12488,Athlete,https://www.instagram.com/sakinakarchaoui/
benfcyclinggk,tiktok,Ben Foster,https://cdn.horizm.com/clubs/4774_64baace4dfee6,1095482,30,0.1132,124042,Athlete,https://www.tiktok.com/@benfcyclinggk
dancarter_,instagram,Dan Carter,https://cdn.horizm.com/clubs/4206_649bd7311c71e,1093087,4,0.0328,35895,Athlete,https://www.instagram.com/dancarter_
saddilramdanii,instagram,Saddil RAMDANI,https://cdn.horizm.com/clubs/3808_64a2784892c2a,1087837,2,0.0193,21008,Athlete,https://www.instagram.com/saddilramdanii/
crazylongjumper,instagram,Lamont Marcell Jacobs,https://cdn.horizm.com/clubs/3005_6491f8bfb3faa,1084153,2,0.0068,7330,Athlete,https://www.instagram.com/crazylongjumper
bam1of1,instagram,Bam Adebayo,https://cdn.horizm.com/clubs/5968_650be284776de,1081757,1,0.0063,6867,Athlete,https://www.instagram.com/bam1of1/
salvadorp13,instagram,Salvador Perez,https://cdn.horizm.com/clubs/5846_650be199b1c13,1078261,2,0.0352,37990,Athlete,https://www.instagram.com/salvadorp13/
oficialthneves10,instagram,Thiago Neves,https://cdn.horizm.com/clubs/3843_64920de801a25,1077354,1,0.0045,4880,Athlete,https://www.instagram.com/oficialthneves10/
senlakshya,instagram,Lakshya Sen,https://cdn.horizm.com/clubs/3035_6491f99450464,1076770,7,0.0096,10377,Athlete,https://www.instagram.com/senlakshya/
leivalucas,instagram,Lucas Leiva,https://cdn.horizm.com/clubs/3858_64920e34b48a4,1076217,5,0.0107,11490,Athlete,https://www.instagram.com/leivalucas/
dhruvjurel,instagram,Dhruv Jurel,https://cdn.horizm.com/clubs/7682_65faeca2b0ea9,1072315,2,0.0039,4200,Athlete,https://www.instagram.com/dhruvjurel/
joaopalhinha6,instagram,Joao Palhinha,https://cdn.horizm.com/clubs/25f93aee6cae495505f317aed22594bfd5907653.jpg,1071509,3,0.0103,11022,Athlete,https://www.instagram.com/joaopalhinha6/
jdoku11,tiktok,Jeremy Doku,https://cdn.horizm.com/clubs/1850_6491d9a101f87,1070567,2,0.0056,6019,Athlete,https://www.tiktok.com/@jdoku11
streetpanna,instagram,Jack Downer,https://cdn.horizm.com/clubs/3650_649209ca85cac,1069590,16,0.2554,273148,Athlete,https://www.instagram.com/streetpanna
olliewatkins,instagram,Ollie Watkins,https://cdn.horizm.com/clubs/2307_64a276b040e60,1066252,4,0.0207,22046,Athlete,https://www.instagram.com/olliewatkins
jimmya9,instagram,James Anderson,https://cdn.horizm.com/clubs/2989_6491f84856582,1065275,1,0.0010,1036,Athlete,https://www.instagram.com/jimmya9/
diogomcosta99,instagram,Diogo Costa,https://cdn.horizm.com/clubs/2219_6491e38297c9f,1061753,10,0.0354,37635,Athlete,https://www.instagram.com/diogomcosta99/
cocogauff,tiktok,Coco Gauff,https://cdn.horizm.com/clubs/1317_6491cc847a22d,1057093,5,0.0392,41478,Athlete,https://www.tiktok.com/@cocogauff
manulanzini,instagram,Manuel Lanzini,https://cdn.horizm.com/clubs/6228_650be4ccd6ebb,1054732,5,0.0046,4864,Athlete,https://www.instagram.com/manulanzini/
germancano14,instagram,German Cano,https://cdn.horizm.com/clubs/6016_650be2e10f6f5,1054089,4,0.0252,26533,Athlete,https://www.instagram.com/germancano14/
matt_barnes9,instagram,Matt Barnes,https://cdn.horizm.com/clubs/6468_653128b17afe2,1052662,4,0.0277,29193,Athlete,https://www.instagram.com/matt_barnes9/
subbanator,instagram,P.K. Subban,https://cdn.horizm.com/clubs/3743_64920b8843ada,1049933,26,0.1881,197499,Athlete,https://www.instagram.com/subbanator/
rjbarrett,instagram,R.J. Barrett,https://cdn.horizm.com/clubs/5981_650be29f5b36a,1048820,2,0.0075,7865,Athlete,https://www.instagram.com/rjbarrett/
malogusto,instagram,Malo Gusto,https://cdn.horizm.com/clubs/7359_65b0aed8531f4,1048139,5,0.0445,46600,Athlete,https://www.instagram.com/malogusto
travishead34,instagram,Travis Head,https://cdn.horizm.com/clubs/6244_65313653a7cc2,1046263,6,0.1088,113872,Athlete,https://www.instagram.com/travishead34/
grimaldo35,instagram,Alex Grimaldo,https://cdn.horizm.com/clubs/7327_65b0ae1eea00b,1041776,4,0.0091,9438,Athlete,https://www.instagram.com/grimaldo35/
radiocraqueneto,tiktok,Jose Ferreira Neto,https://cdn.horizm.com/clubs/3406_64920398a6736,1041773,193,0.0146,15175,Athlete,https://www.tiktok.com/@radiocraqueneto
r.aitnouri,instagram,Rayan Ait-Nouri,,1040939,2,0.0167,17364,Athlete,https://www.instagram.com/r.aitnouri/
joemarler17,instagram,Joe Marler,https://cdn.horizm.com/clubs/5048_64bab012efa78,1038617,25,0.5312,551695,Athlete,https://www.instagram.com/joemarler17/
gerorulli,instagram,Geronimo Rulli,https://cdn.horizm.com/clubs/1846_6491d97e37f23,1038201,5,0.0066,6811,Athlete,https://www.instagram.com/gerorulli/
carlilloyd,instagram,Carli Loyd,https://cdn.horizm.com/clubs/1906_6491daeb8e76d,1037226,3,0.0079,8223,Athlete,https://www.instagram.com/carlilloyd/
josemariagimenez,instagram,Jose Gimenez,https://cdn.horizm.com/clubs/2398_6491e81a2ba2f,1035353,5,0.0078,8034,Athlete,https://www.instagram.com/josemariagimenez/
jalenbrunson1,instagram,Jalen Brunson,https://cdn.horizm.com/clubs/5974_650be29195dc7,1031669,2,0.0179,18436,Athlete,https://www.instagram.com/jalenbrunson1/
holgerrune,instagram,Holger Rune,https://cdn.horizm.com/clubs/5063_64bab03d15601,1022830,8,0.0803,82107,Athlete,https://www.instagram.com/holgerrune/
sofyanamrabat,tiktok,Sofyan Amrabat,https://cdn.horizm.com/clubs/d224c48b52399d351063aa5fe5a29c5692f2fff5.jpg,1013188,1,0.0008,842,Athlete,https://www.tiktok.com/@sofyanamrabat
kelvinhoefler,instagram,Kelvin Hofler,https://cdn.horizm.com/clubs/3382_649202d279ce0,1013040,2,0.0035,3545,Athlete,https://www.instagram.com/kelvinhoefler/
willjacks9,instagram,Will Jacks,https://cdn.horizm.com/clubs/8090_664dcdae2d801,1011395,3,0.0639,64638,Athlete,https://www.instagram.com/willjacks9/
corentintolisso,instagram,Corentin Tolisso,https://cdn.horizm.com/clubs/6342_65312509c8259,1010402,7,0.0125,12631,Athlete,https://www.instagram.com/corentintolisso/
crisrozeira,instagram,Cristiane Rozeira,https://cdn.horizm.com/clubs/1905_64a27687a6dc5,1006535,10,0.0081,8117,Athlete,https://www.instagram.com/crisrozeira/
juliusrandle30,instagram,Julius Randle,https://cdn.horizm.com/clubs/5975_650be293d38fe,1006500,1,0.0040,3987,Athlete,https://www.instagram.com/juliusrandle30/
deanhenderson,instagram,Dean Henderson,https://cdn.horizm.com/clubs/2239_6491e409d9e9e,1004878,2,0.0006,599,Athlete,https://www.instagram.com/deanhenderson/
cueva10oficial,instagram,Christian Cueva,https://cdn.horizm.com/clubs/2832_6491f3c03cde5,1002308,2,0.0018,1844,Athlete,https://www.instagram.com/cueva10oficial/
lukethenukelittler,tiktok,Luke Littler,https://cdn.horizm.com/clubs/7364_65b0af1069553,1001808,17,0.2588,259313,Athlete,https://www.tiktok.com/@lukethenukelittler
shafalisverma17,instagram,Shafali Verma,https://cdn.horizm.com/clubs/2430_6491e8ee0dee6,999610,7,0.0422,42172,Athlete,https://www.instagram.com/shafalisverma17/
gabrielpec,instagram,Gabriel Pec,https://cdn.horizm.com/clubs/6033_650be30231944,996081,4,0.0137,13673,Athlete,https://www.instagram.com/gabrielpec/
logansargeant,instagram,Logan Sargeant,https://cdn.horizm.com/clubs/3457_649204cdc8fc4,994610,4,0.0420,41809,Athlete,https://www.instagram.com/logansargeant/
pjtucker,instagram,P.J. Tucker,https://cdn.horizm.com/clubs/7945_6638b2ae5fa35,982912,3,0.0187,18342,Athlete,https://www.instagram.com/pjtucker
facupellistri,instagram,Facundo Pellistri,https://cdn.horizm.com/clubs/4310_649bd9bdc1bff,982474,1,0.0010,939,Athlete,https://www.instagram.com/facupellistri/
lawestt_,instagram,Wesley Fofana,https://cdn.horizm.com/clubs/f62f66fb6db4903b033a20add9677e61d8b6c11b.jpg,982146,2,0.0119,11716,Athlete,https://www.instagram.com/lawestt_/
zielu_94,instagram,Piotr Zielinski,https://cdn.horizm.com/clubs/4910_64baaeaf88865,978436,5,0.0479,46860,Athlete,https://www.instagram.com/zielu_94
cadecunn1ngham,instagram,Cade Cunningham,https://cdn.horizm.com/clubs/7925_6638a7f5efcbf,978051,2,0.2558,250219,Athlete,https://www.instagram.com/cadecunn1ngham
julioenciso.33,instagram,Julio Enciso,https://cdn.horizm.com/clubs/4341_649bda82d1243,976465,11,0.0437,42660,Athlete,https://www.instagram.com/julioenciso.33/
edmundosouza10,instagram,Edmundo Souza,https://cdn.horizm.com/clubs/3428_64920400b909e,976161,3,0.0018,1730,Athlete,https://www.instagram.com/edmundosouza10/
pedroscooby,tiktok,Pedro Scooby,https://cdn.horizm.com/clubs/3370_649202850d159,975567,2,0.0077,7516,Athlete,https://www.tiktok.com/@pedroscooby
austonmatthews,instagram,Auston Mathews,https://cdn.horizm.com/clubs/3760_64920c11720dc,973924,3,0.0633,61632,Athlete,https://www.instagram.com/austonmatthews/
hbarnes,instagram,Harrison Barnes,https://cdn.horizm.com/clubs/6009_650c03e2d3d08,970574,3,0.0990,96070,Athlete,https://www.instagram.com/hbarnes/
itsandreabotez,instagram,Andrea Botez,https://cdn.horizm.com/clubs/6079_650be36acbcf7,961790,10,0.1085,104388,Athlete,https://www.instagram.com/itsandreabotez/
bubbawatson,instagram,Bubba Watson,https://cdn.horizm.com/clubs/4983_64baaf61b0bf5,955254,13,0.0816,77945,Athlete,https://www.instagram.com/bubbawatson/
37pedroacosta,instagram,Pedro Acosta,https://cdn.horizm.com/clubs/3326_64920164e6984,952194,6,0.0277,26390,Athlete,https://www.instagram.com/37pedroacosta/
rossbarkley,instagram,Ross Barkley,https://cdn.horizm.com/clubs/7337_65b0ae4bd58fb,952074,1,0.0027,2541,Athlete,https://www.instagram.com/rossbarkley/
marnus3,instagram,Marnus Labuschagne,https://cdn.horizm.com/clubs/6246_6531228fc750b,948168,13,0.0787,74655,Athlete,https://www.instagram.com/marnus3/
safawirasid29,instagram,Safawi RASID,https://cdn.horizm.com/clubs/3817_64a27599bc418,943769,4,0.0006,590,Athlete,https://www.instagram.com/safawirasid29
iamtrayvonbromell,instagram,Trayvon Bromell,https://cdn.horizm.com/clubs/3556_64920799e77ff,940165,5,0.0053,5021,Athlete,https://www.instagram.com/iamtrayvonbromell/
jbairstow21,instagram,Jonny Bairstow,https://cdn.horizm.com/clubs/2981_6491f80413694,938179,3,0.0057,5324,Athlete,https://www.instagram.com/jbairstow21
ivantoney1,instagram,Ivan Toney,https://cdn.horizm.com/clubs/2297_6491e57e4aadb,937655,9,0.0781,73216,Athlete,https://www.instagram.com/ivantoney1
minwoo27lee,instagram,Min Woo Lee,https://cdn.horizm.com/clubs/5092_64d60f570e47c,937250,6,0.0882,82686,Athlete,https://www.instagram.com/minwoo27lee/
alexrins,instagram,Alex Rins,https://cdn.horizm.com/clubs/1826_6491d8dcb67b1,936210,9,0.0393,36809,Athlete,https://www.instagram.com/alexrins/
mattycash622,instagram,Matthew (Matty) Cash,https://cdn.horizm.com/clubs/1441_6491d00595f2d,936118,1,0.0089,8365,Athlete,https://www.instagram.com/mattycash622/
linda__caicedo11,instagram,Linda Caicedo,https://cdn.horizm.com/clubs/5151_64d610e84d6d4,930202,3,0.0043,4035,Athlete,https://www.instagram.com/linda__caicedo11/
fernandoprassoficial,instagram,Fernando Prass,https://cdn.horizm.com/clubs/3857_64920e2c31e5c,930182,2,0.0054,5060,Athlete,https://www.instagram.com/fernandoprassoficial/
jonasvingegaard,instagram,Jonas Vingegaard,https://cdn.horizm.com/clubs/5159_64f6e84a6195e,928307,1,0.0054,4970,Athlete,https://www.instagram.com/jonasvingegaard/
bebeto7,instagram,Bebeto,https://cdn.horizm.com/clubs/3828_64920d808a9ab,925596,4,0.0085,7845,Athlete,https://www.instagram.com/bebeto7/
lj10,instagram,Lauren James,https://cdn.horizm.com/clubs/1440_6491cffd0ef78,924663,3,0.0185,17075,Athlete,https://www.instagram.com/lj10
undertaker,tiktok,The Undertaker Mark Calaway,https://cdn.horizm.com/clubs/6781_6565b8e8864e6,924130,2,0.0045,4119,Athlete,https://www.tiktok.com/@undertaker
spina_leo,instagram,Leonardo Spinazzola,https://cdn.horizm.com/clubs/6563_6531373222ec0,924055,2,0.0218,20170,Athlete,https://www.instagram.com/spina_leo
williaaaams11,instagram,Inaki Williams,https://cdn.horizm.com/clubs/7144_6583eb191670e,922279,3,0.0179,16506,Athlete,https://www.instagram.com/williaaaams11/
rpatricio1,instagram,Rui Patricio,https://cdn.horizm.com/clubs/0acae658118984fc30d6cad1c0ba6b4b3d21cf6e.jpg,920854,6,0.0040,3675,Athlete,https://www.instagram.com/rpatricio1/
katieledecky,instagram,Katie Ledecky,https://cdn.horizm.com/clubs/3016_6491f90480759,914689,9,0.0590,53980,Athlete,https://www.instagram.com/katieledecky/
francisco.conceicao7,instagram,Francisco Conceicao,https://cdn.horizm.com/clubs/2742_6491f1cc353fe,914152,3,0.0292,26721,Athlete,https://www.instagram.com/francisco.conceicao7
jackmilleraus,instagram,Jack Miller,https://cdn.horizm.com/clubs/1824_6491d8cc03808,912978,7,0.1432,130701,Athlete,https://www.instagram.com/jackmilleraus/
cody_bellinger,instagram,Cody Bellinger,https://cdn.horizm.com/clubs/5925_650be22e83c33,911667,4,0.1310,119470,Athlete,https://www.instagram.com/cody_bellinger/
wilfriedzaha,tiktok,Wilfred Zaha,https://cdn.horizm.com/clubs/2284_6491e52b0504c,911057,1,0.0016,1450,Athlete,https://www.tiktok.com/@wilfriedzaha
janja_garnbret,instagram,Janja Garnbret,,910690,3,0.0216,19675,Athlete,https://www.instagram.com/janja_garnbret/
pedrovictor38_,instagram,Pedrinho,https://cdn.horizm.com/clubs/3413_64a2779fc5e22,910275,1,0.0020,1784,Athlete,https://www.instagram.com/pedrovictor38_/
@notamendi30,tiktok,Nicolas Otamendi,https://cdn.horizm.com/clubs/1886_6491da64bda5a,910117,4,0.0012,1116,Athlete,https://www.tiktok.com/@notamendi30
reissnelson,instagram,Reiss Nelson,https://cdn.horizm.com/clubs/4301_649bd9785a304,908148,1,0.0073,6601,Athlete,https://www.instagram.com/reissnelson/
stuartbroad,instagram,Stuart Broad,https://cdn.horizm.com/clubs/2990_6491f8510dd5b,907084,8,0.0259,23499,Athlete,https://www.instagram.com/stuartbroad/
borjamayoral,instagram,Borja Mayoral,https://cdn.horizm.com/clubs/6370_653125da4beff,906150,1,0.0004,359,Athlete,https://www.instagram.com/borjamayoral/
arizz_44,instagram,Anthony Rizzo,https://cdn.horizm.com/clubs/3722_64920ae5517d2,901726,5,0.1450,130779,Athlete,https://www.instagram.com/arizz_44/
dangerusswilson,tiktok,Russell Wilson,https://cdn.horizm.com/clubs/6602_65312c5ace9d3,900491,2,0.0360,32458,Athlete,https://www.tiktok.com/@dangerusswilson
goncaloramos88,instagram,Gonçalo Ramos,https://cdn.horizm.com/clubs/1883_6491da53a2524,899656,5,0.0202,18183,Athlete,https://www.instagram.com/goncaloramos88/
justinprose99,instagram,Justin Rose,https://cdn.horizm.com/clubs/5081_64d60efeaeef7,899139,19,0.0797,71683,Athlete,https://www.instagram.com/justinprose99/
lucybronze,instagram,Lucy Bronze,https://cdn.horizm.com/clubs/2798_6491f2b8b0b83,898839,9,0.0569,51187,Athlete,https://www.instagram.com/lucybronze/
alikrieger,instagram,Ali Krieger,https://cdn.horizm.com/clubs/4159_649bd5e559b40,897064,3,0.0289,25881,Athlete,https://www.instagram.com/alikrieger/
jasonroy20,instagram,Jason Roy,https://cdn.horizm.com/clubs/6248_653122a5561a5,896960,4,0.0048,4278,Athlete,https://www.instagram.com/jasonroy20/
taylor_fritz,instagram,Taylor Fritz,https://cdn.horizm.com/clubs/3022_6491f937b5477,895748,11,0.0652,58447,Athlete,https://www.instagram.com/taylor_fritz/
maxxcrosby,instagram,Maxx Crosby,https://cdn.horizm.com/clubs/6607_65312c8ca7c1b,895363,3,0.1993,178443,Athlete,https://www.instagram.com/maxxcrosby
julieertz,instagram,Julie Ertz,https://cdn.horizm.com/clubs/1904_6491dae3bb748,890872,1,0.0131,11697,Athlete,https://www.instagram.com/julieertz/
lennart_kl10,instagram,Lennart Karl,,888597,6,0.0865,76908,Athlete,https://www.instagram.com/lennart_kl10
dilorenzo22,instagram,Giovanni Di Lorenzo,https://cdn.horizm.com/clubs/4923_64baaece9afbc,880240,18,0.0162,14240,Athlete,https://www.instagram.com/dilorenzo22/
officialtommyfleetwood,instagram,Tommy Fleetwood,https://cdn.horizm.com/clubs/4939_64baaef6b74cd,878309,5,0.0939,82431,Athlete,https://www.instagram.com/officialtommyfleetwood/
tommycaldwell,instagram,Tommy Caldwell,,876230,2,0.0168,14695,Athlete,https://www.instagram.com/tommycaldwell/
radhay21,instagram,Radha Yadav,https://cdn.horizm.com/clubs/2935_6491f6b871da8,875241,5,0.0643,56271,Athlete,https://www.instagram.com/radhay21/
mickyvdven,instagram,Micky van de Ven,https://cdn.horizm.com/clubs/6219_650be493a7446,874462,1,0.0797,69670,Athlete,https://www.instagram.com/mickyvdven
saulniguez,tiktok,Saul Niguez,https://cdn.horizm.com/clubs/2368_6491e77113530,872770,1,0.0075,6537,Athlete,https://www.tiktok.com/@saulniguez
cooperkupp,instagram,Cooper Kupp,https://cdn.horizm.com/clubs/3765_64920c3af09dc,871846,7,0.2699,235289,Athlete,https://www.instagram.com/cooperkupp/
florentmanaudou,instagram,Florent Manaudou,https://cdn.horizm.com/clubs/3015_6491f8fc1c326,871318,1,0.0123,10749,Athlete,https://www.instagram.com/florentmanaudou/
bremer,instagram,Gleison Bremer,https://cdn.horizm.com/clubs/6567_653137367ff69,871058,7,0.0255,22188,Athlete,https://www.instagram.com/bremer/
dantebahia,instagram,Dante Bonfim,https://cdn.horizm.com/clubs/6306_6531243c05f1a,870974,6,0.0028,2466,Athlete,https://www.instagram.com/dantebahia/
amoroso,instagram,Marcio Amoroso,https://cdn.horizm.com/clubs/3850_64920e0197340,870547,11,0.0067,5791,Athlete,https://www.instagram.com/amoroso
gabimartinelli,tiktok,Gabriel Martinelli,https://cdn.horizm.com/clubs/2248_6491e43cea207,869495,2,0.0166,14459,Athlete,https://www.tiktok.com/@gabimartinelli
thyfreestylesoccer,tiktok,Pham Trong Thy,https://cdn.horizm.com/clubs/6d5a5bc83ea7c4e7ece96a82497ad6c30789385e.jpg,868169,14,0.0788,68383,Athlete,https://www.tiktok.com/@thyfreestylesoccer
bishnoi6476,instagram,Ravi Bishnoi,https://cdn.horizm.com/clubs/7711_65faed010f503,866272,9,0.2278,197378,Athlete,https://www.instagram.com/bishnoi6476/
dannywelbeck,instagram,Danny Welbeck,https://cdn.horizm.com/clubs/4340_649bda7a5764b,866001,2,0.0171,14815,Athlete,https://www.instagram.com/dannywelbeck/
caiobaribeiro,instagram,Caio Ribeiro,https://cdn.horizm.com/clubs/3412_649203b25e890,864022,4,0.0008,725,Athlete,https://www.instagram.com/caiobaribeiro/
jrue_holiday11,instagram,Jrue Holiday,https://cdn.horizm.com/clubs/2489_6491ea44e43cf,862382,3,0.0219,18920,Athlete,https://www.instagram.com/jrue_holiday11/
marcosleonardo09,instagram,Marcos Leonardo,https://cdn.horizm.com/clubs/6030_650be2fd3358b,857342,4,0.0989,84819,Athlete,https://www.instagram.com/marcosleonardo09
glennphillips236,instagram,Glenn Phillips,https://cdn.horizm.com/clubs/2988_6491f83f9b3e4,857153,6,0.0953,81662,Athlete,https://www.instagram.com/glennphillips236/
pskills43,instagram,Pascal Siakam,https://cdn.horizm.com/clubs/5963_650be27826f52,856344,12,0.1388,118876,Athlete,https://www.instagram.com/pskills43/
sergioliveira27,instagram,Sergio Oliveira,https://cdn.horizm.com/clubs/08c4552d11384f3fd9b9b791fa3a59b886b96201.png,855273,7,0.0039,3361,Athlete,https://www.instagram.com/sergioliveira27
alex_albon,tiktok,Alexander Albon,https://cdn.horizm.com/clubs/1276_6491cb27899f1,854659,1,0.0091,7801,Athlete,https://www.tiktok.com/@alex_albon
hopesolo,instagram,Hope Solo,https://cdn.horizm.com/clubs/4185_649bd6ae64249,853720,2,0.0024,2020,Athlete,https://www.instagram.com/hopesolo/
alvaroodriozola,instagram,Alvaro Odriozola,https://cdn.horizm.com/clubs/1393_64b629d2cf05f,853388,7,0.0180,15340,Athlete,https://www.instagram.com/alvaroodriozola/
niclas.fuellkrug24,instagram,Niclas Füllkrug,https://cdn.horizm.com/clubs/7338_65b0b9bc4521d,850289,14,0.3119,265195,Athlete,https://www.instagram.com/niclas.fuellkrug24
bethanyhamiltonofficial,tiktok,Bethany Hamilton,https://cdn.horizm.com/clubs/4152_649bd5aae878c,845669,1,0.0038,3246,Athlete,https://www.tiktok.com/@bethanyhamiltonofficial
diegolugano,instagram,Diego Lugano,https://cdn.horizm.com/clubs/3849_64920df98444e,842829,2,0.0017,1467,Athlete,https://www.instagram.com/diegolugano/
therealpitsomosimane,instagram,Pitso Mosimane,https://cdn.horizm.com/clubs/8525_66ec2e6b67262,841834,1,0.0009,737,Athlete,https://www.instagram.com/therealpitsomosimane/
bogdanbogdanovic,instagram,Bogdan Bogdanović,https://cdn.horizm.com/clubs/7826_66ec2add1ad87,840989,1,0.0028,2378,Athlete,https://www.instagram.com/bogdanbogdanovic
ellatoone,instagram,Ella Toone,https://cdn.horizm.com/clubs/4182_649bd6958fee9,838464,3,0.0136,11423,Athlete,https://www.instagram.com/ellatoone/
lenarybakina,instagram,Elena Rybakina,https://cdn.horizm.com/clubs/2477_64a276d7cd800,836429,5,0.2621,219211,Athlete,https://www.instagram.com/lenarybakina/
88migueloliveira,instagram,Miguel Oliveira,https://cdn.horizm.com/clubs/1829_6491d8f606614,835756,7,0.0328,27422,Athlete,https://www.instagram.com/88migueloliveira/
bigfoe1998,instagram,Frances Tiafoe,https://cdn.horizm.com/clubs/3023_6491f94050587,833391,12,0.0683,56893,Athlete,https://www.instagram.com/bigfoe1998/
yannickferreiracarrasco,instagram,Yannick Carrasco,https://cdn.horizm.com/clubs/2399_6491e821e9e38,832387,1,0.0033,2728,Athlete,https://www.instagram.com/yannickferreiracarrasco/
akhyarrashid,instagram,Akhyar Abdul RASHID,https://cdn.horizm.com/clubs/3814_64920d4e5ec8b,830397,5,0.0018,1532,Athlete,https://www.instagram.com/akhyarrashid
rudygobert27,instagram,Rudy Gobert,https://cdn.horizm.com/clubs/5960_650be2714ef1c,828267,2,0.0160,13267,Athlete,https://www.instagram.com/rudygobert27/
lore_musetti,instagram,Lorenzo Musetti,https://cdn.horizm.com/clubs/7293_65b0ad1e8791d,826957,23,0.2889,238897,Athlete,https://www.instagram.com/lore_musetti/
polespargaro,instagram,Pol Espargaro,https://cdn.horizm.com/clubs/1835_6491d9204a7ae,821241,5,0.0145,11913,Athlete,https://www.instagram.com/polespargaro/
marcoasensio10,tiktok,Marco Asensio,https://cdn.horizm.com/clubs/2223_6491e39be9078,820208,3,0.0070,5740,Athlete,https://www.tiktok.com/@marcoasensio10
cedricsoares41,instagram,Cedric Soares,https://cdn.horizm.com/clubs/4314_649bd9dfe92b5,817066,2,0.0044,3601,Athlete,https://www.instagram.com/cedricsoares41/
vigneshputhur,instagram,Vignesh Puthur,https://cdn.horizm.com/clubs/9075_686b9b54619a4,814532,1,0.0102,8292,Athlete,https://www.instagram.com/vigneshputhur/
liamdelap,instagram,Liam Delap,https://cdn.horizm.com/clubs/2784_6491f26d2b032,814248,2,0.0450,36628,Athlete,https://www.instagram.com/liamdelap/
vampetaoficial,instagram,Vampeta,https://cdn.horizm.com/clubs/9b4cb239bb469c504c15b5b1938f7b65724b0d00.jpg,813930,40,0.0606,49310,Athlete,https://www.instagram.com/vampetaoficial
jakobing,instagram,Jakob Ingebrigtsen,https://cdn.horizm.com/clubs/f95b9a2f9e3efcf90fb3ae0f3cd54f7c8e415481.jpg,813239,1,0.0136,11094,Athlete,https://www.instagram.com/jakobing/
abreg_1,instagram,Alex Bregman,https://cdn.horizm.com/clubs/3735_64920b54ad7ac,809985,19,0.4768,386214,Athlete,https://www.instagram.com/abreg_1/
gmamardashvili25,instagram,Giorgi Mamardashvili,https://cdn.horizm.com/clubs/7087_658407a49c5f5,809105,2,0.0203,16414,Athlete,https://www.instagram.com/gmamardashvili25/
sophiafloersch,instagram,Sophia Flörsch,https://cdn.horizm.com/clubs/5055_64bab02571e62,808550,10,0.0700,56637,Athlete,https://www.instagram.com/sophiafloersch/
jonrahm,instagram,Jon Rahm,https://cdn.horizm.com/clubs/1410_6491cf3fa2d2f,808455,2,0.0166,13404,Athlete,https://www.instagram.com/jonrahm/
yasielpuig,instagram,Yasiel Puig,https://cdn.horizm.com/clubs/3737_64920b5c75931,807619,3,0.0112,9010,Athlete,https://www.instagram.com/yasielpuig/
davidecalabria2,instagram,Davide Calabria,https://cdn.horizm.com/clubs/6562_65312b3d897a8,804633,1,0.0018,1442,Athlete,https://www.instagram.com/davidecalabria2/
kendrypaez.10,instagram,Kendry Paez,https://cdn.horizm.com/clubs/8927_67ffb880a5d42,802952,3,0.0360,28928,Athlete,https://www.instagram.com/kendrypaez.10/
youngamechanger,instagram,Marcus Smart,https://cdn.horizm.com/clubs/2500_6491ea986604c,802138,1,0.0180,14464,Athlete,https://www.instagram.com/youngamechanger/
berndleno1,instagram,Bernd Leno,https://cdn.horizm.com/clubs/4309_649bd9b53ae06,800176,1,0.0010,831,Athlete,https://www.instagram.com/berndleno1/
triplecibarguen,instagram,Catherine Ibargüen,https://cdn.horizm.com/clubs/3391_64920317163d1,799852,1,0.0014,1124,Athlete,https://www.instagram.com/triplecibarguen/
cheslinkolbe,instagram,Cheslin Kolbe,https://cdn.horizm.com/clubs/4219_649bd78f2fd34,797832,11,0.0858,68475,Athlete,https://www.instagram.com/cheslinkolbe
maryearps,instagram,Mary Earps,https://cdn.horizm.com/clubs/832feb74c37fd1e8d3f6f3b31689837110b60a98.jpg,796518,2,0.0015,1202,Athlete,https://www.instagram.com/maryearps/
_tonyparker09,instagram,Tony Parker,https://cdn.horizm.com/clubs/3138_6491fbc47dd7f,795053,2,0.0045,3560,Athlete,https://www.instagram.com/_tonyparker09/
akash.deep969,instagram,Akash Deep,https://cdn.horizm.com/clubs/9064_686b99ccedc50,793987,1,0.0074,5862,Athlete,https://www.instagram.com/akash.deep969/
rafasobis,instagram,Rafael Sobis,https://cdn.horizm.com/clubs/3846_64a275aa72580,793506,21,0.0669,53096,Athlete,https://www.instagram.com/rafasobis
chriswoakes,instagram,Chris Woakes,https://cdn.horizm.com/clubs/6249_653122b02463b,791221,3,0.0044,3489,Athlete,https://www.instagram.com/chriswoakes/
ahmedrakaba,instagram,Ahmed Rakaba,https://cdn.horizm.com/clubs/77877f0a4e613f8b3a951d0c388e67fbd97622f3.jpg,789639,3,0.0096,7613,Athlete,https://www.instagram.com/ahmedrakaba
romarioshepherd,instagram,Romario Shepherd,https://cdn.horizm.com/clubs/7698_65faecc60e625,789609,4,0.0617,48697,Athlete,https://www.instagram.com/romarioshepherd/
cicinho,instagram,Cicinho,https://cdn.horizm.com/clubs/8084f06a9f78aaf806f690b272004579b717fe47.jpg,788704,30,0.1555,122608,Athlete,https://www.instagram.com/cicinho/
estevaowillian_,tiktok,Estevao Willian,https://cdn.horizm.com/clubs/8943_686b9305a3303,786807,2,0.0040,3121,Athlete,https://www.tiktok.com/@estevaowillian_
sbird10,instagram,Sue Bird,https://cdn.horizm.com/clubs/4283_649bd92c68458,785531,1,0.0077,6046,Athlete,https://www.instagram.com/sbird10/
hwangheechan,instagram,Hwang Hee-chan,https://cdn.horizm.com/clubs/7146_658407dd91830,784446,5,0.0436,34214,Athlete,https://www.instagram.com/hwangheechan
moussadiabyofficial,instagram,Moussa Diaby,https://cdn.horizm.com/clubs/3610_649209002144f,784041,2,0.0045,3519,Athlete,https://www.instagram.com/moussadiabyofficial/
kerolinnicoli,instagram,Kerolin Nicoli,,781473,12,0.0616,48172,Athlete,https://www.instagram.com/kerolinnicoli/
simeonegiovanni,instagram,Giovanni Simeone,https://cdn.horizm.com/clubs/2e01b661cc4680776f21d9c2c0953dd87fa433cb.jpg,778671,4,0.0100,7798,Athlete,https://www.instagram.com/simeonegiovanni/
ashlynharris24,instagram,Ashlyn Harris,https://cdn.horizm.com/clubs/4172_649bd64bc67d4,777807,8,0.0804,62549,Athlete,https://www.instagram.com/ashlynharris24/
timothyweah,instagram,Timothy Weah,https://cdn.horizm.com/clubs/6572_65312b6f66dd6,776206,4,0.0270,20967,Athlete,https://www.instagram.com/timothyweah
casperruud,instagram,Casper Ruud,https://cdn.horizm.com/clubs/1298_6491cbe5c5783,775752,16,0.0753,58421,Athlete,https://www.instagram.com/casperruud
chaseyoung,instagram,Chase Young,https://cdn.horizm.com/clubs/6640_65312da1ad161,773203,3,0.0450,34797,Athlete,https://www.instagram.com/chaseyoung/
jasondayofficial,instagram,Jason Day,https://cdn.horizm.com/clubs/5075_64d60ec434196,773160,23,0.1473,113856,Athlete,https://www.instagram.com/jasondayofficial/
matiassoule11,instagram,Matías Soulé,https://cdn.horizm.com/clubs/7139_658407ce2aa23,773054,7,0.0316,24459,Athlete,https://www.instagram.com/matiassoule11/
primozroglic,instagram,Primož Roglič,https://cdn.horizm.com/clubs/5164_64d61153b3507,772825,7,0.0499,38551,Athlete,https://www.instagram.com/primozroglic
arshadnadeem29,instagram,Arshad Nadeem,https://cdn.horizm.com/clubs/8703_66ec305792315,769214,3,0.0077,5947,Athlete,https://www.instagram.com/arshadnadeem29
ahegerberg,instagram,Ada Hegerberg,https://cdn.horizm.com/clubs/1543_6491d2e6d0162,768951,2,0.0035,2720,Athlete,https://www.instagram.com/ahegerberg/
alhorford,instagram,Al Horford,https://cdn.horizm.com/clubs/2490_6491ea4da448f,768429,1,0.0009,717,Athlete,https://www.instagram.com/alhorford/
m.tel14,instagram,Mathys Tel,https://cdn.horizm.com/clubs/4800_64baad4677e59,767243,4,0.0248,19063,Athlete,https://www.instagram.com/m.tel14
hafizh_syahrin,instagram,Hafizh Syahrin,https://cdn.horizm.com/clubs/2464_6491e9aa42e1e,766758,9,0.0032,2462,Athlete,https://www.instagram.com/hafizh_syahrin/
biancaandreescu_,instagram,Bianca Andreescu,https://cdn.horizm.com/clubs/4151_649bd5a21f54f,766538,1,0.0035,2661,Athlete,https://www.instagram.com/biancaandreescu_/
marcobez72,instagram,Marco Bezzechi,https://cdn.horizm.com/clubs/1833_6491d91006a88,765952,7,0.1314,100657,Athlete,https://www.instagram.com/marcobez72/
tianeendler,instagram,Christiane Endler,https://cdn.horizm.com/clubs/1901_6491dacb1952d,765168,9,0.0273,20909,Athlete,https://www.instagram.com/tianeendler/
justinkluivert,instagram,Justin Kluivert,https://cdn.horizm.com/clubs/4933_64baaee86284b,759219,2,0.0240,18240,Athlete,https://www.instagram.com/justinkluivert
paulineferrandprevot,instagram,Pauline FERRAND-PREVOT,https://cdn.horizm.com/clubs/3605_64a277d29a5ce,757574,2,0.0198,15018,Athlete,https://www.instagram.com/paulineferrandprevot/
rdchahar1,instagram,Rahul Chahar,https://cdn.horizm.com/clubs/9102_6853ecc03a32c,757035,2,0.0181,13734,Athlete,https://www.instagram.com/rdchahar1/
alegalan96,instagram,Alejandro Galán,https://cdn.horizm.com/clubs/3876_64920eb4b0a4b,756684,4,0.0304,22979,Athlete,https://www.instagram.com/alegalan96/
pedroraulgaray,instagram,Pedro Raul,https://cdn.horizm.com/clubs/4e59f6aa7eeb7f2f44505b944acaa58450fb45e8.jpg,753666,2,0.0324,24424,Athlete,https://www.instagram.com/pedroraulgaray/
imyash_dayal,instagram,Yash Dayal,https://cdn.horizm.com/clubs/9097_686b9e54379f4,752505,2,0.3287,247345,Athlete,https://www.instagram.com/imyash_dayal/
collin_morikawa,instagram,Collin Morikawa,https://cdn.horizm.com/clubs/1412_6491cf514ec74,746467,5,0.0158,11779,Athlete,https://www.instagram.com/collin_morikawa/
matheusdonelli,instagram,Matheus Donelli,https://cdn.horizm.com/clubs/2754_6491f1fc4c45e,745493,3,0.0029,2134,Athlete,https://www.instagram.com/matheusdonelli
etoone7,tiktok,Ella Toone,https://cdn.horizm.com/clubs/4182_649bd6958fee9,744250,3,0.0102,7605,Athlete,https://www.tiktok.com/@etoone7
kirkcousins,instagram,Kirk Cousins,https://cdn.horizm.com/clubs/6144_650be3e9c0d63,740347,8,0.1235,91449,Athlete,https://www.instagram.com/kirkcousins
beaudenbarrett,instagram,Beauden Barrett,https://cdn.horizm.com/clubs/4212_649bd75c04e9c,739056,4,0.0280,20719,Athlete,https://www.instagram.com/beaudenbarrett
officialdeeptisharma,instagram,Deepti Sharma,https://cdn.horizm.com/clubs/2431_6491e8f67c52f,738630,13,0.0375,27668,Athlete,https://www.instagram.com/officialdeeptisharma/
doanritsu,instagram,Ritsu Doan,https://cdn.horizm.com/clubs/2366_6491e76015475,736441,1,0.0097,7147,Athlete,https://www.instagram.com/doanritsu/
alessio.romagnoli,instagram,Alessio Romagnoli,https://cdn.horizm.com/clubs/6580_653137412c864,735709,2,0.0119,8790,Athlete,https://www.instagram.com/alessio.romagnoli/
arturocoello__,instagram,Arturo Coello,https://cdn.horizm.com/clubs/3878_64920ec570bd9,733819,6,0.0318,23331,Athlete,https://www.instagram.com/arturocoello__/
dejanpetkovicoficial,instagram,Dejan Petkovic,https://cdn.horizm.com/clubs/3426_649203ef8b723,733176,17,0.0173,12657,Athlete,https://www.instagram.com/dejanpetkovicoficial/
caelebdressel,instagram,Caeleb Dressel,https://cdn.horizm.com/clubs/3014_64b8ebee2b328,731742,2,0.0014,1043,Athlete,https://www.instagram.com/caelebdressel/
presidentmal,instagram,Jamal Adams,https://cdn.horizm.com/clubs/6134_650be3d608b58,729119,1,0.0035,2525,Athlete,https://www.instagram.com/presidentmal
joaomoutinho8,instagram,Joao Moutinho,https://cdn.horizm.com/clubs/2308_6491e5ba42360,727146,3,0.0023,1644,Athlete,https://www.instagram.com/joaomoutinho8
tobinheath,instagram,Tobin Heath,https://cdn.horizm.com/clubs/4190_649bd6c5f031b,727016,14,0.0645,46901,Athlete,https://www.instagram.com/tobinheath
trinity_rodman,instagram,Trinity Rodman,https://cdn.horizm.com/clubs/4232_649bd7d32ae46,725282,7,0.1926,139665,Athlete,https://www.instagram.com/trinity_rodman/
randy_arozarena,instagram,Randy Arozarena,https://cdn.horizm.com/clubs/6819_6565b92090e98,723652,10,0.0478,34611,Athlete,https://www.instagram.com/randy_arozarena
jeremy7official,instagram,Jeremy Sarmiento,https://cdn.horizm.com/clubs/2818_6491f3511a5ea,723059,2,0.0107,7748,Athlete,https://www.instagram.com/jeremy7official/
frankymorbido,instagram,Franco Morbidelli,https://cdn.horizm.com/clubs/1838_6491d93a11c9e,718493,5,0.0318,22865,Athlete,https://www.instagram.com/frankymorbido/
luxaoficial,instagram,Vanderlei Luxemburgo,https://cdn.horizm.com/clubs/6039_650be30f7b6e0,717572,22,0.0587,42135,Athlete,https://www.instagram.com/luxaoficial/
simonkjaer.official,instagram,Simon Kjær,https://cdn.horizm.com/clubs/6564_65312b47e01f9,715822,1,0.0028,2039,Athlete,https://www.instagram.com/simonkjaer.official/
vichka35,instagram,Victoria Azarenka,https://cdn.horizm.com/clubs/2476_6491e9f0c414c,714374,1,0.0032,2313,Athlete,https://www.instagram.com/vichka35/
kaylianemour,tiktok,Kaylia Nemour,https://cdn.horizm.com/clubs/8641_66ec2fd0eb01e,713467,19,0.0149,10600,Athlete,https://www.tiktok.com/@kaylianemour
jbgittens,instagram,Jamie Gittens,,711459,2,0.0211,14978,Athlete,https://www.instagram.com/jbgittens/
mikeevans,instagram,Mike Evans,https://cdn.horizm.com/clubs/6117_650be3b5f4077,710764,1,0.0084,5965,Athlete,https://www.instagram.com/mikeevans
marialeonn16,instagram,Mapi León,https://cdn.horizm.com/clubs/3095_6491faf140121,707649,4,0.0243,17205,Athlete,https://www.instagram.com/marialeonn16/
buddylove,instagram,Buddy Hield,https://cdn.horizm.com/clubs/5997_650be2b75386a,701407,1,0.0129,9060,Athlete,https://www.instagram.com/buddylove/
stephen_nedoroscik,instagram,Stephen Nedoroscik,https://cdn.horizm.com/clubs/8680_66ec3031cd7c0,700245,2,0.0035,2465,Athlete,https://www.instagram.com/stephen_nedoroscik/
grzegorz.krychowiak,instagram,Grzegorz Krychowiak,https://cdn.horizm.com/clubs/2764_6491f21b940de,699926,7,0.0196,13711,Athlete,https://www.instagram.com/grzegorz.krychowiak/
magmidt,instagram,Magnus Midtbø,,698386,1,0.0034,2405,Athlete,https://www.instagram.com/magmidt/
douglas_10doga,instagram,Douglas Dos Santos,https://cdn.horizm.com/clubs/3427_649203f8382d7,698089,1,0.0018,1229,Athlete,https://www.instagram.com/douglas_10doga/
jasmine_paolini,instagram,Jasmine Paolini,https://cdn.horizm.com/clubs/7310_65b0b99bb57c8,696758,22,0.0977,68101,Athlete,https://www.instagram.com/jasmine_paolini
isaquias_lx,instagram,Isaquias Queiroz,https://cdn.horizm.com/clubs/3378_64a2778cdd995,692928,8,0.0078,5404,Athlete,https://www.instagram.com/isaquias_lx/
barbarabonansea,instagram,Barbara Bonansea,https://cdn.horizm.com/clubs/4233_649bd7db78eef,690693,4,0.0035,2426,Athlete,https://www.instagram.com/barbarabonansea/
robertsanchez_1,instagram,Robert Sanchez,https://cdn.horizm.com/clubs/2232_64a27694b2c80,689661,5,0.1003,69190,Athlete,https://www.instagram.com/robertsanchez_1/
pedroporro29_,instagram,Pedro Porro,https://cdn.horizm.com/clubs/3436_6492042bbc5db,689259,6,0.0500,34429,Athlete,https://www.instagram.com/pedroporro29_/
cooperkupp,tiktok,Cooper Kupp,https://cdn.horizm.com/clubs/3765_64920c3af09dc,688048,5,0.0908,62442,Athlete,https://www.tiktok.com/@cooperkupp
jctodibo,instagram,Jean-Clair Todibo,https://cdn.horizm.com/clubs/6305_6531243319ec6,686454,3,0.0234,16037,Athlete,https://www.instagram.com/jctodibo/
matteopolitano16,instagram,Matteo Politano,https://cdn.horizm.com/clubs/6575_6531373ed7aff,683223,3,0.0237,16163,Athlete,https://www.instagram.com/matteopolitano16/
johannzarco,instagram,Johann Zarco,https://cdn.horizm.com/clubs/1827_6491d8e523608,682873,7,0.0487,33233,Athlete,https://www.instagram.com/johannzarco/
yusufyazici,instagram,Yusuf Yazıcı,https://cdn.horizm.com/clubs/6388_653126523c4a8,681840,5,0.0374,25529,Athlete,https://www.instagram.com/yusufyazici/
velloso01,instagram,Velloso,https://cdn.horizm.com/clubs/26b520f58c6c82647dd09bd6e22dd3087bab5913.jpg,679983,14,0.0696,47294,Athlete,https://www.instagram.com/velloso01/
nyckdevries,instagram,Nyck de Vries,https://cdn.horizm.com/clubs/1586_6491d3f86c842,677853,4,0.0115,7791,Athlete,https://www.instagram.com/nyckdevries/
katie_t86,instagram,Katie Taylor,https://cdn.horizm.com/clubs/4156_649bd5cc81397,676334,17,0.0939,63489,Athlete,https://www.instagram.com/katie_t86/
renuka2196,instagram,Renuka Singh,https://cdn.horizm.com/clubs/2415_64a276cced0d7,672695,10,0.0379,25462,Athlete,https://www.instagram.com/renuka2196/
ebenetzebeth4,instagram,Eben Etzebeth,https://cdn.horizm.com/clubs/4201_649bd70851301,671693,4,0.0398,26722,Athlete,https://www.instagram.com/ebenetzebeth4
qdk_12,instagram,Quinton de Kock,https://cdn.horizm.com/clubs/6253_653136575e638,670418,1,0.0002,126,Athlete,https://www.instagram.com/qdk_12/
bwagz,instagram,Bobby Wagner,https://cdn.horizm.com/clubs/7114_6583e9ed81d94,665640,1,0.0121,8044,Athlete,https://www.instagram.com/bwagz
aleksandar_mitrovic_45,instagram,Aleksandar Mitrović,https://cdn.horizm.com/clubs/e60d24f9b09c2058ff7f38fd3262ede900f95cd4.jpg,664840,1,0.0104,6927,Athlete,https://www.instagram.com/aleksandar_mitrovic_45
petra.kvitova,instagram,Petra Kvitova,https://cdn.horizm.com/clubs/5051_64bab019cc4c1,663622,2,0.0031,2047,Athlete,https://www.instagram.com/petra.kvitova
stevenadams,instagram,Steven Adams,https://cdn.horizm.com/clubs/7936_6638a83feb1bb,659492,3,0.0408,26937,Athlete,https://www.instagram.com/stevenadams/
faustovera5_,instagram,Fausto Vera,https://cdn.horizm.com/clubs/2758_64a2770f7398e,659164,3,0.0193,12712,Athlete,https://www.instagram.com/faustovera5_/
redturn2,instagram,Justin Turner,https://cdn.horizm.com/clubs/6444_6531281616f32,657634,13,0.0684,45011,Athlete,https://www.instagram.com/redturn2/
hlundqvistofficial,instagram,Henrik Lundqvist,https://cdn.horizm.com/clubs/3744_64920b90af399,657615,7,0.0777,51122,Athlete,https://www.instagram.com/hlundqvistofficial/
ceccon_thomas,instagram,Thomas Ceccon,https://cdn.horizm.com/clubs/8541_67c082888e171,656747,2,0.0086,5650,Athlete,https://www.instagram.com/ceccon_thomas/
marcusstoinis,instagram,Marcus Stoinis,https://cdn.horizm.com/clubs/2972_6491f7bf415ba,655914,3,0.0060,3917,Athlete,https://www.instagram.com/marcusstoinis/
vijay_41,instagram,Vijay Shankar,https://cdn.horizm.com/clubs/9047_6853ebfb03ba7,655814,4,0.0155,10142,Athlete,https://www.instagram.com/vijay_41/
its_onana,instagram,Amadou Onana,https://cdn.horizm.com/clubs/6553_653137293d8a5,655181,10,0.1003,65686,Athlete,https://www.instagram.com/its_onana/
karun_6,instagram,Karun Nair,https://cdn.horizm.com/clubs/9052_6853ec114d591,653416,1,0.0553,36115,Athlete,https://www.instagram.com/karun_6/
nico.schlotterbeck,instagram,Nico Schlotterbeck,https://cdn.horizm.com/clubs/4808_64baad7d1b91b,651937,2,0.0398,25934,Athlete,https://www.instagram.com/nico.schlotterbeck
tompidcock,instagram,Thomas Pidcock,https://cdn.horizm.com/clubs/8556_66ec2ec00edb0,651441,2,0.0167,10882,Athlete,https://www.instagram.com/tompidcock/
anthonygordon,instagram,Anthony Gordon,https://cdn.horizm.com/clubs/2280_6491e519a7d78,647880,4,0.0339,21973,Athlete,https://www.instagram.com/anthonygordon/
lorepelle7,instagram,Lorenzo Pellegrini,https://cdn.horizm.com/clubs/4908_64baaeaac5327,647421,4,0.0186,12017,Athlete,https://www.instagram.com/lorepelle7/
elifelmas24,instagram,Eljif Elmas,https://cdn.horizm.com/clubs/4917_64baaebfe0953,646548,2,0.0017,1108,Athlete,https://www.instagram.com/elifelmas24/
jillscottjs8,instagram,Jill Scott,https://cdn.horizm.com/clubs/4749_64baac9b69090,645602,19,0.2148,138662,Athlete,https://www.instagram.com/jillscottjs8/
simon.adingra,instagram,Simon Adingra,https://cdn.horizm.com/clubs/2762_64a2771148c4c,642590,1,0.0029,1849,Athlete,https://www.instagram.com/simon.adingra
tosin,instagram,Tosin Adarabioyo,https://cdn.horizm.com/clubs/8911_67ffb80016967,638184,4,0.0665,42425,Athlete,https://www.instagram.com/tosin
salmaparalluelo,instagram,Salma Paralluelo,https://cdn.horizm.com/clubs/5950_650be2584d8c1,637931,4,0.0355,22660,Athlete,https://www.instagram.com/salmaparalluelo/
eddienketiah,instagram,Eddie Nketiah,https://cdn.horizm.com/clubs/4300_649bd9701f89d,637522,1,0.0045,2898,Athlete,https://www.instagram.com/eddienketiah/
andreabotez,tiktok,Andrea Botez,https://cdn.horizm.com/clubs/6079_650be36acbcf7,636600,2,0.0022,1417,Athlete,https://www.tiktok.com/@andreabotez
chris_sharma,instagram,Chris Sharma,,635345,8,0.0350,22229,Athlete,https://www.instagram.com/chris_sharma/
rholding95,instagram,Rob Holding,https://cdn.horizm.com/clubs/2792_6491f2900390d,634421,1,0.0036,2258,Athlete,https://www.instagram.com/rholding95/
matheusnunes73,instagram,Matheus Nunes,https://cdn.horizm.com/clubs/2217_64a2769085b1d,634252,4,0.0485,30786,Athlete,https://www.instagram.com/matheusnunes73/
fredvanvleet,instagram,Fred VanVleet,https://cdn.horizm.com/clubs/5961_650be273a7c3c,630945,1,0.0682,43028,Athlete,https://www.instagram.com/fredvanvleet/
filipkostic,instagram,Filip Kostic,https://cdn.horizm.com/clubs/4925_64baaed47f880,630150,7,0.0325,20507,Athlete,https://www.instagram.com/filipkostic/
a.luna21,instagram,Adrian Luna,https://cdn.horizm.com/clubs/7896_6638b2769bc17,629443,3,0.1202,75667,Athlete,https://www.instagram.com/a.luna21/
christianyelich,instagram,Christian Yelich,https://cdn.horizm.com/clubs/5327_64d6143f199bb,628951,3,0.1228,77221,Athlete,https://www.instagram.com/christianyelich/
joanmir36official,instagram,Joan Mir,https://cdn.horizm.com/clubs/1834_6491d91866790,627936,4,0.0303,19020,Athlete,https://www.instagram.com/joanmir36official/
joelinton34,instagram,Joelinton,https://cdn.horizm.com/clubs/7446_65dde309cc65a,627094,2,0.0229,14341,Athlete,https://www.instagram.com/joelinton34/
bh_masataka34,instagram,Masataka Yoshida,https://cdn.horizm.com/clubs/5877_650be1dc7a142,626622,1,0.0018,1126,Athlete,https://www.instagram.com/bh_masataka34/
gregorkobel,instagram,Gregor Kobel,https://cdn.horizm.com/clubs/7085_658407a1178aa,625319,3,0.0200,12536,Athlete,https://www.instagram.com/gregorkobel/
renan_lodi,instagram,Renan Lodi,https://cdn.horizm.com/clubs/6363_653136b948266,623838,7,0.0291,18126,Athlete,https://www.instagram.com/renan_lodi/
naveen_ul_haq,instagram,Naveen-ul-Haq,https://cdn.horizm.com/clubs/8074_664dccf683dff,623133,4,0.0050,3146,Athlete,https://www.instagram.com/naveen_ul_haq/
marner_93,instagram,Mitch Marner,https://cdn.horizm.com/clubs/3753_64920bd4d6aa2,621049,4,0.0960,59632,Athlete,https://www.instagram.com/marner_93/
maatsen_,instagram,Ian Maatsen,https://cdn.horizm.com/clubs/7078_6583e84a5bc76,618672,4,0.0149,9192,Athlete,https://www.instagram.com/maatsen_
collinyoungbull,instagram,Collin Sexton,https://cdn.horizm.com/clubs/6005_650be2ca475ca,618516,4,0.0113,6985,Athlete,https://www.instagram.com/collinyoungbull/
msarr6_,instagram,Mamadou Sarr,https://cdn.horizm.com/clubs/8930_686b9578f10a2,618429,9,0.2000,123663,Athlete,https://www.instagram.com/msarr6_
lastname_baker,instagram,Jerome Baker,https://cdn.horizm.com/clubs/6599_65312c45ededf,617209,2,0.0021,1267,Athlete,https://www.instagram.com/lastname_baker/
andreyrublev,instagram,Andrey Rublev,https://cdn.horizm.com/clubs/1301_6491cbffa9437,616869,6,0.0302,18608,Athlete,https://www.instagram.com/andreyrublev
axel_disasi,instagram,Axel Disasi,https://cdn.horizm.com/clubs/4934_64baaeeadad2e,616657,1,0.0067,4155,Athlete,https://www.instagram.com/axel_disasi/
bankkkk10,instagram,Suphanat MUEANTA,https://cdn.horizm.com/clubs/3804_64a27835f019f,612720,3,0.0536,32857,Athlete,https://www.instagram.com/bankkkk10/
chancel22,instagram,Chancel Mbemba Mangulu,https://cdn.horizm.com/clubs/6361_653125867fd61,610683,2,0.0031,1893,Athlete,https://www.instagram.com/chancel22/
navarro_paquito,instagram,Francisco Navarro,https://cdn.horizm.com/clubs/3883_64920eef1b7e1,609110,13,0.0483,29419,Athlete,https://www.instagram.com/navarro_paquito/
j.kiwior,instagram,Jakub Kiwior,https://cdn.horizm.com/clubs/4b470d3d4629264ba468bbd936f8fa859b254464.jpg,608578,2,0.0346,21083,Athlete,https://www.instagram.com/j.kiwior/
geraintthomas86,instagram,Geraint Thomas,https://cdn.horizm.com/clubs/7870_6638a6c34c485,607046,1,0.0096,5800,Athlete,https://www.instagram.com/geraintthomas86/
suyashsharma_5,instagram,Suyash Sharma,https://cdn.horizm.com/clubs/9096_686b9e18e662f,606611,4,0.1299,78826,Athlete,https://www.instagram.com/suyashsharma_5/
arjuntendulkar24,instagram,Arjun Tendulkar,https://cdn.horizm.com/clubs/9077_686b9bcaab6f5,605594,3,0.0617,37395,Athlete,https://www.instagram.com/arjuntendulkar24
jadecarey,instagram,Jade Carey,https://cdn.horizm.com/clubs/8632_66ec2fa633f76,604810,6,0.0119,7215,Athlete,https://www.instagram.com/jadecarey
carolinamarin,instagram,Carolina Marin,https://cdn.horizm.com/clubs/3030_6491f972569ee,604500,5,0.0111,6713,Athlete,https://www.instagram.com/carolinamarin/
pedrobarrossk8,instagram,Pedro Barros,https://cdn.horizm.com/clubs/3383_649202dadb5da,603112,4,0.0089,5357,Athlete,https://www.instagram.com/pedrobarrossk8/
youritielemans,instagram,Youri Tielemans,https://cdn.horizm.com/clubs/034cdcae856b1c1218fbcff266d071a4bc0aa779.jpg,602451,5,0.0254,15308,Athlete,https://www.instagram.com/youritielemans
aidenmarkram,instagram,Aiden Markram,https://cdn.horizm.com/clubs/1575_6491d3a43f6aa,601623,1,0.0003,180,Athlete,https://www.instagram.com/aidenmarkram/
alayahpilgrim,instagram,Alayah Pilgrim,https://cdn.horizm.com/clubs/3697_64a2780e726db,600883,5,0.0220,13199,Athlete,https://www.instagram.com/alayahpilgrim/
carlosvinicius95,instagram,Carlos Vinicius,https://cdn.horizm.com/clubs/2748_64a276fe034cd,600266,6,0.0417,25052,Athlete,https://www.instagram.com/carlosvinicius95/
benfosters,instagram,Ben Foster,https://cdn.horizm.com/clubs/4774_64baace4dfee6,600253,12,0.0340,20418,Athlete,https://www.instagram.com/benfosters/
felixaliassime,instagram,Felix Auger-Aliassime,https://cdn.horizm.com/clubs/1302_6491cc094bf59,599297,9,0.0426,25503,Athlete,https://www.instagram.com/felixaliassime
mariasakkari,instagram,Maria Sakkari,https://cdn.horizm.com/clubs/1309_6491cc46a5e84,598771,8,0.2304,137956,Athlete,https://www.instagram.com/mariasakkari
benoit.badiashile,instagram,Benoît Badiashile,https://cdn.horizm.com/clubs/7073_6583e83c73c4b,598016,1,0.0076,4535,Athlete,https://www.instagram.com/benoit.badiashile
kalulu.jr,instagram,Pierre Kalulu,https://cdn.horizm.com/clubs/2231_6491e3d7e416c,596646,5,0.0607,36208,Athlete,https://www.instagram.com/kalulu.jr/
bethmead_,instagram,Beth Mead,https://cdn.horizm.com/clubs/1542_6491d2de3844a,595959,4,0.0849,50579,Athlete,https://www.instagram.com/bethmead_/
amine_gouiri,instagram,Amine Gouiri,https://cdn.horizm.com/clubs/6385_6531263f1fa8d,594578,2,0.0437,25970,Athlete,https://www.instagram.com/amine_gouiri/
pervisestupinan_oficial,instagram,Pervis Estupiñan,https://cdn.horizm.com/clubs/2817_6491f3487c865,594404,3,0.0179,10651,Athlete,https://www.instagram.com/pervisestupinan_oficial
jaren,instagram,Jaren Jackson Jr.,https://cdn.horizm.com/clubs/5973_650be28ea7333,594143,2,0.0086,5093,Athlete,https://www.instagram.com/jaren/
lexi,instagram,Lexi Thompson,https://cdn.horizm.com/clubs/4145_649bd56eae41f,593229,14,0.0526,31206,Athlete,https://www.instagram.com/lexi/
aidanhutch97,instagram,Aidan Hutchinson,https://cdn.horizm.com/clubs/8529_66ec2e806d1cc,592958,5,0.0546,32353,Athlete,https://www.instagram.com/aidanhutch97/
18_maeken,instagram,Kenta Maeda,https://cdn.horizm.com/clubs/6867_6565aa54c30df,590528,2,0.0213,12569,Athlete,https://www.instagram.com/18_maeken/
alexgreenwood5,instagram,Alex Greenwood,https://cdn.horizm.com/clubs/4236_649bd7f50961d,589341,2,0.0017,995,Athlete,https://www.instagram.com/alexgreenwood5/
devonconway88,instagram,Devon Conway,https://cdn.horizm.com/clubs/2947_6491f6f448551,588516,1,0.0033,1970,Athlete,https://www.instagram.com/devonconway88/
jrodshow44,instagram,Julio Rodriguez,https://cdn.horizm.com/clubs/6831_6565a98f3b219,586820,12,0.2014,118202,Athlete,https://www.instagram.com/jrodshow44/
showza21,instagram,Souza,https://cdn.horizm.com/clubs/3424_64a277a5b0290,586167,22,0.1908,111867,Athlete,https://www.instagram.com/showza21/
malignobmx,instagram,Jose Torres Gil,https://cdn.horizm.com/clubs/8547_67c08293489a7,584940,8,0.0359,20982,Athlete,https://www.instagram.com/malignobmx/
ianjamespoulter,instagram,Ian Poulter,https://cdn.horizm.com/clubs/4973_64baaf4a84f83,581952,21,0.1130,65765,Athlete,https://www.instagram.com/ianjamespoulter/
_lukas_568,tiktok,Lukas,https://cdn.horizm.com/clubs/3672_64a277e81bc31,576639,9,0.0035,2024,Athlete,https://www.tiktok.com/@_lukas_568
nchubb27,instagram,Nick Chubb,https://cdn.horizm.com/clubs/6136_650be3dae5973,575465,1,0.0084,4846,Athlete,https://www.instagram.com/nchubb27
beckylynchwwe,tiktok,Becky Lynch,https://cdn.horizm.com/clubs/6779_6565a831e4d13,575220,4,0.0069,3954,Athlete,https://www.tiktok.com/@beckylynchwwe
kuz,tiktok,Kyle Kuzma,https://cdn.horizm.com/clubs/3515_649206980fb05,574734,1,0.0223,12831,Athlete,https://www.tiktok.com/@kuz
sampaolioficial,instagram,Jorge Sampaoli,https://cdn.horizm.com/clubs/6037_650be30c03080,573421,4,0.0248,14194,Athlete,https://www.instagram.com/sampaolioficial/
shanelowrygolf,instagram,Shane Lowry,https://cdn.horizm.com/clubs/5079_64d60eeacccb6,570696,21,0.2509,143172,Athlete,https://www.instagram.com/shanelowrygolf/
juicecheck44,instagram,Kyle Juszczyk,https://cdn.horizm.com/clubs/6647_65312de8d70ec,569631,6,0.2688,153137,Athlete,https://www.instagram.com/juicecheck44/
fabiodfvieira,instagram,Fabio Vieira,https://cdn.horizm.com/clubs/2222_64a27691d0e9e,568528,2,0.0141,8030,Athlete,https://www.instagram.com/fabiodfvieira/
scorpionotero80,instagram,Romulo Otero,https://cdn.horizm.com/clubs/2847_6491f436e13be,567900,2,0.0056,3201,Athlete,https://www.instagram.com/scorpionotero80/
nathanwchen,instagram,Nathan Chen,https://cdn.horizm.com/clubs/4161_649bd5f6f0b63,566417,2,0.0393,22278,Athlete,https://www.instagram.com/nathanwchen/
joewillock,instagram,Joe Willock,https://cdn.horizm.com/clubs/4876_64baae5edc918,564855,1,0.0081,4571,Athlete,https://www.instagram.com/joewillock/
danjuma,tiktok,Arnaut Danjuma,https://cdn.horizm.com/clubs/6225_650be4c573d3f,564804,1,0.0059,3330,Athlete,https://www.tiktok.com/@danjuma
queendeyna,tiktok,Deyna Castellanos,https://cdn.horizm.com/clubs/1908_6491dafd1e281,562426,1,0.0001,44,Athlete,https://www.tiktok.com/@queendeyna
sunilnarine24,instagram,Sunil Narine,https://cdn.horizm.com/clubs/9038_686b978013741,562350,44,1.4810,832831,Athlete,https://www.instagram.com/sunilnarine24/
shahbaz.a77,instagram,Shahbaz Ahmed,https://cdn.horizm.com/clubs/2952_64a2774f48c56,557556,4,0.0045,2488,Athlete,https://www.instagram.com/shahbaz.a77
aptrick,instagram,Alan Patrick,https://cdn.horizm.com/clubs/6024_650be2f2a2b55,554017,1,0.0025,1393,Athlete,https://www.instagram.com/aptrick/
jamesconner,instagram,James Conner,https://cdn.horizm.com/clubs/6626_65312d1dd05ee,552475,1,0.0021,1155,Athlete,https://www.instagram.com/jamesconner
bestia23,instagram,Enea Bastianini,https://cdn.horizm.com/clubs/1822_6491d8bb54897,552326,3,0.0122,6746,Athlete,https://www.instagram.com/bestia23/
_fabio.10,instagram,Fabio Carvalho,https://cdn.horizm.com/clubs/d03501b80d82c5b8434fe0e7a889d9ee45a6e6d5.jpg,551773,1,0.0000,0,Athlete,https://www.instagram.com/_fabio.10/
shashanksingh027,instagram,Shashank Singh,https://cdn.horizm.com/clubs/8088_664dcd9136a9b,550110,3,0.0071,3926,Athlete,https://www.instagram.com/shashanksingh027/
clint_dempsey,instagram,Clint Dempsey,https://cdn.horizm.com/clubs/5047_64bab00fa4579,549722,1,0.0038,2092,Athlete,https://www.instagram.com/clint_dempsey/
petrux9,instagram,Danilo Petrucci,https://cdn.horizm.com/clubs/2458_6491e97f9cad4,547583,16,0.0782,42823,Athlete,https://www.instagram.com/petrux9/
rabada_25,instagram,Kagiso Rabada,https://cdn.horizm.com/clubs/1574_6491d39b95539,546349,5,0.0122,6671,Athlete,https://www.instagram.com/rabada_25/
david_willey72,instagram,David Willey,https://cdn.horizm.com/clubs/2956_6491f73d01708,544853,7,0.0070,3837,Athlete,https://www.instagram.com/david_willey72/
apeleteirob,instagram,Ana Peleteiro,https://cdn.horizm.com/clubs/3004_6491f8b75d297,542166,11,0.1466,79491,Athlete,https://www.instagram.com/apeleteirob/
timediniz,instagram,Fernando Diniz,https://cdn.horizm.com/clubs/6040_650be31159321,537562,1,0.0118,6366,Athlete,https://www.instagram.com/timediniz
alexdeminaur,instagram,Alex de Minaur,https://cdn.horizm.com/clubs/7285_65b0acc18b78f,535230,20,0.3501,187385,Athlete,https://www.instagram.com/alexdeminaur/
richa9105,instagram,Richa Ghosh,https://cdn.horizm.com/clubs/2429_6491e8e66ecfa,534787,1,0.0362,19365,Athlete,https://www.instagram.com/richa9105/
eileen_gu,tiktok,Eileen Gu,https://cdn.horizm.com/clubs/55168d6750f56182d7f2ced3be001d64f0475658.jpeg,533288,12,0.1543,82270,Athlete,https://www.tiktok.com/@eileen_gu
denis.shapovalov,instagram,Denis Shapovalov,https://cdn.horizm.com/clubs/5050_64bab017ba115,532717,4,0.0133,7095,Athlete,https://www.instagram.com/denis.shapovalov/
olgacarmona7,instagram,Olga Carmona,https://cdn.horizm.com/clubs/5951_650be25a190de,531637,1,0.0016,875,Athlete,https://www.instagram.com/olgacarmona7/
m.arnautovic7,instagram,Marko Arnautović,https://cdn.horizm.com/clubs/6549_65313726aa51f,530209,4,0.0116,6136,Athlete,https://www.instagram.com/m.arnautovic7/
donyellmalen,instagram,Donyell Malen,https://cdn.horizm.com/clubs/4786_64baad03ad500,527977,7,0.1582,83524,Athlete,https://www.instagram.com/donyellmalen/
modahoud8,instagram,Mahmoud Dahoud,https://cdn.horizm.com/clubs/6202_650be46d41a28,526610,1,0.0031,1652,Athlete,https://www.instagram.com/modahoud8
carlos10soler,instagram,Carlos Soler,https://cdn.horizm.com/clubs/2340_6491e6b084931,526142,3,0.0080,4217,Athlete,https://www.instagram.com/carlos10soler/
ardiesavea,instagram,Ardie Savea,https://cdn.horizm.com/clubs/7181b5a0639e5ba9c1519e59c4385bfb26ce8281.jpg,525088,3,0.0257,13517,Athlete,https://www.instagram.com/ardiesavea
skiddyy,instagram,Prasidh Krishna,https://cdn.horizm.com/clubs/7715_65faed0854fe5,524091,2,0.0006,311,Athlete,https://www.instagram.com/skiddyy/
amir_rrahmani13,instagram,Amir Rrahmani,https://cdn.horizm.com/clubs/4922_64baaeccb6fc4,523794,3,0.0001,34,Athlete,https://www.instagram.com/amir_rrahmani13/
henrikchristians1,tiktok,Henrik Christiansen,https://cdn.horizm.com/clubs/8679_67c03e4c61e66,523771,6,0.0908,47569,Athlete,https://www.tiktok.com/@henrikchristians1
sameer_rizvi_786,instagram,Sameer Rizvi,https://cdn.horizm.com/clubs/9053_686b98e2d745e,522882,1,0.0359,18790,Athlete,https://www.instagram.com/sameer_rizvi_786/
iftiahmed221,instagram,Iftikhar Ahmed,https://cdn.horizm.com/clubs/6264_6531232348102,522006,3,0.0012,615,Athlete,https://www.instagram.com/iftiahmed221/
chlorinedaddy,instagram,David Popovici,https://cdn.horizm.com/clubs/1f611bbcd78258707301fee325a921c4da751162.jpg,521665,3,0.0173,9010,Athlete,https://www.instagram.com/chlorinedaddy/
noor_lakanwal_15,instagram,Noor Ahmad,https://cdn.horizm.com/clubs/9051_6853ec09efc4d,520787,1,0.0065,3402,Athlete,https://www.instagram.com/noor_lakanwal_15/
tinga7oficial,instagram,Tinga,https://cdn.horizm.com/clubs/3859_64a275b105746,519503,68,0.1077,55969,Athlete,https://www.instagram.com/tinga7oficial
tseguin92,instagram,Tyler Seguin,https://cdn.horizm.com/clubs/3755_64920be66fbea,519062,3,0.0256,13267,Athlete,https://www.instagram.com/tseguin92/
juliobaptistaoficial,instagram,Julio Baptista,https://cdn.horizm.com/clubs/3855_64920e23b541b,518243,5,0.0022,1131,Athlete,https://www.instagram.com/juliobaptistaoficial/
dcl,instagram,Dominic Calvert-Lewin,https://cdn.horizm.com/clubs/2279_6491e51100485,517854,3,0.1052,54465,Athlete,https://www.instagram.com/dcl/
luizadrianinho,instagram,Luiz Adriano,https://cdn.horizm.com/clubs/6023_650be2efcf51c,516080,3,0.0011,561,Athlete,https://www.instagram.com/luizadrianinho/
cheungkalonggggg,instagram,Long Ka Cheung,https://cdn.horizm.com/clubs/8561_67c082a8df8a9,515793,5,0.0156,8042,Athlete,https://www.instagram.com/cheungkalonggggg/
limoncello.papi,instagram,Adam Zampa,https://cdn.horizm.com/clubs/82c2ae76d33c4939d2c2f1e34500983be31fba3d.jpg,515276,2,0.0024,1212,Athlete,https://www.instagram.com/limoncello.papi/
remycabella,instagram,Rémy Cabella,https://cdn.horizm.com/clubs/6394_65312685389a6,514379,5,0.0624,32117,Athlete,https://www.instagram.com/remycabella/
milenedomingues,instagram,Milene Domingues,https://cdn.horizm.com/clubs/3417_649203d599f96,512376,14,0.0084,4297,Athlete,https://www.instagram.com/milenedomingues/
sgd_2,tiktok,Sergino Dest,https://cdn.horizm.com/clubs/1877_6491da28ecf21,511728,1,0.0000,25,Athlete,https://www.tiktok.com/@sgd_2
heinie45,instagram,Heinrich Klaasen,https://cdn.horizm.com/clubs/1573_64a2765c56e9a,511144,2,0.0064,3254,Athlete,https://www.instagram.com/heinie45/
gioareyna,instagram,Giovanni Reyna,https://cdn.horizm.com/clubs/80652d36a30fd4f88931a8349c3e65fa49993c58.jpg,510346,1,0.0017,851,Athlete,https://www.instagram.com/gioareyna/
viviannemiedema,instagram,Vivianne Miedema,https://cdn.horizm.com/clubs/3102_6491fb2233db9,509676,1,0.0076,3853,Athlete,https://www.instagram.com/viviannemiedema/
mohitsharma18,instagram,Mohit Sharma,https://cdn.horizm.com/clubs/4357_649bdaefd4271,509172,3,0.0129,6551,Athlete,https://www.instagram.com/mohitsharma18/
oscarbobb,instagram,Oscar Bobb,,505667,2,0.0543,27454,Athlete,https://www.instagram.com/oscarbobb/
ntamackromain,instagram,Romain Ntamack,https://cdn.horizm.com/clubs/4213_649bd7648921a,505445,4,0.0171,8623,Athlete,https://www.instagram.com/ntamackromain
asorloth,instagram,Alexander Sorloth,https://cdn.horizm.com/clubs/7317_65b0b9a2a1b42,504837,4,0.3998,201839,Athlete,https://www.instagram.com/asorloth
zinho,instagram,Zinho,https://cdn.horizm.com/clubs/3861_64a275b49b63d,503293,20,0.0149,7499,Athlete,https://www.instagram.com/zinho
jodavid,instagram,Jonathan David,https://cdn.horizm.com/clubs/6386_65312648ab19a,501888,2,0.4052,203359,Athlete,https://www.instagram.com/jodavid/
summerrmcintosh,instagram,Summer McIntosh,https://cdn.horizm.com/clubs/3602_64a277cb03b19,499591,3,0.0788,39357,Athlete,https://www.instagram.com/summerrmcintosh/
jackdraper,instagram,Jack Draper,https://cdn.horizm.com/clubs/8745_67c03b611c8bb,498091,1,0.0243,12113,Athlete,https://www.instagram.com/jackdraper/
sashadigiulian,instagram,Sasha DiGiulian,,498041,9,0.0239,11887,Athlete,https://www.instagram.com/sashadigiulian/
fridolinarolfo,instagram,Fridolina Rolfö,https://cdn.horizm.com/clubs/3504_6492063ae5a6d,497728,2,0.0111,5538,Athlete,https://www.instagram.com/fridolinarolfo/
juninhopeoficial,instagram,Juninho Pernambucano,https://cdn.horizm.com/clubs/3837_64920dc4e7905,497700,1,0.0098,4889,Athlete,https://www.instagram.com/juninhopeoficial/
jharden13,tiktok,James Harden,https://cdn.horizm.com/clubs/3112_6491fb4c0b8bc,497553,2,0.0935,46507,Athlete,https://www.tiktok.com/@jharden13
tyronemings,instagram,Tyrone Mings,https://cdn.horizm.com/clubs/2303_6491e5a0c4105,496737,2,0.0332,16500,Athlete,https://www.instagram.com/tyronemings
breannastewart30,instagram,Breanna Stewart,https://cdn.horizm.com/clubs/3895_64920f537c888,496704,16,0.2257,112110,Athlete,https://www.instagram.com/breannastewart30/
robingosens,instagram,Robin Gosens,https://cdn.horizm.com/clubs/1446_64a2765615d2d,493195,2,0.0075,3694,Athlete,https://www.instagram.com/robingosens/
jarrodbowen,instagram,Jarrod Bowen,https://cdn.horizm.com/clubs/2320_6491e60f4de67,487189,3,0.0410,19954,Athlete,https://www.instagram.com/jarrodbowen
mayayoshida22,instagram,Maya Yoshida,https://cdn.horizm.com/clubs/1866_6491d9f558e82,484130,4,0.0070,3365,Athlete,https://www.instagram.com/mayayoshida22/
goncaloguedes17,instagram,Goncalo Guedes,https://cdn.horizm.com/clubs/2221_6491e3936af67,483528,1,0.0026,1274,Athlete,https://www.instagram.com/goncaloguedes17/
zhengqinwen_tennis,instagram,Qinwen Zheng,https://cdn.horizm.com/clubs/7300_65b0b994414a0,480028,2,0.0062,2959,Athlete,https://www.instagram.com/zhengqinwen_tennis
debinhaa7,instagram,Debinha,https://cdn.horizm.com/clubs/3507_64920654a0bc4,479616,1,0.0011,547,Athlete,https://www.instagram.com/debinhaa7
luddeaberg,instagram,Ludvig Aberg,https://cdn.horizm.com/clubs/7039_6584076761e7a,479613,1,0.0051,2432,Athlete,https://www.instagram.com/luddeaberg/
annakalinskaya78,instagram,Anna Kalinskaya,https://cdn.horizm.com/clubs/7652_6603e5b71b972,477957,2,0.0132,6327,Athlete,https://www.instagram.com/annakalinskaya78
jessica_von_bredow_werndl,instagram,Jessica Von Bredow-Werndl,https://cdn.horizm.com/clubs/8617_67c082ee0e004,477747,20,0.2700,128969,Athlete,https://www.instagram.com/jessica_von_bredow_werndl/
borjaiglesias9,instagram,Borja Iglesias,https://cdn.horizm.com/clubs/3579_6492084540571,476576,13,0.0849,40451,Athlete,https://www.instagram.com/borjaiglesias9/
mb3five,instagram,Marvin Bagley III,https://cdn.horizm.com/clubs/7939_6638a859ce864,476025,1,0.0000,0,Athlete,https://www.instagram.com/mb3five/
elliecarpenterr,instagram,Ellie Carpenter,https://cdn.horizm.com/clubs/5954_650be2607f301,472428,5,0.1253,59190,Athlete,https://www.instagram.com/elliecarpenterr/
alexandermegos,instagram,Alex Megos,,471202,25,0.0884,41668,Athlete,https://www.instagram.com/alexandermegos
fernando_belasteguin,instagram,Fernando Belasteguin,https://cdn.horizm.com/clubs/3882_64920ee6bc471,471128,3,0.0060,2845,Athlete,https://www.instagram.com/fernando_belasteguin/
joemarler17,tiktok,Joe Marler,https://cdn.horizm.com/clubs/5048_64bab012efa78,471117,2,0.0027,1254,Athlete,https://www.tiktok.com/@joemarler17
brookeraboutou,instagram,Brooke Raboutou,,468363,2,0.0090,4237,Athlete,https://www.instagram.com/brookeraboutou/
mbrighty04,instagram,Millie Bright,https://cdn.horizm.com/clubs/3511_6492067647700,468077,22,0.1682,78727,Athlete,https://www.instagram.com/mbrighty04/
maryfowlerrr,instagram,Mary Fowler,,466983,11,0.2303,107528,Athlete,https://www.instagram.com/maryfowlerrr/
jonisaac_01,instagram,Jonathan Isaac,https://cdn.horizm.com/clubs/6004_650be2c6834b7,466116,3,0.0085,3958,Athlete,https://www.instagram.com/jonisaac_01/
ona.batlle,instagram,Ona Batlle,https://cdn.horizm.com/clubs/4255_649bd87c2ee0c,465600,7,0.0703,32716,Athlete,https://www.instagram.com/ona.batlle/
stanwaygeorgia,instagram,Georgia Stanway,https://cdn.horizm.com/clubs/3510_6492066e770ff,465302,5,0.0847,39410,Athlete,https://www.instagram.com/stanwaygeorgia/
guglielmovicario,instagram,Guglielmo Vicario,https://cdn.horizm.com/clubs/1c35e91f514cf2b4863471a7055fe901ed1ed263.jpg,465292,4,0.0246,11461,Athlete,https://www.instagram.com/guglielmovicario/
bumpnrungilmore,instagram,Stephon Gilmore,https://cdn.horizm.com/clubs/6604_65312c6e0feae,463371,1,0.0084,3885,Athlete,https://www.instagram.com/bumpnrungilmore
iamharis63,instagram,Muhammad Haris,https://cdn.horizm.com/clubs/6266_6531233610180,463071,1,0.0014,644,Athlete,https://www.instagram.com/iamharis63/
giacomo.raspadori,instagram,Giacomo Raspadori,https://cdn.horizm.com/clubs/4911_64baaeb143989,462240,8,0.1344,62125,Athlete,https://www.instagram.com/giacomo.raspadori
sergioricogonzalez1,instagram,Sergio Rico,https://cdn.horizm.com/clubs/6294_653123edddf7d,461777,2,0.0605,27928,Athlete,https://www.instagram.com/sergioricogonzalez1
snellzilla4,instagram,Blake Snell,https://cdn.horizm.com/clubs/3734_64920b4c31d00,461320,11,0.2861,131999,Athlete,https://www.instagram.com/snellzilla4/
hifumi.abe,instagram,Hifumi Abe,https://cdn.horizm.com/clubs/8566_66ec2ed59f0ab,461275,1,0.0038,1767,Athlete,https://www.instagram.com/hifumi.abe
biahaddadmaia,instagram,Beatriz Haddad Maia,https://cdn.horizm.com/clubs/7298_65b0b992977c1,459795,2,0.0078,3576,Athlete,https://www.instagram.com/biahaddadmaia/
wlima_,instagram,Willian Lima,https://cdn.horizm.com/clubs/8575_67c03e423733d,457894,25,0.3491,159871,Athlete,https://www.instagram.com/wlima_/
fazalhaqfarooqi,instagram,Fazalhaq Farooqi,https://cdn.horizm.com/clubs/9090_6853ec9a180f7,457203,7,0.4846,221580,Athlete,https://www.instagram.com/fazalhaqfarooqi/
jonathan_rea,instagram,Jonathan Rea,https://cdn.horizm.com/clubs/2471_6491e9ce6b39d,456640,10,0.1441,65804,Athlete,https://www.instagram.com/jonathan_rea/
ozzie,instagram,Ozzie Albies,https://cdn.horizm.com/clubs/6480_65312900cbabf,455440,7,0.1224,55734,Athlete,https://www.instagram.com/ozzie/
lucio_l3,instagram,Lucio,https://cdn.horizm.com/clubs/3823_64a275a1878fd,453944,2,0.0005,231,Athlete,https://www.instagram.com/lucio_l3/
vmwkong,instagram,Man Wai Vivian Kong,https://cdn.horizm.com/clubs/8663_67c0831f1410e,451598,2,0.0058,2618,Athlete,https://www.instagram.com/vmwkong/
maitlandniles,instagram,Ainsley Maitland-Niles,https://cdn.horizm.com/clubs/6344_6531251f0d019,449928,7,0.0184,8284,Athlete,https://www.instagram.com/maitlandniles/
marcelinhocariocaoficial,tiktok,Marcelinho Carioca,https://cdn.horizm.com/clubs/8acacf39786cdf5b545275e218f2150d3d766edd.jpg,448818,16,0.0063,2840,Athlete,https://www.tiktok.com/@marcelinhocariocaoficial
racheldaly3,instagram,Rachel Daly,https://cdn.horizm.com/clubs/4237_649bd7fd69f35,445979,3,0.0159,7081,Athlete,https://www.instagram.com/racheldaly3
alexeymolchanov,instagram,Alexey Molchanov,https://cdn.horizm.com/clubs/8865_67c03e55535e5,443745,10,0.2479,109987,Athlete,https://www.instagram.com/alexeymolchanov/
reddingpower,instagram,Scott Redding,https://cdn.horizm.com/clubs/2465_6491e9b2c6100,443316,10,0.0402,17841,Athlete,https://www.instagram.com/reddingpower/
alex_golovin17,instagram,Aleksandr Golovin,https://cdn.horizm.com/clubs/6351_653136b318613,443238,1,0.0052,2317,Athlete,https://www.instagram.com/alex_golovin17/
tobiasharris,instagram,Tobias Harris,https://cdn.horizm.com/clubs/5962_650be27600b53,443042,3,0.0391,17312,Athlete,https://www.instagram.com/tobiasharris/
katie_mccabe11,instagram,Katie McCabe,https://cdn.horizm.com/clubs/4265_649bd8b626394,442575,8,0.1130,50030,Athlete,https://www.instagram.com/katie_mccabe11/
karltowns32,tiktok,Karl-Anthony Towns,https://cdn.horizm.com/clubs/3519_649206baaf08d,442326,4,0.0165,7320,Athlete,http://www.tiktok.com/@karltowns32
elchino242,instagram,Teoscar Jose Hernández,https://cdn.horizm.com/clubs/c55f08a18069c61347c785132592c61828c32fcf.jpg,442139,4,0.0000,0,Athlete,https://www.instagram.com/elchino242
alex_meret,instagram,Alex Meret,https://cdn.horizm.com/clubs/6573_6531373cbc712,440748,1,0.0065,2866,Athlete,https://www.instagram.com/alex_meret/
b.bouanani_,instagram,Badredine Bouanani,https://cdn.horizm.com/clubs/6326_653124b012507,439890,2,0.0041,1806,Athlete,https://www.instagram.com/b.bouanani_/
rodesebastian,instagram,Sebastian Rode,https://cdn.horizm.com/clubs/4867_64baae45b788c,439865,3,0.0013,580,Athlete,https://www.instagram.com/rodesebastian/
belindabencic,instagram,Belinda Bencic,https://cdn.horizm.com/clubs/7302_65b0ad60d2c2c,439858,12,0.0517,22740,Athlete,https://www.instagram.com/belindabencic
thesergiogarcia,instagram,Sergio Garcia,https://cdn.horizm.com/clubs/4948_64baaf0f8fb02,439268,7,0.0198,8681,Athlete,https://www.instagram.com/thesergiogarcia/
gerritcole45,instagram,Gerrit Cole,https://cdn.horizm.com/clubs/5321_64d614061d493,439147,2,0.0053,2325,Athlete,https://www.instagram.com/gerritcole45
nojo18,tiktok,Noah Lyles,https://cdn.horizm.com/clubs/2997_6491f88d84fad,438354,3,0.0659,28878,Athlete,https://www.tiktok.com/@nojo18
caiobonfims,instagram,Caio Oliveira de Sena Bonfim,https://cdn.horizm.com/clubs/8280_666bfde76dd66,435847,15,0.0261,11372,Athlete,https://www.instagram.com/caiobonfims/
jaggereaton,instagram,Jagger Eaton,https://cdn.horizm.com/clubs/3539_6492073a5cef3,435328,2,0.0169,7367,Athlete,https://www.instagram.com/jaggereaton/
caiobonfims,instagram,Caio Bonfim,https://cdn.horizm.com/clubs/4817_64baad92cd624,435264,1,0.0000,0,Athlete,https://www.instagram.com/caiobonfims
turner_myles,instagram,Myles Turner,https://cdn.horizm.com/clubs/5988_650c03a0d9826,434524,6,0.0276,12013,Athlete,https://www.instagram.com/turner_myles/
de11edonne,instagram,Elena Delle Donne,https://cdn.horizm.com/clubs/4282_649bd923de55e,434272,3,0.3860,167634,Athlete,https://www.instagram.com/de11edonne/
tembabavuma,instagram,Temba Bavuma,https://cdn.horizm.com/clubs/6251_653122c193b2f,434252,8,0.0165,7168,Athlete,https://www.instagram.com/tembabavuma/
fabiodiggia49,instagram,Fabio Di Giannantonio,https://cdn.horizm.com/clubs/1839_6491d9428e6b4,433764,7,0.0656,28458,Athlete,https://www.instagram.com/fabiodiggia49/
de6rasse,instagram,Andre De Grasse,https://cdn.horizm.com/clubs/2996_6491f8850d5d6,433256,5,0.0584,25308,Athlete,https://www.instagram.com/de6rasse/
djedspence,instagram,Djed Spence,https://cdn.horizm.com/clubs/4895_64baae8bc2fab,432508,3,0.0846,36610,Athlete,https://www.instagram.com/djedspence/
zappacosta,instagram,Davide Zappacosta,https://cdn.horizm.com/clubs/6585_653137455aa58,432367,2,0.0045,1958,Athlete,https://www.instagram.com/zappacosta/
alexscott,tiktok,Alex Scott,https://cdn.horizm.com/clubs/10ed3db9139700e02b0b276d572746987ed280d4.jpg,431976,2,0.0114,4943,Athlete,https://www.tiktok.com/@alexscott
nordimukiele,instagram,Nordi Mukiele,https://cdn.horizm.com/clubs/6298_6531241536fc9,430919,4,0.0523,22552,Athlete,https://www.instagram.com/nordimukiele/
johnmcginn7,instagram,John McGinn,https://cdn.horizm.com/clubs/4345_649bdaa58dc6d,429607,3,0.0682,29287,Athlete,https://www.instagram.com/johnmcginn7/
bertrandtraore10,instagram,Bertrand Traore,https://cdn.horizm.com/clubs/d60fd4b5a567c1d4fd61312c5096774b4a61a2b2.jpg,429496,2,0.0103,4420,Athlete,https://www.instagram.com/bertrandtraore10/
adamscottofficial,instagram,Adam Scott,https://cdn.horizm.com/clubs/5086_64f6e8069bcd1,429156,6,0.0694,29783,Athlete,https://www.instagram.com/adamscottofficial/
polafreestyle,tiktok,Pola Gomez,https://cdn.horizm.com/clubs/ae6f507ee51c272fc9289c9205bb70d3f3ae3952.jpeg,427498,4,0.0003,125,Athlete,https://www.tiktok.com/@polafreestyle
maxxclarkk,instagram,Max Clark,https://cdn.horizm.com/clubs/4133_649405ac8c539,427385,2,0.0288,12304,Athlete,https://www.instagram.com/maxxclarkk/
dillianwhyte,instagram,Dillian Whyte,https://cdn.horizm.com/clubs/1804_6491d701ecb7e,427354,1,0.0045,1934,Athlete,https://www.instagram.com/dillianwhyte/
beagonzalez_padel,instagram,Beatriz Gonzalez,https://cdn.horizm.com/clubs/3889_64920f219b9b9,427054,7,0.0422,18022,Athlete,https://www.instagram.com/beagonzalez_padel
camhey97,instagram,Cameron Heyward,https://cdn.horizm.com/clubs/6097_650be38e61782,424881,37,1.3991,594453,Athlete,https://www.instagram.com/camhey97
mitchsantner,instagram,Mitchell Santner,https://cdn.horizm.com/clubs/fae11457a6785e605948408fea01ef4f1a0f46de.jpg,424624,2,0.0027,1137,Athlete,https://www.instagram.com/mitchsantner/
minwoo27lee,tiktok,Min Woo Lee,https://cdn.horizm.com/clubs/5092_64d60f570e47c,423551,2,0.0361,15305,Athlete,https://www.tiktok.com/@minwoo27lee
abautista19,instagram,Alvaro Bautista,https://cdn.horizm.com/clubs/2455_6491e96e80700,421491,14,0.0624,26321,Athlete,https://www.instagram.com/abautista19/
trinity.rodman,tiktok,Trinity Rodman,https://cdn.horizm.com/clubs/4232_649bd7d32ae46,419487,7,0.7673,321861,Athlete,https://www.tiktok.com/@trinity.rodman
srazab24,instagram,Sikandar Raza,https://cdn.horizm.com/clubs/2979_6491f7f36aff5,418274,40,0.0440,18411,Athlete,https://www.instagram.com/srazab24/
milliebright04,tiktok,Millie Bright,https://cdn.horizm.com/clubs/3511_6492067647700,418108,4,0.0195,8135,Athlete,https://www.tiktok.com/@milliebright04
larissapimentajudo,instagram,Larissa Pimenta,https://cdn.horizm.com/clubs/8637_66ec2fc2e54b4,417619,1,0.0009,396,Athlete,https://www.instagram.com/larissapimentajudo/
iamabd57,instagram,Abdullah Shafique,https://cdn.horizm.com/clubs/6260_653122fbea323,417426,1,0.0011,464,Athlete,https://www.instagram.com/iamabd57/
mariojardelofficial,instagram,Mário Jardel,https://cdn.horizm.com/clubs/3856_64a275af3c58f,417215,5,0.0178,7421,Athlete,https://www.instagram.com/mariojardelofficial/
paulonunes7,instagram,Paulo Nunes,https://cdn.horizm.com/clubs/4ad05386206de11aea175c07f14de36ecfc842bf.jpg,416874,3,0.0145,6044,Athlete,https://www.instagram.com/paulonunes7/
danjuma,instagram,Arnaut Danjuma,https://cdn.horizm.com/clubs/6225_650be4c573d3f,416251,3,0.0779,32442,Athlete,https://www.instagram.com/danjuma/
sergiogm_10,instagram,Sergio Gómez,https://cdn.horizm.com/clubs/4289_649bd945744bf,415759,3,0.0050,2081,Athlete,https://www.instagram.com/sergiogm_10/
kdh_8,instagram,Kiernan Dewsbury-Hall,https://cdn.horizm.com/clubs/4881_64baae6ab01a4,413879,1,0.0239,9892,Athlete,https://www.instagram.com/kdh_8/
dwhite921,instagram,Derrick White,https://cdn.horizm.com/clubs/6003_650be2c4788d2,413184,2,0.0405,16725,Athlete,https://www.instagram.com/dwhite921/
thearcher,instagram,Brandin Cooks,https://cdn.horizm.com/clubs/7094_6583e8d270a15,412567,2,0.0436,17997,Athlete,https://www.instagram.com/thearcher
lena_oberdorf,instagram,Lena Oberdorf,https://cdn.horizm.com/clubs/0d309c7df6b4a87a00e46951e3ca0c303015f127.jpeg,411124,1,0.0127,5219,Athlete,https://www.instagram.com/lena_oberdorf
harveybarnes97,instagram,Harvey Barnes,https://cdn.horizm.com/clubs/2313_6491e5dc79808,410945,12,0.4706,193407,Athlete,https://www.instagram.com/harveybarnes97
l.openda,instagram,Loïs Openda,https://cdn.horizm.com/clubs/6231_650be4d5470cf,408150,2,0.0356,14533,Athlete,https://www.instagram.com/l.openda/
_hannahhampton,instagram,Hannah Hampton,https://cdn.horizm.com/clubs/8945_67ffb917e555a,407757,1,0.0012,496,Athlete,https://www.instagram.com/_hannahhampton/
rai10oficial,instagram,Raí,https://cdn.horizm.com/clubs/3839_64920dd718be5,407237,5,0.0023,947,Athlete,https://www.instagram.com/rai10oficial/
viktor.axelsen7,tiktok,Viktor Axelsen,https://cdn.horizm.com/clubs/8677_66ec302431de2,406875,23,0.1381,56194,Athlete,https://www.tiktok.com/@viktor.axelsen7
bendavies33,instagram,Ben Davies,https://cdn.horizm.com/clubs/1881_6491da4b177f2,406351,2,0.0783,31836,Athlete,https://www.instagram.com/bendavies33/
harrywilson22,instagram,Harry Wilson,https://cdn.horizm.com/clubs/4305_649bd99b031de,406220,3,0.0408,16566,Athlete,https://www.instagram.com/harrywilson22/
rafaelnadal,tiktok,Rafa Nadal,https://cdn.horizm.com/clubs/411_6491b12a07e4d,405700,5,0.1365,55392,Athlete,https://www.tiktok.com/@rafaelnadal
dianataurasi,instagram,Diana Taurasi,https://cdn.horizm.com/clubs/7955_6638a8c98cb31,404772,1,0.0041,1651,Athlete,https://www.instagram.com/dianataurasi/
kylelarsonracin,instagram,Kyle Larson,https://cdn.horizm.com/clubs/4179_649bd67cd25bf,404548,16,0.3069,124175,Athlete,https://www.instagram.com/kylelarsonracin/
larrydn7,instagram,Larry Nance Jr.,https://cdn.horizm.com/clubs/7949_6638a899ad2c5,404173,1,0.0007,276,Athlete,https://www.instagram.com/larrydn7/
lindseyhoran10,instagram,Lindsey Horan,https://cdn.horizm.com/clubs/3513_649206866c426,403905,4,0.2043,82517,Athlete,https://www.instagram.com/lindseyhoran10
tommypaull,instagram,Tommy Paul,https://cdn.horizm.com/clubs/2100_64a2768e60693,403397,8,0.0926,37365,Athlete,https://www.instagram.com/tommypaull/
wcasagrandejr,instagram,Walter Casagrande,https://cdn.horizm.com/clubs/3430_649204092bd26,403248,28,0.0697,28097,Athlete,https://www.instagram.com/wcasagrandejr/
kairooney.10,instagram,Kai Rooney,https://cdn.horizm.com/clubs/b7b17e72dd1b025fff9edffb13ef6f662ec34cc8.jpg,403065,1,0.0334,13479,Athlete,https://www.instagram.com/kairooney.10/
reheilborn,instagram,Renata Heilborn,https://cdn.horizm.com/clubs/9170_686b93108eba3,401562,20,0.2705,108612,Athlete,https://www.instagram.com/reheilborn/
carlos.augusto99,instagram,Carlos Augusto,https://cdn.horizm.com/clubs/6551_65312af94a512,400169,2,0.0045,1802,Athlete,https://www.instagram.com/carlos.augusto99/
k_mid22,instagram,Khris Middleton,https://cdn.horizm.com/clubs/5971_650be28a9d28d,399773,1,0.0019,770,Athlete,https://www.instagram.com/k_mid22/
jokicnikolaofficial,instagram,Nikola Jokic,https://cdn.horizm.com/clubs/5957_650be2680fe6f,399707,70,0.2043,81647,Athlete,https://www.instagram.com/jokicnikolaofficial/
betopimparell,instagram,Beto,https://cdn.horizm.com/clubs/4924_64baaed129118,399373,6,0.0070,2801,Athlete,https://www.instagram.com/betopimparell/
habib.diarra.38,instagram,Habib Diarra,https://cdn.horizm.com/clubs/6416_653136dd6b78e,398622,7,0.0601,23959,Athlete,https://www.instagram.com/habib.diarra.38/
lauren_hemp,instagram,Lauren Hemp,https://cdn.horizm.com/clubs/3506_6492064c143b0,398462,1,0.0064,2550,Athlete,https://www.instagram.com/lauren_hemp/
nonaka_miho,instagram,Miho Nonaka,,398016,1,0.0037,1481,Athlete,https://www.instagram.com/nonaka_miho/
ferminaldeguer_54,instagram,Fermín Aldeguer,https://cdn.horizm.com/clubs/3328_6492017496fb9,397426,6,0.0938,37268,Athlete,https://www.instagram.com/ferminaldeguer_54/
jayt23,instagram,Jonathan Taylor,https://cdn.horizm.com/clubs/3769_64920c5e315ea,396434,1,0.0237,9415,Athlete,https://www.instagram.com/jayt23/
iamscamacca,instagram,Gianluca Scamacca,https://cdn.horizm.com/clubs/6227_650be4ca78a05,396232,5,0.0180,7115,Athlete,https://www.instagram.com/iamscamacca
cameronsmithgolf,instagram,Cameron Smith,https://cdn.horizm.com/clubs/1406_64a2764a59bd8,395716,3,0.1152,45591,Athlete,https://www.instagram.com/cameronsmithgolf/
hernangalindez,instagram,Hernan Galíndez,https://cdn.horizm.com/clubs/2819_6491f35990f0c,394817,3,0.0029,1152,Athlete,https://www.instagram.com/hernangalindez
buehlersdayoff21,instagram,Walker Buehler,https://cdn.horizm.com/clubs/6446_65312821a38a2,393459,1,0.0036,1416,Athlete,https://www.instagram.com/buehlersdayoff21/
thiagobrazpv,instagram,Thiago Braz,https://cdn.horizm.com/clubs/3386_649202ec34276,393154,5,0.0000,0,Athlete,https://www.instagram.com/thiagobrazpv/
malick.laye,instagram,Malick Thiaw,https://cdn.horizm.com/clubs/4c8a83bff8f87d73bfe4a12eaa896452851658e2.jpg,391213,2,0.0180,7032,Athlete,https://www.instagram.com/malick.laye/
mawood33,instagram,Mark Wood,https://cdn.horizm.com/clubs/2973_6491f7c854bb5,391135,1,0.0021,831,Athlete,https://www.instagram.com/mawood33/
gannafilippo,instagram,Filippo Ganna,https://cdn.horizm.com/clubs/8592_66ec2f150915f,390964,2,0.0038,1488,Athlete,https://www.instagram.com/gannafilippo/
gianlumancio_23,instagram,Gianluca Mancini,https://cdn.horizm.com/clubs/6554_6531372b96aad,390933,5,0.0646,25267,Athlete,https://www.instagram.com/gianlumancio_23/
bosnianbeast27,instagram,Jusuf Nurkic,https://cdn.horizm.com/clubs/6010_650c03f3286da,388662,19,0.1705,66248,Athlete,https://www.instagram.com/bosnianbeast27/
kwarholm,instagram,Karsten Warholm,https://cdn.horizm.com/clubs/3008_6491f8c824e6d,387131,5,0.1271,49203,Athlete,https://www.instagram.com/kwarholm/
polarpete20,instagram,Pete Alonso,https://cdn.horizm.com/clubs/5882_650be1e910a85,386642,1,0.0027,1055,Athlete,https://www.instagram.com/polarpete20/
julianobelletti,instagram,Juliano Belletti,https://cdn.horizm.com/clubs/3838_64920dce408f5,386255,1,0.0138,5312,Athlete,https://www.instagram.com/julianobelletti/
wanindu_49_waniya,instagram,Wanindu Hasaranga,https://cdn.horizm.com/clubs/1560_6491d3449ecf0,385774,5,0.0114,4394,Athlete,https://www.instagram.com/wanindu_49_waniya/
therealbor_20,instagram,Josh Donaldson,https://cdn.horizm.com/clubs/5842_650be18f0652d,385485,4,0.0127,4900,Athlete,https://www.instagram.com/therealbor_20/
kschwarb12,instagram,Kyle Schwarber,https://cdn.horizm.com/clubs/5845_650be1962653a,385065,1,0.0089,3423,Athlete,https://www.instagram.com/kschwarb12/
mackinnon29,instagram,Nathan MacKinnon,https://cdn.horizm.com/clubs/8862_67c0837b975ea,384584,1,0.0000,0,Athlete,https://www.instagram.com/mackinnon29/
dinaashersmith,instagram,Dina Asher-Smith,https://cdn.horizm.com/clubs/2992_6491f862b292c,380818,3,0.0355,13512,Athlete,https://www.instagram.com/dinaashersmith/
meliekerrr,instagram,Amelia Kerr,https://cdn.horizm.com/clubs/2930_6491f68d6e4a9,380157,2,0.0932,35441,Athlete,https://www.instagram.com/meliekerrr/
denzelward,instagram,Denzel Ward,https://cdn.horizm.com/clubs/6667_65312e6fa8911,379548,4,0.0184,6983,Athlete,https://www.instagram.com/denzelward/
leylahannietennis,instagram,Leylah Annie Fernandez,https://cdn.horizm.com/clubs/3028_6491f961a9b77,378053,13,0.1986,75074,Athlete,https://www.instagram.com/leylahannietennis/
dasun_shanaka1,instagram,Dasun Shanaka,https://cdn.horizm.com/clubs/2951_6491f716b04ee,377934,1,0.0152,5756,Athlete,https://www.instagram.com/dasun_shanaka1/
konradlaimer,instagram,Konrad Laimer,https://cdn.horizm.com/clubs/4860_64baae32e311a,377856,2,0.0107,4042,Athlete,https://www.instagram.com/konradlaimer/
jgarnerr96,instagram,James Garner,https://cdn.horizm.com/clubs/4893_64baae87a19ef,376181,3,0.0305,11484,Athlete,https://www.instagram.com/jgarnerr96/
saik_99,instagram,Sai Kishore,https://cdn.horizm.com/clubs/9059_6853ec2f9dd00,375675,6,0.0424,15912,Athlete,https://www.instagram.com/saik_99/
waydedreamer,instagram,Wayde van Niekerk,https://cdn.horizm.com/clubs/3623_6492096d4b4f6,374699,3,0.0136,5086,Athlete,https://www.instagram.com/waydedreamer/
harmanpreet_13,instagram,Harmanpreet Singh,https://cdn.horizm.com/clubs/8701_66ec3049dc8a7,374385,7,0.2471,92498,Athlete,https://www.instagram.com/harmanpreet_13/
vitorreiss_06,instagram,Vitor Reis,,372649,3,0.0205,7644,Athlete,https://www.instagram.com/vitorreiss_06
sarahsjostrom,instagram,Sarah Sjoestroem,https://cdn.horizm.com/clubs/8618_66ec2f6d84354,371734,6,0.0263,9792,Athlete,https://www.instagram.com/sarahsjostrom/
savkee15,instagram,Stefan Savic,https://cdn.horizm.com/clubs/2397_64a276c5774c3,370970,1,0.0066,2433,Athlete,https://www.instagram.com/savkee15/
idjmoore,instagram,D.J. Moore,https://cdn.horizm.com/clubs/6087_650be37bba024,370265,1,0.0604,22351,Athlete,https://www.instagram.com/idjmoore/
marcinbulka1,instagram,Marcin Bułka,https://cdn.horizm.com/clubs/6307_65312446d1fed,370218,2,0.0122,4512,Athlete,https://www.instagram.com/marcinbulka1/
jorrelhato,instagram,Jorrel Hato,,369954,3,0.0377,13953,Athlete,https://www.instagram.com/jorrelhato/
balapat,tiktok,Patrick Mills,https://cdn.horizm.com/clubs/7822_66ec2abdbdf6d,369892,1,0.0010,355,Athlete,https://www.tiktok.com/@balapat
brianodriscoll,instagram,Brian O'Driscoll,https://cdn.horizm.com/clubs/4207_649bd739682f7,368939,1,0.0033,1209,Athlete,https://www.instagram.com/brianodriscoll
ericgranado,instagram,Eric Granado,https://cdn.horizm.com/clubs/2439_6491e920f00fb,367613,17,0.0305,11215,Athlete,https://www.instagram.com/ericgranado/
els_9_france,instagram,Eugénie Le Sommer,https://cdn.horizm.com/clubs/4187_649bd6b63353e,367579,16,0.1374,50492,Athlete,https://www.instagram.com/els_9_france/
mitchmarsh235,instagram,Mitchell Marsh,https://cdn.horizm.com/clubs/a13ec073a41003cb45679394d101364d1d89e702.jpg,367562,4,0.0085,3109,Athlete,https://www.instagram.com/mitchmarsh235/
oanunoby,instagram,OG Anunoby,https://cdn.horizm.com/clubs/5996_650be2b54309f,367444,2,0.0000,0,Athlete,https://www.instagram.com/oanunoby/
dsabonis11,instagram,Domantas Sabonis,https://cdn.horizm.com/clubs/3635_649209b957933,367303,4,0.0205,7535,Athlete,https://www.instagram.com/dsabonis11
alexmarquez73,tiktok,Alex Marquez,https://cdn.horizm.com/clubs/1836_6491d928ed36b,366168,3,0.0208,7624,Athlete,https://www.tiktok.com/@alexmarquez73
jbutland_,instagram,Jack Butland,https://cdn.horizm.com/clubs/4312_649bd9ceba8e3,365040,4,0.0462,16882,Athlete,https://www.instagram.com/jbutland_/
dazmitchell47,instagram,Daryl Mitchell,https://cdn.horizm.com/clubs/2950_6491f70e52cf1,364504,5,0.1063,38762,Athlete,https://www.instagram.com/dazmitchell47/
italotferreira,tiktok,Ítalo Ferreira,https://cdn.horizm.com/clubs/3377_649202b897fef,364428,13,0.0136,4961,Athlete,https://www.tiktok.com/@italotferreira
sholashoretire,instagram,Shola Shoretire,https://cdn.horizm.com/clubs/2750_6491f1dc1cc9a,363956,5,0.0139,5042,Athlete,https://www.instagram.com/sholashoretire/
lin__yun_ju_,instagram,Lin Yun-Ju,https://cdn.horizm.com/clubs/f50a3300715c7b58099d059f22f3f6f8d521a2a5.jpg,362018,6,0.0399,14456,Athlete,https://www.instagram.com/lin__yun_ju_/
davyklaassen,instagram,Davy Klaassen,https://cdn.horizm.com/clubs/6552_65312b02b4ce1,361778,1,0.0345,12497,Athlete,https://www.instagram.com/davyklaassen/
kristjanasllani,instagram,Kristjan Asllani,https://cdn.horizm.com/clubs/6550_65312aeebf5d8,361555,2,0.1107,40012,Athlete,https://www.instagram.com/kristjanasllani/
bradbinder,instagram,Brad Binder,https://cdn.horizm.com/clubs/1825_6491d8d44e3dc,359655,4,0.0399,14360,Athlete,https://www.instagram.com/bradbinder/
kaylianemour,instagram,Kaylia Nemour,https://cdn.horizm.com/clubs/8641_66ec2fd0eb01e,359562,9,0.0378,13595,Athlete,https://www.instagram.com/kaylianemour/
jamestrafford,instagram,James Trafford,https://cdn.horizm.com/clubs/6203_650be46f34ee5,358641,4,1.1891,426477,Athlete,https://www.instagram.com/jamestrafford
siobhanhaughey01,instagram,Siobhan Bernadette Haughey,https://cdn.horizm.com/clubs/8639_67c08300658da,358116,3,0.0084,3023,Athlete,https://www.instagram.com/siobhanhaughey01/
elanoblumer,instagram,Elano,https://cdn.horizm.com/clubs/3845_64920df089588,357776,1,0.0015,538,Athlete,https://www.instagram.com/elanoblumer/
dperalta6,tiktok,David Peralta,https://cdn.horizm.com/clubs/6488_6531292a00784,357003,6,0.0058,2078,Athlete,https://www.tiktok.com/@dperalta6
sadaouinoah7,instagram,Noah Sadaoui,https://cdn.horizm.com/clubs/7903_6638b27f71f64,355727,6,0.0738,26269,Athlete,https://www.instagram.com/sadaouinoah7/
ketel_marte4,instagram,Ketel Marte,https://cdn.horizm.com/clubs/6153_650be3ff72e1e,355149,1,0.0000,0,Athlete,https://www.instagram.com/ketel_marte4/
wasimjaffer14,instagram,Wasim Jaffer,https://cdn.horizm.com/clubs/6882_6565aadb580d4,354275,9,0.0280,9933,Athlete,https://www.instagram.com/wasimjaffer14/
stanleylobotka37,instagram,Stanislav Lobotka,https://cdn.horizm.com/clubs/4907_64baaea8d69dd,352757,3,0.0366,12910,Athlete,https://www.instagram.com/stanleylobotka37/
tema_dovbyk,instagram,Artem Dovbyk,https://cdn.horizm.com/clubs/7143_658407d7c3a25,352696,3,0.0264,9312,Athlete,https://www.instagram.com/tema_dovbyk/
facubuonanotte_,instagram,Facundo Buonanotte,https://cdn.horizm.com/clubs/7074_6584078fa9eae,351115,6,0.0468,16434,Athlete,https://www.instagram.com/facubuonanotte_/
cp0031,instagram,Carey Price,https://cdn.horizm.com/clubs/3746_64920ba1933e6,350908,2,0.0363,12752,Athlete,https://www.instagram.com/cp0031/
bekaurilasha,instagram,Lasha Bekauri,https://cdn.horizm.com/clubs/8558_67c082a1cc451,350794,1,0.0068,2370,Athlete,https://www.instagram.com/bekaurilasha/
madisonkeys,instagram,Madison Keys,https://cdn.horizm.com/clubs/3024_6491f9490bd6d,350742,6,0.0128,4493,Athlete,https://www.instagram.com/madisonkeys/
kieranbmxreilly,instagram,Kieran Darren David Reilly,https://cdn.horizm.com/clubs/8585_67c03e44f22aa,350362,2,0.0053,1846,Athlete,https://www.instagram.com/kieranbmxreilly/
maroitoje,instagram,Maro Itoje,https://cdn.horizm.com/clubs/4205_649bd728c77f1,350361,11,0.1067,37397,Athlete,https://www.instagram.com/maroitoje
tytaylor,instagram,Tyrod Taylor,https://cdn.horizm.com/clubs/6639_65312d9710c3d,350313,4,0.0653,22864,Athlete,https://www.instagram.com/tytaylor
kasatkina,instagram,Daria Kasatkina,https://cdn.horizm.com/clubs/4363_649bdb1989598,349970,9,0.0771,26986,Athlete,https://www.instagram.com/kasatkina/
takanakagami,instagram,Takaaki Nakagami,https://cdn.horizm.com/clubs/1837_6491d931849a0,349132,2,0.0016,567,Athlete,https://www.instagram.com/takanakagami/
carlos_baleba,instagram,Carlos Baleba,https://cdn.horizm.com/clubs/7075_658407913bfc5,348764,3,0.1834,63946,Athlete,https://www.instagram.com/carlos_baleba/
_lc30_,instagram,Lucas Chevalier,https://cdn.horizm.com/clubs/6396_6531268ed05cc,347939,6,0.7112,247469,Athlete,https://www.instagram.com/_lc30_/
normanpowell4,instagram,Norman Powell,https://cdn.horizm.com/clubs/6000_650c03d2146de,347540,4,0.0158,5486,Athlete,https://www.instagram.com/normanpowell4/
napheesa24,instagram,Napheesa Collier,https://cdn.horizm.com/clubs/7960_6638a8ea0bc91,346671,4,0.2497,86581,Athlete,https://www.instagram.com/napheesa24/
viditchess,instagram,Vidit Gujrathi,https://cdn.horizm.com/clubs/5894_650be1fd39e4b,346219,3,0.0108,3756,Athlete,https://www.instagram.com/viditchess/
eweezy_3,instagram,Erica Wheeler,https://cdn.horizm.com/clubs/7964_6638a90aed61b,344158,19,0.0589,20283,Athlete,https://www.instagram.com/eweezy_3/
nikolakarabatic44,instagram,Nikola Karabatic,https://cdn.horizm.com/clubs/3625_6492097e60fa4,344080,6,0.0504,17337,Athlete,https://www.instagram.com/nikolakarabatic44/
sharma.ashu007,instagram,Ashutosh Sharma,https://cdn.horizm.com/clubs/9054_686b991de5a99,344027,5,0.0919,31604,Athlete,https://www.instagram.com/sharma.ashu007/
heatheroreilly,instagram,Heather O’Reilly,https://cdn.horizm.com/clubs/4771_64baacddec33c,343898,5,0.0228,7837,Athlete,https://www.instagram.com/heatheroreilly/
delfibrea,instagram,Delfi Brea,https://cdn.horizm.com/clubs/8527_67c0827b8ac73,342290,2,0.0076,2612,Athlete,https://www.instagram.com/delfibrea
jpegula,instagram,Jessica Pegula,https://cdn.horizm.com/clubs/1313_64b62bcabf2a4,341586,17,0.2919,99700,Athlete,https://www.instagram.com/jpegula
lisaleslie,instagram,Lisa Leslie,https://cdn.horizm.com/clubs/4280_649bd91348bfe,341469,9,0.1019,34794,Athlete,https://www.instagram.com/lisaleslie/
asllani9,instagram,Kosovare Asllani,https://cdn.horizm.com/clubs/5952_650be25ce48ef,341442,5,0.0175,5988,Athlete,https://www.instagram.com/asllani9/
ibanez41oficial,instagram,Roger Ibañez,https://cdn.horizm.com/clubs/4913_64baaeb6aebdc,340552,2,0.0118,4030,Athlete,https://www.instagram.com/ibanez41oficial/
igor.vinicius,instagram,Igor Vinícius,https://cdn.horizm.com/clubs/8848_67c0837749f17,340129,3,0.0000,0,Athlete,https://www.instagram.com/igor.vinicius/
alisonsantos01_,instagram,Alison Piu,https://cdn.horizm.com/clubs/3387_649202f43b281,338875,1,0.0007,248,Athlete,https://www.instagram.com/alisonsantos01_/
marlon,instagram,Marlon Humphrey,https://cdn.horizm.com/clubs/6138_650be3de9b57a,338832,4,0.1115,37780,Athlete,https://www.instagram.com/marlon
karenkhachanov,instagram,Karen Khachanov,https://cdn.horizm.com/clubs/2102_6491e04bc4550,336045,6,0.0211,7100,Athlete,https://www.instagram.com/karenkhachanov/
caitlinfoord,instagram,Caitlin Foord,https://cdn.horizm.com/clubs/5e75d6f85cd71a03d05448628a9de72e06349c1e.jpg,335532,6,0.1749,58675,Athlete,https://www.instagram.com/caitlinfoord/
sreejesh88,instagram,PR Sreejesh,https://cdn.horizm.com/clubs/8702_66ec3050ef882,335496,24,0.1908,64001,Athlete,https://www.instagram.com/sreejesh88/
charlesdeketelaere,instagram,Charles De Ketelaere,https://cdn.horizm.com/clubs/6587_653137472ff9a,334539,1,0.0048,1621,Athlete,https://www.instagram.com/charlesdeketelaere/
tyy2.0,instagram,Ty,https://cdn.horizm.com/clubs/a27a8510b54c96308a58f9b02c1ec868bb3f5f4a.jpg,333717,10,0.1525,50884,Athlete,https://www.instagram.com/tyy2.0
ryansess,instagram,Ryan Sessegnon,https://cdn.horizm.com/clubs/4887_64baae78e4130,333324,2,0.0108,3594,Athlete,https://www.instagram.com/ryansess/
michaelvaughan,instagram,Michael Vaughan,https://cdn.horizm.com/clubs/6883_6565b984146f1,330611,34,0.3578,118305,Athlete,https://www.instagram.com/michaelvaughan/
teunkoopmeiners,instagram,Teun Koopmeiners,https://cdn.horizm.com/clubs/4914_64baaeb8965d2,330574,4,0.0362,11981,Athlete,https://www.instagram.com/teunkoopmeiners/
adalbertopr7,instagram,Adalberto Peñarada,https://cdn.horizm.com/clubs/2850_6491f44fb48ac,329444,2,0.0112,3697,Athlete,https://www.instagram.com/adalbertopr7/
miggyslocker,instagram,Miguel Rojas,https://cdn.horizm.com/clubs/6850_6565b9533b1d7,328754,5,0.1182,38875,Athlete,https://www.instagram.com/miggyslocker/
cassandrebeaugrand,instagram,Cassandre Beaugrand,https://cdn.horizm.com/clubs/8658_66ec2ffe04fb9,328192,7,0.0288,9452,Athlete,https://www.instagram.com/cassandrebeaugrand/
i.aspas10,instagram,Iago Aspas,https://cdn.horizm.com/clubs/3443_6492045fe74cc,328068,1,0.0025,815,Athlete,https://www.instagram.com/i.aspas10/
renatoveiga95,instagram,Renato Veiga,https://cdn.horizm.com/clubs/8909_686b93cf15e7d,326922,1,0.0000,11,Athlete,https://www.instagram.com/renatoveiga95
zeciramusovic,instagram,Zecira Musovic,https://cdn.horizm.com/clubs/8944_67ffb90dba941,326762,1,0.0019,610,Athlete,https://www.instagram.com/zeciramusovic/
lydsko,instagram,Lydia Ko,https://cdn.horizm.com/clubs/3051_64a27765dab11,325220,4,0.0287,9342,Athlete,https://www.instagram.com/lydsko/
isojoe,instagram,Joe Johnson,https://cdn.horizm.com/clubs/2491_6491ea56832b5,324691,52,2.1602,701399,Athlete,https://www.instagram.com/isojoe/
jdmartinez28,instagram,J.D. Martinez,https://cdn.horizm.com/clubs/6177_650be433734af,324297,1,0.0032,1024,Athlete,https://www.instagram.com/jdmartinez28
thebigbear13ozuna,instagram,Raisel Iglesias,https://cdn.horizm.com/clubs/5868_650be1c7ccbba,324062,4,0.0200,6471,Athlete,https://www.instagram.com/thebigbear13ozuna/
greivisvasquez,instagram,Greivis Vasquez,https://cdn.horizm.com/clubs/2501_6491eaa0bf3ad,323132,26,0.0250,8086,Athlete,https://www.instagram.com/greivisvasquez/
ohsu.o_o,instagram,Sanguk Oh,https://cdn.horizm.com/clubs/8539_67c082866e395,322245,5,0.0293,9439,Athlete,https://www.instagram.com/ohsu.o_o/
aryborges,instagram,Ary Borges,https://cdn.horizm.com/clubs/5141_64d610a55b46d,322184,7,0.0071,2284,Athlete,https://www.instagram.com/aryborges/
m_simon27,instagram,Moses Simon,https://cdn.horizm.com/clubs/6407_653126d7ce343,321596,6,0.0185,5957,Athlete,https://www.instagram.com/m_simon27/
donnavekic,instagram,Donna Vekić,https://cdn.horizm.com/clubs/7305_65b0ad6cef11d,321068,9,0.0754,24214,Athlete,https://www.instagram.com/donnavekic
devinwhite_40,instagram,Devin White,https://cdn.horizm.com/clubs/6125_650be3c5973ed,320866,1,0.0041,1320,Athlete,https://www.instagram.com/devinwhite_40/
diegzyyy,instagram,Diego Moreira,https://cdn.horizm.com/clubs/5dcca05022f3f9fea5d381fb43217efe71ecf4ae.jpg,320741,7,0.0556,17841,Athlete,https://www.instagram.com/diegzyyy
grabodunks,tiktok,Piotr Grabowski,https://cdn.horizm.com/clubs/bbbbe7ff32ab39f28444f56e74439308333500ac.jpg,320707,8,0.0049,1562,Athlete,https://www.tiktok.com/@grabodunks
danniwyatt28,instagram,Danni Wyatt,https://cdn.horizm.com/clubs/2427_6491e8d5a8e48,320560,4,0.0129,4136,Athlete,https://www.instagram.com/danniwyatt28/
djoninho25,instagram,Jonathan Clauss,https://cdn.horizm.com/clubs/6362_65312591a3aed,320394,2,0.0020,651,Athlete,https://www.instagram.com/djoninho25/
wendie_renard,instagram,Wendie Renard,https://cdn.horizm.com/clubs/3096_6491faf8e9b48,320347,4,0.0144,4620,Athlete,https://www.instagram.com/wendie_renard/
sandesh21jhingan,instagram,Sandesh Jhingan,https://cdn.horizm.com/clubs/7893_6638a7636b7b0,319429,2,0.0091,2895,Athlete,https://www.instagram.com/sandesh21jhingan/
franz_weasley,instagram,Franz Wagner,https://cdn.horizm.com/clubs/2502_6491eaa93b132,318656,7,0.2291,73011,Athlete,https://www.instagram.com/franz_weasley/
amadou_haidara04,instagram,Amadou Haidara,https://cdn.horizm.com/clubs/4861_64baae34afcba,318533,2,0.0081,2566,Athlete,https://www.instagram.com/amadou_haidara04/
cucurella3,tiktok,Marc Cucurella,https://cdn.horizm.com/clubs/8931_67ffb89f97bd7,318438,2,0.0429,13652,Athlete,https://www.tiktok.com/@cucurella3
jessfoxcanoe,instagram,Jessica Fox,https://cdn.horizm.com/clubs/8616_66ec2f6011c1c,317805,3,0.0124,3925,Athlete,https://www.instagram.com/jessfoxcanoe/
abdulsamad,instagram,Abdul Samad,https://cdn.horizm.com/clubs/9061_6853ec3e6200b,317210,1,0.0242,7673,Athlete,https://www.instagram.com/abdulsamad/
spencerdinwiddie,instagram,Spencer Dinwiddie,https://cdn.horizm.com/clubs/2483_6491ea1b930f1,317086,13,0.0690,21869,Athlete,https://www.instagram.com/spencerdinwiddie/
fredcaldeira,instagram,Fred Caldeira,https://cdn.horizm.com/clubs/9167_686b930deb190,316881,16,0.4672,148050,Athlete,https://www.instagram.com/fredcaldeira/
juddtrump,instagram,Judd Trump,https://cdn.horizm.com/clubs/5937_650be24465b3a,316750,3,0.1103,34943,Athlete,https://www.instagram.com/juddtrump/
demarai,instagram,Demarai Gray,https://cdn.horizm.com/clubs/2271_6491e4d4261f5,316490,1,0.0149,4727,Athlete,https://www.instagram.com/demarai/
ardie_savea,tiktok,Ardie Savea,https://cdn.horizm.com/clubs/7181b5a0639e5ba9c1519e59c4385bfb26ce8281.jpg,315808,2,0.0734,23184,Athlete,https://www.tiktok.com/@ardie_savea
evan.ferguson.9,instagram,Evan Ferguson,https://cdn.horizm.com/clubs/4339_649bda7046cdd,315782,1,0.0265,8376,Athlete,https://www.instagram.com/evan.ferguson.9/
filipjorgensen1,instagram,Filip Jorgensen,https://cdn.horizm.com/clubs/8901_67ffbd09dc5e9,315115,2,1.1406,359413,Athlete,https://www.instagram.com/filipjorgensen1/
d.alonso80,instagram,David Alonso,https://cdn.horizm.com/clubs/2f4fee1a4d64611ff19ad4f42d5f7da7f621084d.jpg,314695,12,0.0498,15679,Athlete,https://www.instagram.com/d.alonso80/
kletang_58,instagram,Kris Letang,https://cdn.horizm.com/clubs/3751_64920bcbc50b9,314401,1,0.0000,0,Athlete,https://www.instagram.com/kletang_58/
arraezluis,instagram,Luis Arraez,https://cdn.horizm.com/clubs/6495_65312960324ce,313366,17,0.3155,98862,Athlete,https://www.instagram.com/arraezluis/
ezrikonsa,instagram,Ezri Konsa,https://cdn.horizm.com/clubs/2240_6491e411ee82a,312744,4,0.0494,15458,Athlete,https://www.instagram.com/ezrikonsa/
moritz_weasley,instagram,Moe Wagner,https://cdn.horizm.com/clubs/2503_6491eab17def8,312271,6,0.2032,63461,Athlete,https://www.instagram.com/moritz_weasley/
johnnycueto47,instagram,Johnny Cueto,https://cdn.horizm.com/clubs/6501_653129894898d,311496,1,0.0016,508,Athlete,https://www.instagram.com/johnnycueto47/
mujeeb_zadran,instagram,Mujeeb Ur Rahman,https://cdn.horizm.com/clubs/9074_686b9b194ae74,311465,17,0.1594,49639,Athlete,https://www.instagram.com/mujeeb_zadran/
waseem.jnr,instagram,Mohammad Wasim Jr.,https://cdn.horizm.com/clubs/6271_65312365f1393,311185,1,0.0054,1673,Athlete,https://www.instagram.com/waseem.jnr/
10_luisalberto,instagram,Luis Alberto,https://cdn.horizm.com/clubs/6578_65312ba20ae59,311032,6,0.0205,6370,Athlete,https://www.instagram.com/10_luisalberto/
berardi25,instagram,Domenico Berardi,https://cdn.horizm.com/clubs/7136_658407c7e1af3,308618,3,0.0075,2313,Athlete,https://www.instagram.com/berardi25
kenny_bednarek,instagram,Kenny Bednarek,https://cdn.horizm.com/clubs/3561_649207c50ead9,307867,17,0.0571,17580,Athlete,https://www.instagram.com/kenny_bednarek/
patriciamamona,instagram,Patricia Mamona,https://cdn.horizm.com/clubs/74ded4fbaada7d4f7da9160b7ca4bdc11bf221b2.jpg,307537,2,0.0195,5993,Athlete,https://www.instagram.com/patriciamamona/
patsondaka,instagram,Patson Daka,https://cdn.horizm.com/clubs/4328_649bda2c9461f,306950,1,0.0007,212,Athlete,https://www.instagram.com/patsondaka/
bportistime,instagram,Bobby Portis,https://cdn.horizm.com/clubs/7937_6638a84844883,306732,5,0.0123,3776,Athlete,https://www.instagram.com/bportistime/
foestar13,instagram,Marcus Morris Sr.,https://cdn.horizm.com/clubs/6007_650be2ce3b056,306698,6,0.0232,7113,Athlete,https://www.instagram.com/foestar13/
tommyedman,instagram,Tommy Edman,https://cdn.horizm.com/clubs/6818_6565b91d99f14,305817,1,0.0237,7260,Athlete,https://www.instagram.com/tommyedman/
harpreetsbrar95,instagram,Harpreet Brar,https://cdn.horizm.com/clubs/9081_6853ec7ab3da0,305783,2,0.4955,151520,Athlete,https://www.instagram.com/harpreetsbrar95/
lucybronze,tiktok,Lucy Bronze,https://cdn.horizm.com/clubs/2798_6491f2b8b0b83,305476,2,0.0127,3878,Athlete,https://www.tiktok.com/@lucybronze
ds17trickshots,tiktok,Dennis Schröder,https://cdn.horizm.com/clubs/7825_66ec2ad550c3b,304972,11,0.9718,296357,Athlete,https://www.tiktok.com/@ds17trickshots
francohs22,instagram,Franco Stupaczuk,https://cdn.horizm.com/clubs/3879_64920ecda89a7,304806,4,0.0191,5832,Athlete,https://www.instagram.com/francohs22/
mdinenno,instagram,Martin De Nenno,https://cdn.horizm.com/clubs/3880_64920ed6064dc,303056,4,0.0113,3436,Athlete,https://www.instagram.com/mdinenno/
holger.rune,tiktok,Holger Rune,https://cdn.horizm.com/clubs/5063_64bab03d15601,302272,2,0.0133,4026,Athlete,https://www.tiktok.com/@holger.rune
arike_ogunbowale,instagram,Arike Ogunbowale,https://cdn.horizm.com/clubs/7952_6638a8b18dd19,301266,3,0.0059,1786,Athlete,https://www.instagram.com/arike_ogunbowale/
akoradams,instagram,Akor Adams,https://cdn.horizm.com/clubs/7145_658407dabbb4e,299891,14,1.8536,555870,Athlete,https://www.instagram.com/akoradams/
andredrummond,tiktok,Andre Drummond,https://cdn.horizm.com/clubs/3720_64920ad3a8440,299552,1,0.0008,232,Athlete,https://www.tiktok.com/@andredrummond
westwood_lee,instagram,Lee Westwood,https://cdn.horizm.com/clubs/4984_64baaf63bca74,298875,11,0.0463,13840,Athlete,https://www.instagram.com/westwood_lee/
fujinami_shintaro,instagram,Shintaro Fujinami,https://cdn.horizm.com/clubs/6856_6565b95ddd183,298782,1,0.0110,3272,Athlete,https://www.instagram.com/fujinami_shintaro/
iammateta,instagram,Jean-Philippe Mateta,https://cdn.horizm.com/clubs/7358_65b0b9d23a6e4,298749,3,0.3625,108288,Athlete,https://www.instagram.com/iammateta
npope29,instagram,Nick Pope,https://cdn.horizm.com/clubs/1858_6491d9b2333bb,298661,3,0.0363,10829,Athlete,https://www.instagram.com/npope29/
emilyaharrington,instagram,Emily Harrington,,297221,9,0.0223,6618,Athlete,https://www.instagram.com/emilyaharrington/
darlan_romani,instagram,Darlan Romani,https://cdn.horizm.com/clubs/3385_64a27791501d0,297123,8,0.0023,687,Athlete,https://www.instagram.com/darlan_romani/
keshavmaharaj16,instagram,Keshav Maharaj,https://cdn.horizm.com/clubs/6257_6531365fdda11,297098,1,0.0033,974,Athlete,https://www.instagram.com/keshavmaharaj16/
josesaoficial,instagram,Jose Sa,https://cdn.horizm.com/clubs/2226_6491e3ad27dee,296543,1,0.0232,6883,Athlete,https://www.instagram.com/josesaoficial/
graham95,instagram,Caroline Graham Hansen,https://cdn.horizm.com/clubs/3101_6491fb1a8e01f,295536,1,0.0074,2186,Athlete,https://www.instagram.com/graham95/
ashimashiraishi,instagram,Ashima Shiraishi,,295150,1,0.0007,192,Athlete,https://www.instagram.com/ashimashiraishi/
stephcatley,instagram,Steph Catley,https://cdn.horizm.com/clubs/5156_64d6110ee2c55,294866,5,0.1292,38093,Athlete,https://www.instagram.com/stephcatley/
patri8guijarro,instagram,Patricia Guijarro,https://cdn.horizm.com/clubs/6373_653125f88b5e6,294823,4,0.0210,6192,Athlete,https://www.instagram.com/patri8guijarro/
slamtana_41,instagram,Carlos Santana,https://cdn.horizm.com/clubs/6485_6531291f434a1,294575,1,0.0025,736,Athlete,https://www.instagram.com/slamtana_41/
moregardhtruls,instagram,Truls Moregard,https://cdn.horizm.com/clubs/4272_649bd8d8128d7,294163,6,0.0509,14972,Athlete,https://www.instagram.com/moregardhtruls/
lukedonald,instagram,Luke Donald,https://cdn.horizm.com/clubs/7054_6583e74ad5daf,293946,1,0.0059,1721,Athlete,https://www.instagram.com/lukedonald/
joshkofi2,instagram,Josh Kofi Acheampong,https://cdn.horizm.com/clubs/8926_6853eb95c379d,293378,1,0.0000,0,Athlete,https://www.instagram.com/joshkofi2/
josip_stanisic,instagram,Josip Stanišić,https://cdn.horizm.com/clubs/4803_64baad4dee60d,292266,3,0.0200,5850,Athlete,https://www.instagram.com/josip_stanisic/
patrick_bamford,instagram,Patrick Bamford,https://cdn.horizm.com/clubs/2369_64a276b759fd7,291765,6,0.0786,22937,Athlete,https://www.instagram.com/patrick_bamford/
lewishall_10,instagram,Lewis Hall,https://cdn.horizm.com/clubs/7083_6584079e031fe,291508,3,0.0180,5250,Athlete,https://www.instagram.com/lewishall_10/
trevmay65,instagram,Trevor May,https://cdn.horizm.com/clubs/6497_653137047287a,291327,4,0.0337,9821,Athlete,https://www.instagram.com/trevmay65/
jamesmcatee_,instagram,James McAtee,,291205,2,0.0147,4287,Athlete,https://www.instagram.com/jamesmcatee_/
mikel10oyar,instagram,Mikel Oyarzabal,https://cdn.horizm.com/clubs/3442_649204573e998,290666,12,0.0781,22695,Athlete,https://www.instagram.com/mikel10oyar/
soranacirstea,instagram,Sorana Cîrstea,https://cdn.horizm.com/clubs/7306_65b0ad786e3ec,290437,8,0.1711,49704,Athlete,https://www.instagram.com/soranacirstea
aroncanet,instagram,Aron Canet,https://cdn.horizm.com/clubs/3323_6492014c17952,289735,1,0.0027,788,Athlete,https://www.instagram.com/aroncanet/
anapotapovaa,instagram,Anastasia Potapova,https://cdn.horizm.com/clubs/7307_65b0ad82e3fae,289625,6,0.0621,17982,Athlete,https://www.instagram.com/anapotapovaa/
sherickajacko,instagram,Shericka Jackson,https://cdn.horizm.com/clubs/3621_6492095c7aa7d,289533,1,0.0028,822,Athlete,https://www.instagram.com/sherickajacko/
arnaud_kalimuendo,instagram,Arnaud Kalimuendo,https://cdn.horizm.com/clubs/6384_6531263569c51,288117,6,0.0492,14165,Athlete,https://www.instagram.com/arnaud_kalimuendo/
hayleyraso,instagram,Hayley Raso,https://cdn.horizm.com/clubs/5154_64d61105950f1,286650,2,0.0128,3678,Athlete,https://www.instagram.com/hayleyraso/
steghiso,instagram,Stefano Ghisolfi,,285961,4,0.0113,3228,Athlete,https://www.instagram.com/steghiso/
ktuck_30,instagram,Kyle Tucker,https://cdn.horizm.com/clubs/6526_65312a512761a,283693,8,1.2376,351112,Athlete,https://www.instagram.com/ktuck_30/
pedersen__mads,instagram,Mads Pedersen,https://cdn.horizm.com/clubs/5163_64d6114a2af94,283314,3,0.0295,8352,Athlete,https://www.instagram.com/pedersen__mads/
federicodimarco32,tiktok,Federico Dimarco,https://cdn.horizm.com/clubs/4909_64baaead6c3b8,282867,1,0.0148,4189,Athlete,https://www.tiktok.com/@federicodimarco32
bryan11gil,instagram,Bryan Gil,https://cdn.horizm.com/clubs/3441_6492044e59f13,282757,5,0.0115,3257,Athlete,https://www.instagram.com/bryan11gil/
odilonkossounou,instagram,Odilon Kossounou,https://cdn.horizm.com/clubs/2801_6491f2d0b4e1a,282481,2,0.0289,8156,Athlete,https://www.instagram.com/odilonkossounou/
lungingidi,instagram,Lungi Ngidi,https://cdn.horizm.com/clubs/1419eb2ef9e4399b8243633bbf6e208c00ef8630.jpg,281794,9,0.0502,14148,Athlete,https://www.instagram.com/lungingidi/
o.edouard_18,instagram,Odsonne Edouard,https://cdn.horizm.com/clubs/2288_6491e54303288,281706,3,0.0127,3570,Athlete,https://www.instagram.com/o.edouard_18
carogarcia,instagram,Caroline Garcia,https://cdn.horizm.com/clubs/4148_649bd587bfffc,281312,6,0.0239,6728,Athlete,https://www.instagram.com/carogarcia/
lockieferguson,instagram,Lockie Ferguson,https://cdn.horizm.com/clubs/6285_653136740b234,281182,5,0.0521,14636,Athlete,https://www.instagram.com/lockieferguson/
hubihurkacz,instagram,Hubert Hurkacz,https://cdn.horizm.com/clubs/7284_65b0acb7bd3e5,281148,11,0.2893,81332,Athlete,https://www.instagram.com/hubihurkacz/
tomoa_narasaki,instagram,Tomoa Narasaki,,281093,4,0.0318,8935,Athlete,https://www.instagram.com/tomoa_narasaki/
jacobramseyy,instagram,Jacob Ramsey,https://cdn.horizm.com/clubs/4346_649bdaae1bd19,281057,2,0.0430,12083,Athlete,https://www.instagram.com/jacobramseyy/
thegaelmonfils,tiktok,Gael Monfils,https://cdn.horizm.com/clubs/1306_6491cc2cadfed,280986,1,0.0228,6403,Athlete,https://www.tiktok.com/@thegaelmonfils
_bigjayy_,instagram,Jarrett Allen,https://cdn.horizm.com/clubs/5992_650be2afcdea8,280449,1,0.0054,1511,Athlete,https://www.instagram.com/_bigjayy_/
severino40,instagram,Luis Severino,https://cdn.horizm.com/clubs/5876_650be1d9681d4,279942,2,0.0034,950,Athlete,https://www.instagram.com/severino40/
gilbertosilva,instagram,Gilberto Silva,https://cdn.horizm.com/clubs/3830_64920d9195630,279470,9,0.0488,13626,Athlete,https://www.instagram.com/gilbertosilva
maheesh_theekshana,instagram,Maheesh Theekshana,https://cdn.horizm.com/clubs/6278_6531238f373be,279272,1,0.0014,389,Athlete,https://www.instagram.com/maheesh_theekshana/
nicolomartinenghi,instagram,Nicolo Martinenghi,https://cdn.horizm.com/clubs/8565_67c082afe01da,278519,1,0.0029,810,Athlete,https://www.instagram.com/nicolomartinenghi/
hebertwilianboxe,instagram,Hebert Conceição,https://cdn.horizm.com/clubs/3380_64a2778f22ce5,277441,3,0.0169,4686,Athlete,https://www.instagram.com/hebertwilianboxe/
jillroord,instagram,Jill Roord,https://cdn.horizm.com/clubs/5144_64d610b870e96,276312,2,0.0265,7330,Athlete,https://www.instagram.com/jillroord/
keeganbradley1,instagram,Keegan Bradley,https://cdn.horizm.com/clubs/5073_64d60eba9faa5,276284,1,0.0012,337,Athlete,https://www.instagram.com/keeganbradley1/
shetmyer,instagram,Shimron Hetmyer,https://cdn.horizm.com/clubs/8087_664dcd5757d69,275676,7,0.0091,2504,Athlete,https://www.instagram.com/shetmyer/
l.ugochukwu8,instagram,Lesley Ugochukwu,https://cdn.horizm.com/clubs/6205_650be473d64b6,275623,5,0.0255,7041,Athlete,https://www.instagram.com/l.ugochukwu8/
bengodfreyy,instagram,Ben Godfey,https://cdn.horizm.com/clubs/2274_6491e4e556cfd,275169,3,0.0095,2618,Athlete,https://www.instagram.com/bengodfreyy/
urshela10,instagram,Giovanny Urshela,https://cdn.horizm.com/clubs/6193_650be454cdcc8,275100,1,0.0039,1073,Athlete,https://www.instagram.com/urshela10/
grantwill2,instagram,Grant Williams,https://cdn.horizm.com/clubs/7927_6638a7fea2b74,273454,2,0.1140,31164,Athlete,https://www.instagram.com/grantwill2/
matthew_wolff5,instagram,Matthew Wolff,https://cdn.horizm.com/clubs/4986_64baaf682ffcc,273418,4,0.0117,3195,Athlete,https://www.instagram.com/matthew_wolff5/
austin_riley27,instagram,Austin Riley,https://cdn.horizm.com/clubs/5879_650be1e0c8672,273066,3,0.0403,10997,Athlete,https://www.instagram.com/austin_riley27/
gerard_moreno,instagram,Gerard Moreno,https://cdn.horizm.com/clubs/2385_6491e7cd2a118,271670,4,0.0100,2726,Athlete,https://www.instagram.com/gerard_moreno/
d_bo20,instagram,Duncan Robinson,https://cdn.horizm.com/clubs/2497_6491ea879b762,271663,2,0.0038,1036,Athlete,https://www.instagram.com/d_bo20/
danimalcollins,instagram,Danielle Collins,https://cdn.horizm.com/clubs/1314_64a27642a3451,271570,7,0.0291,7903,Athlete,https://www.instagram.com/danimalcollins
pharder10,instagram,Pernille Harder,https://cdn.horizm.com/clubs/3502_6492062912028,271538,2,0.0164,4457,Athlete,https://www.instagram.com/pharder10/
martits14,instagram,Martita Ortega,https://cdn.horizm.com/clubs/3890_64920f29ee5ea,271440,7,0.0378,10255,Athlete,https://www.instagram.com/martits14/
ireneparedes4,instagram,Irene Paredes,https://cdn.horizm.com/clubs/3514_6492068f4f5cf,271206,2,0.0277,7512,Athlete,https://www.instagram.com/ireneparedes4/
dj.petrovic12,instagram,Djordje Petrovic,https://cdn.horizm.com/clubs/8941_686b961e84bc7,270537,3,0.0896,24248,Athlete,https://www.instagram.com/dj.petrovic12/
l.openda,tiktok,Loïs Openda,https://cdn.horizm.com/clubs/6231_650be4d5470cf,270115,1,0.0164,4424,Athlete,https://www.tiktok.com/@l.openda
em10buendia,instagram,Emi Buendia,https://cdn.horizm.com/clubs/2306_64a276ad54191,269207,10,0.0987,26578,Athlete,https://www.instagram.com/em10buendia/
kady944,instagram,Kadidiatou Diani,https://cdn.horizm.com/clubs/3508_6492065d5dbbb,268386,2,0.0058,1565,Athlete,https://www.instagram.com/kady944/
sam_hubbard_,instagram,Sam Hubbard,https://cdn.horizm.com/clubs/6605_65312c777d456,268229,2,0.0085,2288,Athlete,https://www.instagram.com/sam_hubbard_
_ramandeep.singh_,instagram,Ramandeep Singh,https://cdn.horizm.com/clubs/9036_6853ebc62d165,267813,2,0.0665,17811,Athlete,https://www.instagram.com/_ramandeep.singh_
bethanyengland4,instagram,Bethany England,https://cdn.horizm.com/clubs/4231_649bd7cabdc44,267116,20,0.0540,14411,Athlete,https://www.instagram.com/bethanyengland4/
a_healy,instagram,Alyssa Healy,https://cdn.horizm.com/clubs/2422_6491e8b297966,266551,2,0.0316,8433,Athlete,https://www.instagram.com/a_healy/
dillonbrooks24,instagram,Dillon Brooks,https://cdn.horizm.com/clubs/5983_650be2a0dacb4,265980,5,0.0000,0,Athlete,https://www.instagram.com/dillonbrooks24/
brunofratus,instagram,Bruno Fratus,https://cdn.horizm.com/clubs/3384_649202e35598e,263864,25,0.0370,9753,Athlete,https://www.instagram.com/brunofratus/
lzchhangte,instagram,Lallianzuala Chhangte,https://cdn.horizm.com/clubs/7886_6638a72f26ecf,263333,2,0.0097,2545,Athlete,https://www.instagram.com/lzchhangte/
t__cloud9,instagram,Natasha Cloud,https://cdn.horizm.com/clubs/7968_6638a922781bb,263064,19,0.1520,39984,Athlete,https://www.instagram.com/t__cloud9/
bryanhabana_,instagram,Bryan Habana,https://cdn.horizm.com/clubs/4214_649bd76d3d866,262966,5,0.0667,17537,Athlete,https://www.instagram.com/bryanhabana_
jakob.schubert,instagram,Jakob Schubert,,261714,2,0.0070,1834,Athlete,https://www.instagram.com/jakob.schubert/
janbednarek_,instagram,Jan Bednarek,https://cdn.horizm.com/clubs/4329_649bda35346eb,261518,3,0.1623,42454,Athlete,https://www.instagram.com/janbednarek_/
crossy16,instagram,Kate Cross,https://cdn.horizm.com/clubs/2426_6491e8cd37ade,261186,3,0.0164,4292,Athlete,https://www.instagram.com/crossy16/
iamfabiomiretti,instagram,Fabio Miretti,https://cdn.horizm.com/clubs/6565_653137340c767,261069,3,0.0430,11217,Athlete,https://www.instagram.com/iamfabiomiretti/
stephhoughton2,instagram,Steph Houghton,https://cdn.horizm.com/clubs/4243_649bd81fc0d2a,260466,3,0.0150,3910,Athlete,https://www.instagram.com/stephhoughton2/
eilishmccolgan,instagram,Eilish McColgan,https://cdn.horizm.com/clubs/3593_649208bc4c4df,259606,27,1.4671,380861,Athlete,https://www.instagram.com/eilishmccolgan/
fabianschaer_official,instagram,Fabian Schar,https://cdn.horizm.com/clubs/4315_649bd9e885790,258767,2,0.0740,19140,Athlete,https://www.instagram.com/fabianschaer_official/
evanmobley4,instagram,Evan Mobley,https://cdn.horizm.com/clubs/7948_6638a8905a5d5,258719,1,0.0085,2201,Athlete,https://www.instagram.com/evanmobley4/
arikarmstead,instagram,Arik Armstead,https://cdn.horizm.com/clubs/6096_650c0585301f0,258363,11,0.2852,73691,Athlete,https://www.instagram.com/arikarmstead
kamadadaichi,instagram,Daichi Kamada,https://cdn.horizm.com/clubs/6579_65312bac45625,258360,1,0.0205,5300,Athlete,https://www.instagram.com/kamadadaichi
_coleman2,instagram,Christian Coleman,https://cdn.horizm.com/clubs/3557_649207a271da0,257514,4,0.0523,13462,Athlete,https://www.instagram.com/_coleman2/
danielsanyogutierrez,instagram,Carlos Daniel Gutierrez,https://cdn.horizm.com/clubs/3881_64920ede4c675,256795,4,0.0491,12597,Athlete,https://www.instagram.com/danielsanyogutierrez
kwp,instagram,Kyle Walker-Peters,https://cdn.horizm.com/clubs/4330_649bda3dc3255,256449,2,0.0038,981,Athlete,https://www.instagram.com/kwp/
mrobinson23_,instagram,Mitchell Robinson,https://cdn.horizm.com/clubs/7922_6638b2a1b4a35,256318,18,0.2504,64176,Athlete,https://www.instagram.com/mrobinson23_/
przemek.franek_,instagram,Przemysław Frankowski,https://cdn.horizm.com/clubs/6339_653136ade0be4,256147,7,0.0085,2190,Athlete,https://www.instagram.com/przemek.franek_/
blockiegolf,instagram,Michael Block,https://cdn.horizm.com/clubs/7048_65840776a34dc,256001,4,0.0548,14039,Athlete,https://www.instagram.com/blockiegolf/
fabianamurer,instagram,Fabiana Murer,https://cdn.horizm.com/clubs/8277_666bfde1d637a,255880,20,0.0911,23303,Athlete,https://www.instagram.com/fabianamurer/
svenbotman_,instagram,Sven Botman,https://cdn.horizm.com/clubs/43aa63b3c9ac7a1b0e144669cfa4911f1dee7e6c.jpg,255688,5,0.0709,18122,Athlete,https://www.instagram.com/svenbotman_/
arthur.fils,instagram,Arthur Fils,https://cdn.horizm.com/clubs/8356_67c081e96b980,254111,7,0.1097,27864,Athlete,https://www.instagram.com/arthur.fils/
alexbbaena,instagram,Alex Baena,https://cdn.horizm.com/clubs/2364_6491e74f92b42,253984,5,0.1052,26724,Athlete,https://www.instagram.com/alexbbaena/
kazcarney,instagram,Karen Carney,https://cdn.horizm.com/clubs/4751_64baac9f96558,253586,10,0.0737,18682,Athlete,https://www.instagram.com/kazcarney/
brandmillerr,instagram,Brandon Miller,https://cdn.horizm.com/clubs/7946_6638b2b2f3a63,253580,6,0.1305,33099,Athlete,https://www.instagram.com/brandmillerr
austinekeler,instagram,Austin Ekeler,https://cdn.horizm.com/clubs/6625_65312d1463631,253532,20,0.1923,48752,Athlete,https://www.instagram.com/austinekeler/
conorcoady_,instagram,Conor Coady,https://cdn.horizm.com/clubs/2273_64a276a935cc2,253519,8,0.0322,8168,Athlete,https://www.instagram.com/conorcoady_/
martenderoon15,instagram,Marten De Roon,https://cdn.horizm.com/clubs/3487_649205b2e439d,252878,7,0.1015,25678,Athlete,https://www.instagram.com/martenderoon15/
haykfreestyle,tiktok,Hayk Aghaqaryan,https://cdn.horizm.com/clubs/d5659668776a399c11b89ed245ae3adefdbcbac0.jpg,252665,19,0.0674,17018,Athlete,https://www.tiktok.com/@haykfreestyle
cutchtwenty2,instagram,Andrew McCutchen,https://cdn.horizm.com/clubs/3739_64920b655c2f8,252565,1,0.0105,2641,Athlete,https://www.instagram.com/cutchtwenty2
greiten,instagram,Guro Reiten,https://cdn.horizm.com/clubs/4249_649bd849772d7,252140,3,0.0275,6945,Athlete,https://www.instagram.com/greiten/
kenleyjansen74,instagram,Kenley Jansen,https://cdn.horizm.com/clubs/5867_650be1c52b717,252039,2,0.0082,2060,Athlete,https://www.instagram.com/kenleyjansen74/
ange_capuozzo,instagram,Ange Capuozzo,https://cdn.horizm.com/clubs/4224_649bd7a048744,251891,2,0.0625,15754,Athlete,https://www.instagram.com/ange_capuozzo/
ewa_pajor17,instagram,Ewa Pajor,https://cdn.horizm.com/clubs/6374_653136baeccd7,251646,7,0.0355,8946,Athlete,https://www.instagram.com/ewa_pajor17/
dimuthk_123,instagram,Dimuth Karunaratne,https://cdn.horizm.com/clubs/6273_653123791f177,251037,6,0.0056,1413,Athlete,https://www.instagram.com/dimuthk_123/
_carolinamarin_,tiktok,Carolina Marin,https://cdn.horizm.com/clubs/3030_6491f972569ee,250624,1,0.0010,263,Athlete,https://www.tiktok.com/@_carolinamarin_
mikkelhansen24,instagram,Mikkel Hansen,https://cdn.horizm.com/clubs/958d1a2d69b6deb45cb62df641c63c3ada3bebf9.jpg,250575,2,0.0111,2776,Athlete,https://www.instagram.com/mikkelhansen24/
jerzeystar,instagram,Dion Dawkins,https://cdn.horizm.com/clubs/7101_6583e92970d42,248764,14,2.9450,732601,Athlete,https://www.instagram.com/jerzeystar
mukeshkumar3924,instagram,Mukesh Kumar,https://cdn.horizm.com/clubs/a92cae72cfb029f027370e4b93445c86bb5e7758.jpg,248645,1,0.0133,3306,Athlete,https://www.instagram.com/mukeshkumar3924/
ssaaaann__22,instagram,An San,https://cdn.horizm.com/clubs/3013_64a27759960c6,248281,1,0.0088,2176,Athlete,https://www.instagram.com/ssaaaann__22/
amandine_henry,instagram,Amandine Henry,https://cdn.horizm.com/clubs/4183_649bd69dd8c1e,247241,1,0.0129,3195,Athlete,https://www.instagram.com/amandine_henry/
musheerkhan.97,instagram,Musheer Khan,https://cdn.horizm.com/clubs/9080_686b9c060d0dd,247144,1,0.0415,10262,Athlete,https://www.instagram.com/musheerkhan.97/
marco7jansen,instagram,Marco Jansen,https://cdn.horizm.com/clubs/6255_6531365c60d92,246844,5,0.0149,3675,Athlete,https://www.instagram.com/marco7jansen/
machadodeiver,instagram,Deiver Machado,https://cdn.horizm.com/clubs/6334_653136a78c0eb,246341,2,0.0155,3807,Athlete,https://www.instagram.com/machadodeiver/
headdturnerr,instagram,Matt Turner,https://cdn.horizm.com/clubs/6216_650be48d97324,245391,1,0.0058,1420,Athlete,https://www.instagram.com/headdturnerr/
boulaye_dia,instagram,Boulaye Dia,https://cdn.horizm.com/clubs/4919_64baaec45bf33,245184,1,0.0002,42,Athlete,https://www.instagram.com/boulaye_dia
anacarrasco_22,instagram,Ana Carrasco,https://cdn.horizm.com/clubs/3335_6492019f8deb6,244446,11,0.0420,10258,Athlete,https://www.instagram.com/anacarrasco_22/
andreapinamonti,instagram,Andrea Pinamonti,https://cdn.horizm.com/clubs/7352_65b0b9cf2d31c,244190,1,0.0080,1948,Athlete,https://www.instagram.com/andreapinamonti
grzegorz.krychowiak,tiktok,Grzegorz Krychowiak,https://cdn.horizm.com/clubs/2764_6491f21b940de,243786,6,0.0157,3816,Athlete,https://www.tiktok.com/@grzegorz.krychowiak
sophiafloersch,tiktok,Sophia Flörsch,https://cdn.horizm.com/clubs/5055_64bab02571e62,243090,1,0.0011,274,Athlete,https://www.tiktok.com/@sophiafloersch
brahimi__billal,instagram,Billal Brahimi,https://cdn.horizm.com/clubs/6325_6531369c54db0,242816,1,0.0475,11528,Athlete,https://www.instagram.com/brahimi__billal/
georgespringer,instagram,George Springer,https://cdn.horizm.com/clubs/5837_650be185bc495,242414,1,0.4900,118779,Athlete,https://www.instagram.com/georgespringer/
tjoshie7,instagram,TJ Oshie,https://cdn.horizm.com/clubs/3749_64920bbac4a45,241978,8,0.1016,24574,Athlete,https://www.instagram.com/tjoshie7/
alexcarey_5,instagram,Alex Carey,https://cdn.horizm.com/clubs/6239_6531364d42ece,241805,7,0.1128,27271,Athlete,https://www.instagram.com/alexcarey_5/
ceeflashpee,instagram,Cordarrelle Patterson,https://cdn.horizm.com/clubs/6662_65312e522d7ba,241232,1,0.0004,105,Athlete,https://www.instagram.com/ceeflashpee
joaco_niemann,instagram,Joaquin Niemann,https://cdn.horizm.com/clubs/1421_6491cf848aab0,240626,1,0.0053,1266,Athlete,https://www.instagram.com/joaco_niemann/
arikarmstead,tiktok,Arik Armstead,https://cdn.horizm.com/clubs/6096_650c0585301f0,240480,10,0.0842,20238,Athlete,https://www.tiktok.com/@arikarmstead
akane.yamaguchi66,instagram,Akane Yamaguchi,https://cdn.horizm.com/clubs/3037_6491f9a526660,240171,2,0.0047,1135,Athlete,https://www.instagram.com/akane.yamaguchi66/
dodo_oficial10,instagram,Dodo,https://cdn.horizm.com/clubs/3425_64a277a79b5da,239789,3,0.0043,1040,Athlete,https://www.instagram.com/dodo_oficial10/
magdalenaeriksson16,instagram,Magdalena Eriksson,https://cdn.horizm.com/clubs/4194_649bd6dec890e,238613,2,0.0231,5503,Athlete,https://www.instagram.com/magdalenaeriksson16
joelveltman,instagram,Joel Veltman,https://cdn.horizm.com/clubs/4343_649bda934ebdb,238515,6,0.0734,17500,Athlete,https://www.instagram.com/joelveltman/
mariaherrera_6,instagram,María Herrera,https://cdn.horizm.com/clubs/2444_6491e93c95a87,238335,14,0.0229,5446,Athlete,https://www.instagram.com/mariaherrera_6/
hazel_findlay,instagram,Hazel Findlay,,237208,3,0.0071,1689,Athlete,https://www.instagram.com/hazel_findlay/
delphine_cascarino,instagram,Delphine Cascarino,https://cdn.horizm.com/clubs/4189_649bd6bdbfeb0,236986,8,0.0795,18831,Athlete,https://www.instagram.com/delphine_cascarino/
gtrentjr,instagram,Gary Trent Jr.,https://cdn.horizm.com/clubs/5998_650be2baed00e,236612,1,0.0016,369,Athlete,https://www.instagram.com/gtrentjr/
mejdi_schalck,instagram,Mejdi Schalck,,236045,3,0.0216,5104,Athlete,https://www.instagram.com/mejdi_schalck/
seven,instagram,Tim Anderson,https://cdn.horizm.com/clubs/5922_650be22aa7c6c,235359,3,0.0438,10302,Athlete,https://www.instagram.com/seven
yui___hasegawa,instagram,Yui Hasegawa,https://cdn.horizm.com/clubs/5956_650be2666a053,235097,2,0.0352,8278,Athlete,https://www.instagram.com/yui___hasegawa/
kevin_kisner,instagram,Kevin Kisner,https://cdn.horizm.com/clubs/5133_64d6106c831a3,235082,4,0.0221,5184,Athlete,https://www.instagram.com/kevin_kisner/
jaseholder98,instagram,Jason Holder,https://cdn.horizm.com/clubs/7690_65faecb3410e9,234725,3,0.0357,8382,Athlete,https://www.instagram.com/jaseholder98/
david.raum,instagram,David Raum,https://cdn.horizm.com/clubs/4872_64baae52b226e,233794,5,0.0221,5174,Athlete,https://www.instagram.com/david.raum/
kubamoder,instagram,Jakub Moder,https://cdn.horizm.com/clubs/7080_6584079929465,233246,2,0.0379,8842,Athlete,https://www.instagram.com/kubamoder
kimhs.3,instagram,Hyeseong Kim,https://cdn.horizm.com/clubs/b68415a03183e32612ecb7ce58aa2ad4dbab8fc0.jpg,233059,1,0.0000,0,Athlete,https://www.instagram.com/kimhs.3/
kevin.danso,instagram,Kevin Danso,https://cdn.horizm.com/clubs/6336_653124e2e096c,232906,4,0.0635,14782,Athlete,https://www.instagram.com/kevin.danso/
salmanagha247,instagram,Salman Ali Agha,https://cdn.horizm.com/clubs/6263_653123186850d,232298,1,0.0084,1941,Athlete,https://www.instagram.com/salmanagha247/
reeba04,instagram,Becky Sauerbrunn,https://cdn.horizm.com/clubs/4153_649bd5b376b8d,232182,2,0.0431,9999,Athlete,https://www.instagram.com/reeba04/
alyssthomp,instagram,Alyssa Thompson,,232026,7,0.1050,24354,Athlete,https://www.instagram.com/alyssthomp/
konasbharat,instagram,KS Bharat,https://cdn.horizm.com/clubs/7685_65faeca7d700e,231998,4,0.0309,7158,Athlete,https://www.instagram.com/konasbharat/
brice_samba1,instagram,Brice Samba,https://cdn.horizm.com/clubs/6338_653124ec360b0,231751,2,0.0181,4187,Athlete,https://www.instagram.com/brice_samba1/
jonnywilkinsonofficial,instagram,Jonny Wilkinson,https://cdn.horizm.com/clubs/4209_649bd74aa4cda,229375,10,0.4913,112690,Athlete,https://www.instagram.com/jonnywilkinsonofficial
ctaylor_3,instagram,Chris Taylor,https://cdn.horizm.com/clubs/5880_650be1e343fc6,228765,3,0.0231,5276,Athlete,https://www.instagram.com/ctaylor_3/
luisscola,instagram,Luis Scola,https://cdn.horizm.com/clubs/7823_66ec2ac60ad14,228692,2,0.0260,5951,Athlete,https://www.instagram.com/luisscola/
leilaouahabi,instagram,Leila Ouahabi,,227663,2,0.0095,2160,Athlete,https://www.instagram.com/leilaouahabi/
shamsi90,instagram,Tabraiz Shamsi,https://cdn.horizm.com/clubs/6259_653122f206aac,227409,7,0.0090,2039,Athlete,https://www.instagram.com/shamsi90/
eduardoescobar5,instagram,Eduardo Escobar,https://cdn.horizm.com/clubs/6182_650be4415a5b2,227291,4,0.0146,3312,Athlete,https://www.instagram.com/eduardoescobar5/
antsimons,instagram,Anfernee Simons,https://cdn.horizm.com/clubs/5980_650be29d42440,227049,2,0.0383,8689,Athlete,https://www.instagram.com/antsimons/
niamhcharles17,instagram,Niamh Charles,https://cdn.horizm.com/clubs/8951_67ffb942611af,226063,1,0.0081,1841,Athlete,https://www.instagram.com/niamhcharles17/
willy2802,instagram,Willy Adames,https://cdn.horizm.com/clubs/6189_650be44f45235,225656,4,0.0630,14225,Athlete,https://www.instagram.com/willy2802/
katiezelem,instagram,Katie Zelem,https://cdn.horizm.com/clubs/4256_649bd8848e9de,225544,9,0.0520,11730,Athlete,https://www.instagram.com/katiezelem/
yehvann,instagram,Yehvann Diouf,https://cdn.horizm.com/clubs/7084_6584079f83ad7,225315,4,0.5997,135129,Athlete,https://www.instagram.com/yehvann/
margojain,instagram,Margo Hayes,,225064,2,0.0024,545,Athlete,https://www.instagram.com/margojain/
leonardwilliams,instagram,Leonard Williams,https://cdn.horizm.com/clubs/6090_650be3818ff39,224621,13,1.3235,297276,Athlete,https://www.instagram.com/leonardwilliams
pwgfreestyle,instagram,Philip Warren Gertsson,https://cdn.horizm.com/clubs/3649_649209c202eec,222762,21,0.1978,44067,Athlete,https://www.instagram.com/pwgfreestyle/
ryan_f_murphy,instagram,Ryan Murphy,https://cdn.horizm.com/clubs/3017_6491f90d003b1,222533,2,0.0221,4924,Athlete,https://www.instagram.com/ryan_f_murphy/
azmatullahomarzai9,instagram,Azmatullah Omarzai,https://cdn.horizm.com/clubs/9079_6853ec731c165,221834,3,0.0351,7789,Athlete,https://www.instagram.com/azmatullahomarzai9/
valrongier28,instagram,Valentin Rongier,https://cdn.horizm.com/clubs/6364_6531259ca31f5,220420,2,0.0097,2143,Athlete,https://www.instagram.com/valrongier28/
jakefm23,instagram,Jake Fraser-McGurk,https://cdn.horizm.com/clubs/8080_664dcff09e70e,220053,2,0.0529,11645,Athlete,https://www.instagram.com/jakefm23/
rcrouser,instagram,Ryan Crouser,https://cdn.horizm.com/clubs/3550_6492076e15b71,220023,12,0.1196,26308,Athlete,https://www.instagram.com/rcrouser/
albertogines_,instagram,Alberto Ginés López,,219605,2,0.0069,1519,Athlete,https://www.instagram.com/albertogines_
tylerboyd,instagram,Tyler Boyd,https://cdn.horizm.com/clubs/6598_65312c3c81f03,219390,2,0.0104,2292,Athlete,https://www.instagram.com/tylerboyd
adammilne20,instagram,Adam Milne,https://cdn.horizm.com/clubs/6287_65313677b691b,219252,1,0.0009,207,Athlete,https://www.instagram.com/adammilne20/
alex.popp11,instagram,Alexandra Popp,https://cdn.horizm.com/clubs/3501_649206206a37c,219198,6,0.3202,70190,Athlete,https://www.instagram.com/alex.popp11
sofiane_diop,instagram,Sofiane Diop,https://cdn.horizm.com/clubs/6324_653124999b53a,219017,3,0.0519,11374,Athlete,https://www.instagram.com/sofiane_diop/
anamarcela92,instagram,Ana Marcela Cunha,https://cdn.horizm.com/clubs/3379_649202c12b79e,218872,22,0.0213,4665,Athlete,https://www.instagram.com/anamarcela92/
williams.lll,instagram,Robert Williams III,https://cdn.horizm.com/clubs/7940_6638b2ac8a4bb,218203,2,0.0225,4913,Athlete,https://www.instagram.com/williams.lll/
brookehendersongolf,instagram,Brooke Henderson,https://cdn.horizm.com/clubs/4147_649bd57f33109,218005,5,0.1961,42759,Athlete,https://www.instagram.com/brookehendersongolf/
csexton2,tiktok,Collin Sexton,https://cdn.horizm.com/clubs/6005_650be2ca475ca,217884,3,0.0061,1334,Athlete,https://www.tiktok.com/@csexton2
lixsanyee,instagram,Alex Yee,https://cdn.horizm.com/clubs/8557_66ec2ec72ba49,217435,2,0.0130,2824,Athlete,https://www.instagram.com/lixsanyee/
ariarnetitmus_,instagram,Ariarne Titmus,https://cdn.horizm.com/clubs/8610_67c03e48ab9a7,216959,5,0.0124,2681,Athlete,https://www.instagram.com/ariarnetitmus_
hoopinnate,instagram,Hoopin Nate,https://cdn.horizm.com/clubs/370ef7806259588ed5ebad7b4dc89e396adeb428.jpg,216950,9,0.1423,30870,Athlete,https://www.instagram.com/hoopinnate
akash_madhwal_,instagram,Akash Madhwal,https://cdn.horizm.com/clubs/9092_686b9da47aed1,216347,1,0.0226,4898,Athlete,https://www.instagram.com/akash_madhwal_/
sheneenagins,instagram,Nina Williams,,215621,1,0.0337,7273,Athlete,https://www.instagram.com/sheneenagins/
jflare,instagram,Jack Flaherty,https://cdn.horizm.com/clubs/6517_65312a10590b6,215321,1,0.0172,3704,Athlete,https://www.instagram.com/jflare/
elliotandersonn,instagram,Elliot Anderson,https://cdn.horizm.com/clubs/7448_65dde30cb0c5d,215207,3,0.0426,9160,Athlete,https://www.instagram.com/elliotandersonn/
laviai,instagram,Laviai Nielsen,https://cdn.horizm.com/clubs/3587_64920888dda96,215159,7,0.0812,17481,Athlete,https://www.instagram.com/laviai/
tsunoda_natsumi,instagram,Natsumi Tsunoda,https://cdn.horizm.com/clubs/8621_66ec2f7b4be94,213545,11,0.1447,30905,Athlete,https://www.instagram.com/tsunoda_natsumi/
karolinamuchova,instagram,Karolína Muchová,https://cdn.horizm.com/clubs/7296_65b0ad285a476,213103,10,0.1472,31375,Athlete,https://www.instagram.com/karolinamuchova/
hyunjinryu325,instagram,Hyun-Jin Ryu,https://cdn.horizm.com/clubs/5848_650be19e90c5c,212919,6,0.1095,23304,Athlete,https://www.instagram.com/hyunjinryu325/
mali.mihambo,instagram,Malaika Mihambo,https://cdn.horizm.com/clubs/8b07f94049f826c5d52a1fda73874e28dcd7f4f9.jpg,212770,11,0.0219,4668,Athlete,https://www.instagram.com/mali.mihambo/
isabell_werth,instagram,Isabell Werth,https://cdn.horizm.com/clubs/8620_67c082f02e65b,212641,4,0.0377,8023,Athlete,https://www.instagram.com/isabell_werth/
tomconmanconnors,instagram,Tom Connors,https://cdn.horizm.com/clubs/3664_649209ec6db13,212397,4,0.0062,1316,Athlete,https://www.instagram.com/tomconmanconnors
supachai.9,instagram,Supachai CHAIDED,https://cdn.horizm.com/clubs/3806_64a278452f323,211128,4,0.0302,6384,Athlete,https://www.instagram.com/supachai.9
george_north,instagram,George North,https://cdn.horizm.com/clubs/4221_649bd797c7b2f,211061,2,0.0060,1262,Athlete,https://www.instagram.com/george_north
jelena.ostapenko,instagram,Jeļena Ostapenko,https://cdn.horizm.com/clubs/7299_65b0ad4a4933b,210939,9,0.4059,85617,Athlete,https://www.instagram.com/jelena.ostapenko
naman.dhir,instagram,Naman Dhir,https://cdn.horizm.com/clubs/9070_686b9add9dd51,210925,1,0.0425,8958,Athlete,https://www.instagram.com/naman.dhir/
jeramigrant,instagram,Jerami Grant,https://cdn.horizm.com/clubs/5972_650be28c8046f,210090,2,0.0117,2463,Athlete,https://www.instagram.com/jeramigrant/
campayne,instagram,Cameron Payne,https://cdn.horizm.com/clubs/2496_6491ea7f13411,209334,2,0.0309,6476,Athlete,https://www.instagram.com/campayne/
7balda,instagram,Lorenzo Baldassarri,https://cdn.horizm.com/clubs/2463_6491e9a1b3c8f,209245,15,0.0893,18681,Athlete,https://www.instagram.com/7balda/
carmeloanthony,tiktok,Carmelo Anthony,https://cdn.horizm.com/clubs/3450_64920492a79d1,208849,1,0.0010,208,Athlete,https://www.tiktok.com/@carmeloanthony
datro_9,instagram,David Datro Fofana,https://cdn.horizm.com/clubs/8940_67ffb8f54ab6e,206571,2,0.0135,2793,Athlete,https://www.instagram.com/datro_9/
pablofornals,instagram,Pablo Fornals,https://cdn.horizm.com/clubs/2321_6491e6178a1ca,206538,3,0.0420,8673,Athlete,https://www.instagram.com/pablofornals
sophecc19,instagram,Sophie Ecclestone,https://cdn.horizm.com/clubs/2418_6491e898c7ba4,205499,1,0.0082,1688,Athlete,https://www.instagram.com/sophecc19/
gemmatriay,instagram,Gemma Triay,https://cdn.horizm.com/clubs/3888_64920f1955e76,204737,8,0.0307,6279,Athlete,https://www.instagram.com/gemmatriay/
billyho_golf,instagram,Billy Horschel,https://cdn.horizm.com/clubs/1418_6491cf7bd93f1,204733,7,0.2153,44089,Athlete,https://www.instagram.com/billyho_golf/
anrich_nortje,instagram,Anrich Nortje,https://cdn.horizm.com/clubs/2967_6491f79330a05,204143,4,0.0111,2257,Athlete,https://www.instagram.com/anrich_nortje/
prabhsimran_84,instagram,Prabhsimran Singh,https://cdn.horizm.com/clubs/9078_6853ec6b7e27e,203615,5,0.1039,21146,Athlete,https://www.instagram.com/prabhsimran_84/
mccollsean,instagram,Sean McColl,,203261,1,0.0020,402,Athlete,https://www.instagram.com/mccollsean/
okuharanozomi,instagram,Nozomi Okuhara,https://cdn.horizm.com/clubs/3029_6491f96a018ae,202263,5,0.0189,3832,Athlete,https://www.instagram.com/okuharanozomi/
brianburns99,instagram,Brian Burns,https://cdn.horizm.com/clubs/6094_650be3896dd22,202136,7,0.1191,24076,Athlete,https://www.instagram.com/brianburns99
hasshii_807,instagram,Hashimoto Daiki,https://cdn.horizm.com/clubs/3076_6491fa81576d0,201959,1,0.0004,78,Athlete,https://www.instagram.com/hasshii_807/
fran.crovetto,instagram,Francisca Crovetto Chadid,https://cdn.horizm.com/clubs/8645_66ec2fe6b94d9,201523,13,0.1149,23147,Athlete,https://www.instagram.com/fran.crovetto/
lottie_fry,instagram,Charlotte Fry,https://cdn.horizm.com/clubs/8638_66ec2fc9b2d6a,201487,13,0.0731,14722,Athlete,https://www.instagram.com/lottie_fry
graffa23tv,instagram,Grafite,https://cdn.horizm.com/clubs/3416_649203ccb7287,201453,9,0.1932,38928,Athlete,https://www.instagram.com/graffa23tv/
rafamir33,instagram,Rafa Mir,https://cdn.horizm.com/clubs/2779_6491f25c13f35,200187,2,0.0086,1725,Athlete,https://www.instagram.com/rafamir33/
diego_2llorente,instagram,Diego Llorente,https://cdn.horizm.com/clubs/2325_6491e639c1862,200157,3,0.0086,1727,Athlete,https://www.instagram.com/diego_2llorente
nealmaupay,instagram,Neal Maupay,https://cdn.horizm.com/clubs/7361_65b0aeee66d79,200034,6,0.1880,37615,Athlete,https://www.instagram.com/nealmaupay
shaidhope,instagram,Shai Hope,https://cdn.horizm.com/clubs/7687_65faecaca63ea,199090,6,0.0080,1600,Athlete,https://www.instagram.com/shaidhope/
mariekatoto,instagram,Marie Katoto,https://cdn.horizm.com/clubs/3100_6491fb1224a7f,198960,2,0.0034,667,Athlete,https://www.instagram.com/mariekatoto/
srtheegala,instagram,Sahith Theegala,https://cdn.horizm.com/clubs/5083_64d60f120cb83,198952,5,0.0505,10043,Athlete,https://www.instagram.com/srtheegala/
julien.alfred,instagram,Julien Alfred,https://cdn.horizm.com/clubs/8669_67c0832a0193a,198712,2,0.0129,2557,Athlete,https://www.instagram.com/julien.alfred/
alonsolopez_21,instagram,Alonso Lopez,https://cdn.horizm.com/clubs/3327_6492016cc9b35,197627,6,0.1480,29255,Athlete,https://www.instagram.com/alonsolopez_21/
a.mendy27,instagram,Antoine Mendy,https://cdn.horizm.com/clubs/a29829d228e25029b62b86f4c533ce2d779675f6.jpg,196966,5,0.1656,32626,Athlete,https://www.instagram.com/a.mendy27/
micah_hyde,instagram,Micah Hyde,https://cdn.horizm.com/clubs/6641_65312dab4c88c,196772,1,0.0234,4596,Athlete,https://www.instagram.com/micah_hyde/
ktmccabe11,tiktok,Katie McCabe,https://cdn.horizm.com/clubs/4265_649bd8b626394,196746,1,0.0109,2137,Athlete,https://www.tiktok.com/@ktmccabe11
simofonte_,instagram,Simone Fontecchio,https://cdn.horizm.com/clubs/6420_65312732ca749,196581,3,0.0215,4226,Athlete,https://www.instagram.com/simofonte_/
pwgfreestyle,tiktok,Philip Warren Gertsson,https://cdn.horizm.com/clubs/3649_649209c202eec,195928,24,0.1259,24671,Athlete,https://www.tiktok.com/@pwgfreestyle
man_dammn9,instagram,Matt Judon,https://cdn.horizm.com/clubs/6613_65312ccb4ca8f,194715,5,0.1029,20027,Athlete,https://www.instagram.com/man_dammn9
anishgiri94,instagram,Anish Giri,https://cdn.horizm.com/clubs/5898_650be203ee4fa,194353,3,0.0059,1150,Athlete,https://www.instagram.com/anishgiri94/
antholopes_officiel,instagram,Anthony Lopes,https://cdn.horizm.com/clubs/6348_653136b172781,194140,1,0.0049,942,Athlete,https://www.instagram.com/antholopes_officiel/
raulfernandez_25,instagram,Raul Fernandez,https://cdn.horizm.com/clubs/1841_6491d95304bfa,194099,10,0.1199,23274,Athlete,https://www.instagram.com/raulfernandez_25/
thejrodshow,tiktok,Julio Rodriguez,https://cdn.horizm.com/clubs/6831_6565a98f3b219,193984,1,0.0030,588,Athlete,https://www.tiktok.com/@thejrodshow
mariuswolf27,instagram,Marius Wolf,https://cdn.horizm.com/clubs/4784_64baad019e096,193864,3,0.0554,10748,Athlete,https://www.instagram.com/mariuswolf27/
marcusedwards10,instagram,Marcus Edwards,https://cdn.horizm.com/clubs/4877_64baae624d130,193402,2,0.0120,2328,Athlete,https://www.instagram.com/marcusedwards10/
bournepoly84,tiktok,Kendrick Bourne,https://cdn.horizm.com/clubs/6646_65312dddbd734,192572,11,0.2413,46461,Athlete,https://www.tiktok.com/@bournepoly84
luisurias97,instagram,Luis Urias,https://cdn.horizm.com/clubs/6538_65312ab0a026b,191994,3,0.0879,16877,Athlete,https://www.instagram.com/luisurias97/
ashleigh_gardner97,instagram,Ashleigh Gardner,https://cdn.horizm.com/clubs/2409_6491e865e29e1,190981,4,1.0585,202148,Athlete,https://www.instagram.com/ashleigh_gardner97/
mattdoherty20,instagram,Matt Doherty,https://cdn.horizm.com/clubs/2739_6491f1c3420e9,190812,1,0.0084,1604,Athlete,https://www.instagram.com/mattdoherty20/
asanchezfallada,instagram,Ariana Sanchez,https://cdn.horizm.com/clubs/3886_64920f0883922,190611,6,0.0458,8722,Athlete,https://www.instagram.com/asanchezfallada/
3almirjr,instagram,Almir Junior,,190580,15,0.0593,11300,Athlete,https://www.instagram.com/3almirjr/
michaelakiersch,instagram,Michaela Kiersch,,190306,5,0.0718,13658,Athlete,https://www.instagram.com/michaelakiersch/
iamtrevormay,tiktok,Trevor May,https://cdn.horizm.com/clubs/6497_653137047287a,189679,19,0.0765,14515,Athlete,https://www.tiktok.com/@iamtrevormay
pieterstephdutoit,instagram,Pieter-Steph du Toit,https://cdn.horizm.com/clubs/171469bcba45ede56414ba10b57cfb95fb30ddc4.jpg,189271,1,0.0121,2296,Athlete,https://www.instagram.com/pieterstephdutoit
sam.lowes22,instagram,Sam Lowes,https://cdn.horizm.com/clubs/3308_649200cc345d2,189227,9,0.0359,6787,Athlete,https://www.instagram.com/sam.lowes22/
pathum_18,instagram,Pathum Nissanaka,https://cdn.horizm.com/clubs/6272_65313667c14aa,189159,2,0.0321,6072,Athlete,https://www.instagram.com/pathum_18/
estefibanini_10,instagram,Estefania Banini,https://cdn.horizm.com/clubs/5572_64f6e4edba402,188224,13,0.0150,2825,Athlete,https://www.instagram.com/estefibanini_10/
willianjose,instagram,Willian Jose,https://cdn.horizm.com/clubs/7318_65b0addc9a709,188110,4,0.0287,5392,Athlete,https://www.instagram.com/willianjose
ayush_badoni1,instagram,Ayush Badoni,https://cdn.horizm.com/clubs/8075_664dcfec37162,187982,2,0.0512,9631,Athlete,https://www.instagram.com/ayush_badoni1/
dbuck_99,instagram,DeForest Buckner,https://cdn.horizm.com/clubs/6110_650be3a5e11a4,187124,1,0.0200,3747,Athlete,https://www.instagram.com/dbuck_99/
jessfoxcanoe,tiktok,Jessica Fox,https://cdn.horizm.com/clubs/8616_66ec2f6011c1c,186926,2,0.0005,96,Athlete,https://www.tiktok.com/@jessfoxcanoe
theehock8,instagram,T.J. Hockenson,https://cdn.horizm.com/clubs/6149_650be3f6affd0,186816,1,0.0168,3147,Athlete,https://www.instagram.com/theehock8
cgray209,instagram,Chelsea Gray,https://cdn.horizm.com/clubs/7970_6638a92a36eb4,186751,4,0.0444,8290,Athlete,https://www.instagram.com/cgray209/
laura_collett,instagram,Laura Collett,https://cdn.horizm.com/clubs/8629_66ec2f907b11b,184798,31,0.0887,16394,Athlete,https://www.instagram.com/laura_collett/
chloekim,tiktok,Chloe Kim,https://cdn.horizm.com/clubs/4149_649bd5911ac74,183157,3,0.0507,9288,Athlete,https://www.tiktok.com/@chloekim
dhananjaya_75,instagram,Dhananjaya de Silva,https://cdn.horizm.com/clubs/08ce63a80bbba0ee8a49d3a8f31c475bbb963eea.jpg,182364,3,0.0345,6290,Athlete,https://www.instagram.com/dhananjaya_75/
ericgranado51,tiktok,Eric Granado,https://cdn.horizm.com/clubs/2439_6491e920f00fb,182078,5,0.0008,146,Athlete,https://www.tiktok.com/@ericgranado51
noguchi_akiyo,instagram,Akiyo Noguchi,,182041,2,0.0070,1277,Athlete,https://www.instagram.com/noguchi_akiyo/
natalia_grossman,instagram,Natalia Grossman,,181867,2,0.0207,3763,Athlete,https://www.instagram.com/natalia_grossman/
paula.josemar,instagram,Paula Josemaria,https://cdn.horizm.com/clubs/3885_64920f000c0e3,181484,8,0.1584,28748,Athlete,https://www.instagram.com/paula.josemar/
wyndhamclark,instagram,Wyndham Clark,https://cdn.horizm.com/clubs/4936_64baaef06d723,180966,7,0.0454,8224,Athlete,https://www.instagram.com/wyndhamclark/
hunterhenry,instagram,Hunter Henry,https://cdn.horizm.com/clubs/6148_650c065958eca,180768,2,0.0762,13773,Athlete,https://www.instagram.com/hunterhenry/
joshgreen,instagram,Josh Green,https://cdn.horizm.com/clubs/7934_6638a82f1c4d4,180650,1,0.0031,561,Athlete,https://www.instagram.com/joshgreen/
adamyates7,instagram,Adam Yates,https://cdn.horizm.com/clubs/5162_64d611409b28a,180635,1,0.0016,285,Athlete,https://www.instagram.com/adamyates7/
rasikhsalam04,instagram,Rasikh Salam,https://cdn.horizm.com/clubs/9095_686b9dde91cb8,180201,3,0.2253,40598,Athlete,https://www.instagram.com/rasikhsalam04/
tyrrellhatton,instagram,Tyrrell Hatton,https://cdn.horizm.com/clubs/4937_64baaef3a072c,179147,4,0.0293,5251,Athlete,https://www.instagram.com/tyrrellhatton/
caiohenrique,instagram,Caio Henrique,https://cdn.horizm.com/clubs/7f2d503c4d501d2a17a92952fa15eca470342b82.jpg,178594,1,0.0029,513,Athlete,https://www.instagram.com/caiohenrique/
laviainielsen,tiktok,Laviai Nielsen,https://cdn.horizm.com/clubs/3587_64920888dda96,177892,1,0.0029,519,Athlete,https://www.tiktok.com/@laviainielsen
robertmacintyre,instagram,Robert Macintyre,https://cdn.horizm.com/clubs/5100_64d60f9906cf5,177656,2,0.0874,15528,Athlete,https://www.instagram.com/robertmacintyre/
88.jorgemartin,tiktok,Jorge Martin,https://cdn.horizm.com/clubs/1828_6491d8ed88aa0,177598,1,0.0033,586,Athlete,https://www.tiktok.com/@88.jorgemartin
robinkoch,instagram,Robin Koch,https://cdn.horizm.com/clubs/2316_6491e5f53f0ae,177372,2,0.0257,4561,Athlete,https://www.instagram.com/robinkoch
thesandeepsharma,instagram,Sandeep Sharma,https://cdn.horizm.com/clubs/9093_6853eca19202c,177303,4,0.2401,42570,Athlete,https://www.instagram.com/thesandeepsharma/
graceclinton_x,instagram,Grace Clinton,,177164,2,0.0249,4414,Athlete,https://www.instagram.com/graceclinton_x/
mvs__11,instagram,Marquez Valdes-Scantling,https://cdn.horizm.com/clubs/6596_65312c28b2f02,176990,1,0.0024,427,Athlete,https://www.instagram.com/mvs__11
gregalldritt,instagram,Gregory Alldritt,https://cdn.horizm.com/clubs/4126b6cb70d0146062c12a9aaf5be2c37870f6f7.jpg,176718,1,0.0104,1842,Athlete,https://www.instagram.com/gregalldritt
iamgabevincent2,instagram,Gabe Vincent,https://cdn.horizm.com/clubs/7951_6638a8a8b1b96,175292,5,0.0753,13202,Athlete,https://www.instagram.com/iamgabevincent2
justinqreid,instagram,Justin Reid,https://cdn.horizm.com/clubs/6592_65312c0aaacca,174954,9,0.3687,64510,Athlete,https://www.instagram.com/justinqreid/
stinablackstenius,instagram,Stina Blackstenius,https://cdn.horizm.com/clubs/7294a0989f2fff5c4ff3cac15adf328134fe2691.jpg,174532,1,0.0110,1913,Athlete,https://www.instagram.com/stinablackstenius/
martindubravka,instagram,Martin Dubravka,https://cdn.horizm.com/clubs/7082_6583e85a0df10,174520,6,0.0525,9161,Athlete,https://www.instagram.com/martindubravka
canonlybeme__,instagram,Twanisha Terry,https://cdn.horizm.com/clubs/5345f0ebedd28576c57e83423a9e206e74bd2129.jpg,174018,22,0.2978,51821,Athlete,https://www.instagram.com/canonlybeme__/
callumsmith23,instagram,Callum Smith,https://cdn.horizm.com/clubs/1803_6491d6f99fa08,173841,13,0.0654,11363,Athlete,https://www.instagram.com/callumsmith23/
kaylee_mckeown,instagram,Kaylee Mckeown,https://cdn.horizm.com/clubs/8609_67c082e216c67,173777,2,0.0061,1060,Athlete,https://www.instagram.com/kaylee_mckeown/
chido,instagram,Chidobe Awuzie,https://cdn.horizm.com/clubs/6629_65312d3bbde25,173742,1,0.0020,354,Athlete,https://www.instagram.com/chido/
bartverbruggen1,instagram,Bart Verbruggen,https://cdn.horizm.com/clubs/6201_650be46c0e624,173404,1,0.0062,1067,Athlete,https://www.instagram.com/bartverbruggen1/
alejandrasalazar9,instagram,Alejandra Salazar,https://cdn.horizm.com/clubs/3887_64920f112196e,173342,7,0.0290,5027,Athlete,https://www.instagram.com/alejandrasalazar9/
pritamkotal20,instagram,Pritam Kotal,https://cdn.horizm.com/clubs/7901_6638a7852ce4f,173158,3,0.0183,3162,Athlete,https://www.instagram.com/pritamkotal20/
alexlowes22,instagram,Alex Lowes,https://cdn.horizm.com/clubs/2460_6491e9909d634,172778,19,0.1222,21120,Athlete,https://www.instagram.com/alexlowes22/
colekmet,instagram,Cole Kmet,https://cdn.horizm.com/clubs/6643_65312dbf1f725,172172,3,0.1878,32326,Athlete,https://www.instagram.com/colekmet
tyy2.0,tiktok,Ty,https://cdn.horizm.com/clubs/a27a8510b54c96308a58f9b02c1ec868bb3f5f4a.jpg,172120,3,0.0014,247,Athlete,https://www.tiktok.com/@tyy2.0
calaiscampbell,instagram,Calais Campbell,https://cdn.horizm.com/clubs/7096_6583e8e001edf,172019,3,0.0279,4806,Athlete,https://www.instagram.com/calaiscampbell/
kyle_chalmers3,instagram,Kyle Chalmers,https://cdn.horizm.com/clubs/8542_67c0828aa7f81,171839,9,0.0363,6246,Athlete,https://www.instagram.com/kyle_chalmers3/
norriee,instagram,Cameron Norrie,https://cdn.horizm.com/clubs/1304_6491cc1a98288,171650,6,0.0450,7730,Athlete,https://www.instagram.com/norriee
joao.almeida.cyclist,instagram,João Almeida,https://cdn.horizm.com/clubs/5168_64d6117b2bc4e,171386,3,0.0472,8090,Athlete,https://www.instagram.com/joao.almeida.cyclist
antonio_6blanco,instagram,Antonio Blanco,https://cdn.horizm.com/clubs/1402_6491cf0c60f7d,171245,1,0.0016,276,Athlete,https://www.instagram.com/antonio_6blanco
clarisse_agbegnenou,instagram,Clarisse Agbegnenou,https://cdn.horizm.com/clubs/3056_6491fa1a5eac1,171238,5,0.1395,23885,Athlete,https://www.instagram.com/clarisse_agbegnenou/
kellyolynyk,instagram,Kelly Olynyk,https://cdn.horizm.com/clubs/7932_6638a81f10955,170974,1,0.0493,8423,Athlete,https://www.instagram.com/kellyolynyk/
hyq28,instagram,Ya Qiong Huang,https://cdn.horizm.com/clubs/8651_67c0830fbc212,170865,1,0.0243,4157,Athlete,https://www.instagram.com/hyq28/
mu59rove,instagram,Joe Musgrove,https://cdn.horizm.com/clubs/5849_650be1a0dec8d,170287,1,0.0034,585,Athlete,https://www.instagram.com/mu59rove/
1carloslampe,instagram,Carlos Lampe,https://cdn.horizm.com/clubs/2843_6491f41551e82,170245,7,0.0041,691,Athlete,https://www.instagram.com/1carloslampe/
colinclimbs,instagram,Colin Duffy,https://cdn.horizm.com/clubs/3541_64a277bb469a6,169661,3,0.0195,3312,Athlete,https://www.instagram.com/colinclimbs/
jackbonaventura,instagram,Giacomo Bonaventura,https://cdn.horizm.com/clubs/7137_658407ca77698,169158,1,0.0135,2281,Athlete,https://www.instagram.com/jackbonaventura/
davidperalta.6,instagram,David Peralta,https://cdn.horizm.com/clubs/6488_6531292a00784,169141,2,0.0036,615,Athlete,https://www.instagram.com/davidperalta.6/
felipereyesoficial,instagram,Felipe Reyes,https://cdn.horizm.com/clubs/1809_6491d8a1c1557,168583,1,0.0026,442,Athlete,https://www.instagram.com/felipereyesoficial/
semi_radradra_,instagram,Semi Radradra,https://cdn.horizm.com/clubs/4217_649bd77e1381c,167839,3,0.0230,3863,Athlete,https://www.instagram.com/semi_radradra_
jackthouna,instagram,Jeakson Singh,https://cdn.horizm.com/clubs/7879_6638a6fdda0dc,167702,3,0.0053,890,Athlete,https://www.instagram.com/jackthouna/
trey_hendrickson91,instagram,Trey Hendrickson,https://cdn.horizm.com/clubs/6615_6531374caafcf,167542,1,0.0086,1434,Athlete,https://www.instagram.com/trey_hendrickson91
finnallen32,instagram,Finn Allen,https://cdn.horizm.com/clubs/6283_653123b895e17,167480,1,0.0608,10177,Athlete,https://www.instagram.com/finnallen32/
jazminsawyers,instagram,Jazmin Sawyers,https://cdn.horizm.com/clubs/3594_649208c434199,166980,5,0.0289,4832,Athlete,https://www.instagram.com/jazminsawyers/
mike.harris24,instagram,Michael Harris,https://cdn.horizm.com/clubs/6531_65312a7fef7e4,166541,2,0.0175,2907,Athlete,https://www.instagram.com/mike.harris24/
mattytargett,instagram,Matt Targett,https://cdn.horizm.com/clubs/4327_649bda24035b1,166446,4,0.0226,3757,Athlete,https://www.instagram.com/mattytargett/
chiccogolf,instagram,Francesco Molinari,https://cdn.horizm.com/clubs/7515_65dde38b5f97d,166296,8,0.1306,21724,Athlete,https://www.instagram.com/chiccogolf/
keldonjohnson,instagram,Keldon Johnson,https://cdn.horizm.com/clubs/5991_650be2addb90e,166145,2,0.0704,11689,Athlete,https://www.instagram.com/keldonjohnson/
patperezgolf,instagram,Pat Perez,https://cdn.horizm.com/clubs/4970_64baaf431a56e,166108,1,0.0011,188,Athlete,https://www.instagram.com/patperezgolf/
niccolocanepa,instagram,Niccolo Canepa,https://cdn.horizm.com/clubs/2451_6491e95e2a367,165676,1,0.0037,619,Athlete,https://www.instagram.com/niccolocanepa/
1_born_queen,instagram,Cheyenne Parker,https://cdn.horizm.com/clubs/7965_6638b2b7be91b,165635,4,0.0068,1129,Athlete,https://www.instagram.com/1_born_queen/
maxstrus,instagram,Max Strus,https://cdn.horizm.com/clubs/7918_6638b29cc26b7,165537,1,0.0111,1836,Athlete,https://www.instagram.com/maxstrus/
big.dandan,instagram,Daniel Gafford,https://cdn.horizm.com/clubs/7926_6638b2a84fad5,165172,3,0.0188,3100,Athlete,https://www.instagram.com/big.dandan/
daryllneita,instagram,Daryll Neita,https://cdn.horizm.com/clubs/3588_649208919c49c,165028,4,0.0268,4420,Athlete,https://www.instagram.com/daryllneita/
hey_itsshaunae,instagram,Shaunae Miller-Uibo,https://cdn.horizm.com/clubs/3624_6492097602e28,164907,2,0.0564,9308,Athlete,https://www.instagram.com/hey_itsshaunae/
mr_highflyer10,instagram,Shaquille Leonard,https://cdn.horizm.com/clubs/6098_650be39177a14,164568,1,0.0226,3715,Athlete,https://www.instagram.com/mr_highflyer10
anett_kontaveit,instagram,Anett Kontaveit,https://cdn.horizm.com/clubs/1308_6491cc3dbef25,164395,3,0.5453,89646,Athlete,https://www.instagram.com/anett_kontaveit
francerundolo,instagram,Francisco Cerundolo,https://cdn.horizm.com/clubs/7288_65b0ace445a17,163957,10,0.0745,12217,Athlete,https://www.instagram.com/francerundolo/
thapa.42,instagram,Anirudh Thapa,https://cdn.horizm.com/clubs/7883_6638b264da04d,163749,1,0.0008,138,Athlete,https://www.instagram.com/thapa.42/
brucebrown,instagram,Bruce Brown Jr.,https://cdn.horizm.com/clubs/5985_650be2a556f99,162312,2,0.0076,1240,Athlete,https://www.instagram.com/brucebrown/
jolamakina,instagram,Jose Berrios,https://cdn.horizm.com/clubs/5878_650be1def32e2,162309,6,0.0168,2725,Athlete,https://www.instagram.com/jolamakina/
jonasho23,instagram,Jonas Hofmann,https://cdn.horizm.com/clubs/7340_65b0b9bfa6cf2,162081,2,0.0070,1128,Athlete,https://www.instagram.com/jonasho23
pablomatera,instagram,Pablo Matera,https://cdn.horizm.com/clubs/f1af3828823bafb103256e1421fd1f0cc6a1d17e.jpg,161419,3,0.0091,1474,Athlete,https://www.instagram.com/pablomatera
alicecapsey_,instagram,Alice Capsey,https://cdn.horizm.com/clubs/2936_6491f6c082052,160969,2,0.0092,1477,Athlete,https://www.instagram.com/alicecapsey_/
ihapp_1,instagram,Ian Happ,https://cdn.horizm.com/clubs/6155_650be403c09ca,160901,3,0.0275,4432,Athlete,https://www.instagram.com/ihapp_1/
daphnevdomselaar,instagram,Daphne van Domselaar,https://cdn.horizm.com/clubs/6375_65312603bfaf7,160597,1,0.0122,1967,Athlete,https://www.instagram.com/daphnevdomselaar/
bradleysmith38,instagram,Bradley Smith,https://cdn.horizm.com/clubs/2452_6491e9661c766,160386,2,0.0043,695,Athlete,https://www.instagram.com/bradleysmith38/
aaronmooy,instagram,Aaron Mooy,https://cdn.horizm.com/clubs/1849_6491d9985a623,159803,1,0.0107,1707,Athlete,https://www.instagram.com/aaronmooy/
preedgolf,instagram,Patrick Reed,https://cdn.horizm.com/clubs/4975_64baaf4ee7b15,159116,43,0.8191,130336,Athlete,https://www.instagram.com/preedgolf/
deepaktangri11,instagram,Deepak Tangri,https://cdn.horizm.com/clubs/7881_6638b25f8710d,158925,9,0.0410,6511,Athlete,https://www.instagram.com/deepaktangri11/
benduckett1,instagram,Ben Duckett,https://cdn.horizm.com/clubs/2991_6491f85a17934,158677,1,0.0196,3118,Athlete,https://www.instagram.com/benduckett1/
will_bosi,instagram,Will Bosi,,158478,4,0.0698,11063,Athlete,https://www.instagram.com/will_bosi/
olgakharlan,instagram,Olga Kharlan,https://cdn.horizm.com/clubs/8630_67c03e4aeef62,158046,1,0.0018,286,Athlete,https://www.instagram.com/olgakharlan/
kevinkampl,instagram,Kevin Kampl,https://cdn.horizm.com/clubs/4870_64baae4b22685,157721,4,0.1183,18664,Athlete,https://www.instagram.com/kevinkampl/
flaamingoo_,instagram,Grant Holloway,https://cdn.horizm.com/clubs/3573_6492081b68f7c,157147,8,0.2930,46046,Athlete,https://www.instagram.com/flaamingoo_/
therealbcraw35,instagram,Brandon Crawford,https://cdn.horizm.com/clubs/5869_650be1c9a474e,156790,1,0.0071,1114,Athlete,https://www.instagram.com/therealbcraw35/
johannakaneryd,instagram,Johanna Rytting Kaneryd,https://cdn.horizm.com/clubs/8950_686b9694f1323,156376,1,0.0216,3370,Athlete,https://www.instagram.com/johannakaneryd/
subhasis17,instagram,Subhasish Bose,https://cdn.horizm.com/clubs/7875_6638b257b4318,156176,2,0.0145,2268,Athlete,https://www.instagram.com/subhasis17/
regansmith4,instagram,Regan Smith,https://cdn.horizm.com/clubs/8608_67c03e47eb5a1,155892,7,0.0304,4733,Athlete,https://www.instagram.com/regansmith4/
catarina_macario,instagram,Catarina Macario,https://cdn.horizm.com/clubs/3503_64920631ebeea,155439,3,0.1305,20288,Athlete,https://www.instagram.com/catarina_macario/
marinamabrey,instagram,Marina Mabrey,https://cdn.horizm.com/clubs/7962_6638a8fa853a6,155193,7,0.1276,19805,Athlete,https://www.instagram.com/marinamabrey/
quenton_nelson,instagram,Quenton Nelson,https://cdn.horizm.com/clubs/6632_65312d5855b9b,154826,1,0.0367,5681,Athlete,https://www.instagram.com/quenton_nelson
_klc215,instagram,Kahleah Cooper,https://cdn.horizm.com/clubs/7953_6638a8b92f881,154271,4,0.0365,5633,Athlete,https://www.instagram.com/_klc215/
terance,instagram,Terance Mann,https://cdn.horizm.com/clubs/7947_6638a8884dc53,154251,1,0.0030,461,Athlete,https://www.instagram.com/terance/
danielbraganca68,instagram,Daniel Braganca,https://cdn.horizm.com/clubs/2747_64a276fc82d07,153698,4,0.0391,6011,Athlete,https://www.instagram.com/danielbraganca68/
jamesnicholasgolf,instagram,James Nicholas,https://cdn.horizm.com/clubs/7473_65dde33dc88d8,153625,26,0.5494,84395,Athlete,https://www.instagram.com/jamesnicholasgolf
magdalinette,instagram,Magda Linette,https://cdn.horizm.com/clubs/2478_6491e9fa67bc0,152992,5,0.0391,5987,Athlete,https://www.instagram.com/magdalinette/
jsimms1119,instagram,Justin Simmons,https://cdn.horizm.com/clubs/6104_650be39c08849,152974,1,0.0064,978,Athlete,https://www.instagram.com/jsimms1119
joe_rodon,instagram,Joe Rodon,https://cdn.horizm.com/clubs/2372_64a276b9a0043,152728,1,0.0104,1582,Athlete,https://www.instagram.com/joe_rodon/
ona.batlle,tiktok,Ona Batlle,https://cdn.horizm.com/clubs/4255_649bd87c2ee0c,152611,5,0.0448,6840,Athlete,https://www.tiktok.com/@ona.batlle
bear_6060,instagram,David Andrews,https://cdn.horizm.com/clubs/6664_65312e5c467aa,152384,13,1.5459,235574,Athlete,https://www.instagram.com/bear_6060/
jourdanjd_,instagram,Jourdan Lewis,https://cdn.horizm.com/clubs/9514225db1c166a00adcae570e277c29d58796fc.jpg,152346,1,0.0040,611,Athlete,https://www.instagram.com/jourdanjd_/
liston_colaco,instagram,Liston Colaco,https://cdn.horizm.com/clubs/7888_6638b269e591e,152229,4,0.0374,5686,Athlete,https://www.instagram.com/liston_colaco/
augustofernandez37,instagram,Augusto Fernandez,https://cdn.horizm.com/clubs/2408_6491e85d8ab67,151810,1,0.1005,15252,Athlete,https://www.instagram.com/augustofernandez37/
xavivierge_97,instagram,Xavi Vierge,https://cdn.horizm.com/clubs/2475_6491e9e90a677,151460,25,0.4978,75397,Athlete,https://www.instagram.com/xavivierge_97/
bunnyshaw,instagram,Khadija Shaw,https://cdn.horizm.com/clubs/9d50fe3170bd991447e58aa91e6f6445e41b0867.jpg,151362,1,0.0000,0,Athlete,https://www.instagram.com/bunnyshaw/
ingeechun_dumbo,instagram,In Gee Chun,https://cdn.horizm.com/clubs/4146_649bd57675c2f,151033,1,0.0238,3593,Athlete,https://www.instagram.com/ingeechun_dumbo
hv3_golf,instagram,Harold Varner III,https://cdn.horizm.com/clubs/4981_64baaf5bbe302,150280,5,0.0427,6423,Athlete,https://www.instagram.com/hv3_golf/
alirezafirouzja,instagram,Alireza Firouzja,https://cdn.horizm.com/clubs/5897_650be20159d6f,149375,1,0.0241,3595,Athlete,https://www.instagram.com/alirezafirouzja/
sebastiankorda,instagram,Sebastian Korda,https://cdn.horizm.com/clubs/2097_64a27689c2071,149247,1,0.0975,14553,Athlete,https://www.instagram.com/sebastiankorda/
kremermarcos,instagram,Marcos Kremer,https://cdn.horizm.com/clubs/3081_6491fa99c7362,149185,1,0.0027,400,Athlete,https://www.instagram.com/kremermarcos/
gary.woodland,instagram,Gary Woodland,https://cdn.horizm.com/clubs/5116_64d60fe606e70,149141,1,0.0100,1488,Athlete,https://www.instagram.com/gary.woodland
jadeacarey,tiktok,Jade Carey,https://cdn.horizm.com/clubs/8632_66ec2fa633f76,148685,5,0.1103,16395,Athlete,https://www.tiktok.com/@jadeacarey
vaibhav2816,instagram,Vaibhav Arora,https://cdn.horizm.com/clubs/9040_686b97bb93f94,148226,2,0.0467,6926,Athlete,https://www.instagram.com/vaibhav2816/
shanelowrygolf,tiktok,Shane Lowry,https://cdn.horizm.com/clubs/5079_64d60eeacccb6,147851,1,0.0030,450,Athlete,https://www.tiktok.com/@shanelowrygolf
abishekporel_,instagram,Abishek Porel,https://cdn.horizm.com/clubs/8081_664dcff282e36,147588,3,0.0504,7434,Athlete,https://www.instagram.com/abishekporel_
antonee_jedi,instagram,Antonee Robinson,https://cdn.horizm.com/clubs/4306_649bd9a3d6550,147548,4,0.0383,5647,Athlete,https://www.instagram.com/antonee_jedi/
kaylynkyle,instagram,Kalyn Kyle,https://cdn.horizm.com/clubs/4772_64baacdfcccb6,147092,2,0.0117,1724,Athlete,https://www.instagram.com/kaylynkyle/
mosley32rtr,instagram,C.J. Mosley,https://cdn.horizm.com/clubs/6092_650be385b0c34,146830,1,0.0041,598,Athlete,https://www.instagram.com/mosley32rtr/
tosin,tiktok,Tosin Adarabioyo,https://cdn.horizm.com/clubs/8911_67ffb80016967,146769,2,0.0385,5652,Athlete,https://www.tiktok.com/@tosin
hermanospou,instagram,Hermanos Pou,,146749,30,0.1239,18187,Athlete,https://www.instagram.com/hermanospou/
dennisfoggia71,instagram,Dennis Foggia,https://cdn.horizm.com/clubs/3314_649200fe654ac,146699,1,0.0030,446,Athlete,https://www.instagram.com/dennisfoggia71/
conanledesma,instagram,Jeremías Ledesma,https://cdn.horizm.com/clubs/1389_64a276447fe41,146644,2,0.0568,8331,Athlete,https://www.instagram.com/conanledesma
e.wahi7,instagram,Elye Wahi,https://cdn.horizm.com/clubs/6335_653136a9cc584,145947,6,0.0670,9779,Athlete,https://www.instagram.com/e.wahi7/
__melissaj19,instagram,Melissa Jefferson,https://cdn.horizm.com/clubs/3560_649207bc4bb09,145883,3,0.0318,4643,Athlete,https://www.instagram.com/__melissaj19/
sean_abbott,instagram,Sean Abbott,https://cdn.horizm.com/clubs/6241_6531227bd6152,145553,4,0.0104,1511,Athlete,https://www.instagram.com/sean_abbott/
davidjamesofficial,instagram,David James,https://cdn.horizm.com/clubs/4761_64baacbae1a21,145469,1,0.0028,404,Athlete,https://www.instagram.com/davidjamesofficial/
siniakovakaterina,instagram,Katerina Siniakova,https://cdn.horizm.com/clubs/8655_66ec2ff01f7a9,145437,16,0.0535,7775,Athlete,https://www.instagram.com/siniakovakaterina/
lauriecanter,instagram,Laurie Canter,https://cdn.horizm.com/clubs/4944_64baaf036001e,145317,4,0.0361,5249,Athlete,https://www.instagram.com/lauriecanter/
gretchwalsh2,instagram,Gretchen Walsh,https://cdn.horizm.com/clubs/8612_67c03e49653b1,145097,2,0.0271,3935,Athlete,https://www.instagram.com/gretchwalsh2/
linamagull,instagram,Lina Magull,https://cdn.horizm.com/clubs/3509_64920665aec8a,144791,1,0.0042,602,Athlete,https://www.instagram.com/linamagull/
gymtrin,instagram,Trinity Thomas,https://cdn.horizm.com/clubs/4158_649bd5dd08dbb,144684,1,0.0031,452,Athlete,https://www.instagram.com/gymtrin/
jordanlotomba,instagram,Jordan Lotomba,https://cdn.horizm.com/clubs/6312_6531368dcef95,144521,1,0.0101,1461,Athlete,https://www.instagram.com/jordanlotomba/
m.caqueret,instagram,Maxence Caqueret,https://cdn.horizm.com/clubs/6343_6531251480b8f,144136,4,0.0237,3409,Athlete,https://www.instagram.com/m.caqueret/
hafizhsyahrin_55,tiktok,Hafizh Syahrin,https://cdn.horizm.com/clubs/2464_6491e9aa42e1e,144029,3,0.0068,975,Athlete,https://www.tiktok.com/@hafizhsyahrin_55
peprah305,instagram,Kwame Peprah,https://cdn.horizm.com/clubs/7907_6638b2875f9ec,143945,3,0.0497,7152,Athlete,https://www.instagram.com/peprah305/
maroitoje4,tiktok,Maro Itoje,https://cdn.horizm.com/clubs/4205_649bd728c77f1,143806,5,0.0117,1678,Athlete,https://www.tiktok.com/@maroitoje4
joshvdf,instagram,Josh Van Der Flier,https://cdn.horizm.com/clubs/4202_649bd71028953,143719,4,0.0185,2663,Athlete,https://www.instagram.com/joshvdf
jasoncummings35,instagram,Jason Cummings,https://cdn.horizm.com/clubs/7894_6638a76baf05b,143493,1,0.0067,957,Athlete,https://www.instagram.com/jasoncummings35/
mayaletissier,instagram,Maya Le Tissier,https://cdn.horizm.com/clubs/4230_649bd7c253624,143267,4,0.2712,38853,Athlete,https://www.instagram.com/mayaletissier/
bkrejcikova,instagram,Barbora Krejčíková,https://cdn.horizm.com/clubs/7297_65b0ad345bc08,143119,8,0.0957,13691,Athlete,https://www.instagram.com/bkrejcikova/
baubs10,instagram,Brandon Aubrey,https://cdn.horizm.com/clubs/8782_6746e91740b99,142574,2,0.0000,0,Athlete,https://www.instagram.com/baubs10/
sjo_nue,instagram,Sjoeke Nusken,https://cdn.horizm.com/clubs/8955_686b96d01090d,142302,3,0.0282,4013,Athlete,https://www.instagram.com/sjo_nue
prannoy_hs_,instagram,Prannoy H.S.,https://cdn.horizm.com/clubs/3034_6491f98be1bfc,142226,3,0.0087,1236,Athlete,https://www.instagram.com/prannoy_hs_/
reecejwtopley,instagram,Reece Topley,https://cdn.horizm.com/clubs/2962_64a27751679fd,142015,7,0.0315,4471,Athlete,https://www.instagram.com/reecejwtopley/
filipsalac12,instagram,Filip Salac,https://cdn.horizm.com/clubs/3310_649200dc44f85,141859,5,0.0351,4975,Athlete,https://www.instagram.com/filipsalac12/
maurrenmaggi,instagram,Maurren Maggi,https://cdn.horizm.com/clubs/8252_666bfdac76d33,141406,15,0.0376,5322,Athlete,https://www.instagram.com/maurrenmaggi/
pola.freestyle,instagram,Pola Gomez,https://cdn.horizm.com/clubs/ae6f507ee51c272fc9289c9205bb70d3f3ae3952.jpeg,141197,4,0.0087,1228,Athlete,https://www.instagram.com/pola.freestyle
airduda,instagram,Mauro Vinicius Hilario Lourenço da Silva,https://cdn.horizm.com/clubs/8285_666bfdf2dd037,141125,6,0.0028,402,Athlete,https://www.instagram.com/airduda
maverickvinales12,tiktok,Maverick Vinales,https://cdn.horizm.com/clubs/bdda73f390b761a32656fd74d91e2f9345b34851.jpg,139868,1,0.0054,754,Athlete,https://www.tiktok.com/@maverickvinales12
joshhkerr,instagram,Josh Kerr,https://cdn.horizm.com/clubs/2994_6491f873ee1c8,139749,12,0.2163,30221,Athlete,https://www.instagram.com/joshhkerr/
saraerrani87,instagram,Sara Errani,https://cdn.horizm.com/clubs/8665_66ec30141a39f,139646,6,0.0442,6171,Athlete,https://www.instagram.com/saraerrani87/
albertarenas,instagram,Albert Arenas,https://cdn.horizm.com/clubs/3325_6492015c6522a,139632,4,0.1835,25627,Athlete,https://www.instagram.com/albertarenas/
ktnago13,instagram,Katie Moon,https://cdn.horizm.com/clubs/3572_64920812ebf75,139372,7,10.7913,1504001,Athlete,https://www.instagram.com/ktnago13/
yasielpuig,tiktok,Yasiel Puig,https://cdn.horizm.com/clubs/3737_64920b5c75931,139055,2,0.0802,11155,Athlete,https://www.tiktok.com/@yasielpuig
framber_valdez_pinales,instagram,Framber Valdez,https://cdn.horizm.com/clubs/6481_653136fbf1914,138815,1,0.0178,2468,Athlete,https://www.instagram.com/framber_valdez_pinales/
ryanrickelton,instagram,Ryan Rickelton,https://cdn.horizm.com/clubs/9071_6853ec55154eb,138387,3,0.2105,29131,Athlete,https://www.instagram.com/ryanrickelton/
grabo_dunks,instagram,Piotr Grabowski,https://cdn.horizm.com/clubs/bbbbe7ff32ab39f28444f56e74439308333500ac.jpg,137884,9,0.6993,96416,Athlete,https://www.instagram.com/grabo_dunks
adam_peaty,tiktok,Adam Peaty,https://cdn.horizm.com/clubs/3018_6491f91570b40,137426,2,0.2383,32752,Athlete,https://www.tiktok.com/@adam_peaty
heldercosta10,instagram,Helder Costa,https://cdn.horizm.com/clubs/2752_6491f1eb935cb,137405,3,0.0065,897,Athlete,https://www.instagram.com/heldercosta10
graeme_mcdowell,instagram,Graeme McDowell,https://cdn.horizm.com/clubs/4962_64baaf2f28293,136973,2,0.0086,1178,Athlete,https://www.instagram.com/graeme_mcdowell/
the.isaiahstewart,instagram,Isaiah Stewart,https://cdn.horizm.com/clubs/7919_6638b29f9538d,136730,10,0.2440,33364,Athlete,https://www.instagram.com/the.isaiahstewart/
pereyradiazjorge,instagram,Jorge Pereyra Diaz,https://cdn.horizm.com/clubs/7915_6638b29515e7b,136539,1,0.0012,170,Athlete,https://www.instagram.com/pereyradiazjorge/
rassie72,instagram,Rassie van der Dussen,https://cdn.horizm.com/clubs/2954_6491f7285684c,136290,15,0.0474,6457,Athlete,https://www.instagram.com/rassie72/
sayasakakibara,instagram,Saya Sakakibara,https://cdn.horizm.com/clubs/8643_67c03e4bb03f7,135902,3,0.0154,2099,Athlete,https://www.instagram.com/sayasakakibara/
willjordan_,instagram,Will Jordan,https://cdn.horizm.com/clubs/c2322615ddf29a5a6737a68f4fdb43766b3745bb.jpg,135526,1,0.0097,1309,Athlete,https://www.instagram.com/willjordan_
brusdar14graterol,instagram,Brusdar Javier Graterol,https://cdn.horizm.com/clubs/93d96715ddea7140cef09c49fc385b882b62d248.jpg,135343,2,0.0000,0,Athlete,https://www.instagram.com/brusdar14graterol
jhicks_3,instagram,Jordan Hicks,https://cdn.horizm.com/clubs/7113_6583e9ce0aa3d,135007,1,0.0112,1508,Athlete,https://www.instagram.com/jhicks_3
eliasdiaz29,instagram,Elias Diaz,https://cdn.horizm.com/clubs/6514_653129f294a39,134599,5,0.0569,7661,Athlete,https://www.instagram.com/eliasdiaz29/
chris_eubanks96,instagram,Christopher Eubanks,https://cdn.horizm.com/clubs/5064_64bab04653c9a,134460,11,2.9506,396733,Athlete,https://www.instagram.com/chris_eubanks96/
louisoosthuizen57,instagram,Louis Oosthuizen,https://cdn.horizm.com/clubs/4967_64baaf3b130c1,134352,13,0.3148,42288,Athlete,https://www.instagram.com/louisoosthuizen57/
yulia_putintseva,instagram,Yulia Putintseva,https://cdn.horizm.com/clubs/8357_66ec2b7c451df,133664,1,0.0020,263,Athlete,https://www.instagram.com/yulia_putintseva/
manuela_zinsberger,instagram,Manuela Zinsberger,https://cdn.horizm.com/clubs/4263_649bd8a547977,133349,6,0.0494,6582,Athlete,https://www.instagram.com/manuela_zinsberger/
dikamem,instagram,Dika Mem,https://cdn.horizm.com/clubs/3629_6492099713ead,133277,4,0.0804,10716,Athlete,https://www.instagram.com/dikamem/
pablo_carreno_,instagram,Pablo Carreno Busta,https://cdn.horizm.com/clubs/3021_6491f92f344f1,132912,2,0.5364,71295,Athlete,https://www.instagram.com/pablo_carreno_
enialuko,instagram,Eni Aluko,https://cdn.horizm.com/clubs/4760_64baacb8f2b44,132739,3,0.0055,734,Athlete,https://www.instagram.com/enialuko/
1990colo,instagram,Christian Vazquez,https://cdn.horizm.com/clubs/6175_650be42ec2f40,132206,13,0.0385,5096,Athlete,https://www.instagram.com/1990colo
missashaphilip,instagram,Asha Philip,https://cdn.horizm.com/clubs/3591_649208aba4755,131747,1,0.0012,155,Athlete,https://www.instagram.com/missashaphilip/
travisdarnaud,instagram,Travis d'Arnaud,https://cdn.horizm.com/clubs/6458_653136eb6a39b,131734,3,0.0147,1938,Athlete,https://www.instagram.com/travisdarnaud
hugoduro10,instagram,Hugo Duro,https://cdn.horizm.com/clubs/7313_65b0adae993d7,131612,2,0.0189,2490,Athlete,https://www.instagram.com/hugoduro10
cesarsampaioofficial,instagram,Cesar Sampaio,https://cdn.horizm.com/clubs/3860_64a275b303af2,131353,1,0.0026,343,Athlete,https://www.instagram.com/cesarsampaioofficial/
kaymac_21,instagram,Kayla McBride,https://cdn.horizm.com/clubs/7963_6638a90274798,131308,2,0.7819,102665,Athlete,https://www.instagram.com/kaymac_21/
ravipowell52,instagram,Rovman Powell,https://cdn.horizm.com/clubs/7686_65faecaa571a5,130560,1,0.0018,236,Athlete,https://www.instagram.com/ravipowell52/
cyw615,instagram,Yiwen Chen,https://cdn.horizm.com/clubs/8648_67c0830929a06,130500,1,0.0031,401,Athlete,https://www.instagram.com/cyw615/
hkmatthews50,instagram,Hayley Matthews,https://cdn.horizm.com/clubs/2420_6491e8aa0c6f4,130481,7,0.1330,17350,Athlete,https://www.instagram.com/hkmatthews50/
rashanagary,instagram,Rashan Gary,https://cdn.horizm.com/clubs/6135_650be3d907e42,130347,1,0.0197,2568,Athlete,https://www.instagram.com/rashanagary
enzo_lefee,instagram,Enzo Le Fée,https://cdn.horizm.com/clubs/6382_653136c03c02a,130274,8,0.1780,23186,Athlete,https://www.instagram.com/enzo_lefee/
lorisbaz,instagram,Loris Baz,https://cdn.horizm.com/clubs/2473_6491e9e051400,129492,9,0.0554,7172,Athlete,https://www.instagram.com/lorisbaz/
elohimprandi71,instagram,Elohim Prandi,https://cdn.horizm.com/clubs/3630_6492099f7d2db,129442,6,0.1685,21810,Athlete,https://www.instagram.com/elohimprandi71/
tommy.doyle8,instagram,Tommy Doyle,https://cdn.horizm.com/clubs/8354_66a9f47d70856,129373,4,0.0115,1491,Athlete,https://www.instagram.com/tommy.doyle8/
dsabonis11,tiktok,Domantas Sabonis,https://cdn.horizm.com/clubs/3635_649209b957933,129270,1,0.0020,261,Athlete,https://www.tiktok.com/@dsabonis11
cadeklubnik,instagram,Cade Klubnik,https://cdn.horizm.com/clubs/6060_650be344ded5e,129003,5,0.2750,35474,Athlete,https://www.instagram.com/cadeklubnik/
martinkaymer59,instagram,Martin Kaymer,https://cdn.horizm.com/clubs/4955_64baaf1f04659,128709,1,0.0062,800,Athlete,https://www.instagram.com/martinkaymer59/
pablolima_oficial,instagram,Pablo Lima,https://cdn.horizm.com/clubs/3884_64920ef77533a,128650,11,0.0129,1656,Athlete,https://www.instagram.com/pablolima_oficial/
alexwalsh7,instagram,Alex Walsh,https://cdn.horizm.com/clubs/3544_64a277c0c6a70,128603,2,0.0279,3582,Athlete,https://www.instagram.com/alexwalsh7/
v.kudermetova,instagram,Veronika Kudermetova,https://cdn.horizm.com/clubs/7303_65b0b99683d08,128503,3,0.0622,7992,Athlete,https://www.instagram.com/v.kudermetova
rohanbopanna0403,instagram,Rohan Bopanna,https://cdn.horizm.com/clubs/5065_64bab0491ae7b,128442,8,0.0085,1098,Athlete,https://www.instagram.com/rohanbopanna0403/
hard.is.easy,instagram,Hard Is Easy,,128210,1,0.0868,11133,Athlete,https://www.instagram.com/hard.is.easy/
aggiebjones,instagram,Aggie Beever-Jones,https://cdn.horizm.com/clubs/8956_686b9306cfc2b,128132,1,0.0211,2707,Athlete,https://www.instagram.com/aggiebjones
hayden_wilde,instagram,Hayden Wilde,https://cdn.horizm.com/clubs/8599_66ec2f2c24494,128069,3,0.0111,1422,Athlete,https://www.instagram.com/hayden_wilde/
vanderson02_,instagram,Vanderson,https://cdn.horizm.com/clubs/6355_6531256744370,128063,1,0.0024,305,Athlete,https://www.instagram.com/vanderson02_/
austinfritts1,instagram,Austin Fritts,https://cdn.horizm.com/clubs/3681_64920a16e0cba,127667,1,0.4536,57916,Athlete,https://www.instagram.com/austinfritts1
mukesh__33,instagram,Mukesh Choudhary,https://cdn.horizm.com/clubs/9050_686b98a65a165,127382,1,0.0055,705,Athlete,https://www.instagram.com/mukesh__33/
amandailestedt,instagram,Amanda Ilestedt,https://cdn.horizm.com/clubs/5142_64d610aee543d,127103,2,0.0530,6734,Athlete,https://www.instagram.com/amandailestedt/
brody1700,instagram,Brody Malone,https://cdn.horizm.com/clubs/3540_6492074339c19,126106,7,0.1045,13178,Athlete,https://www.instagram.com/brody1700/
khiindgo,instagram,Hidayat Heydarov,https://cdn.horizm.com/clubs/8548_67c08295bf186,125149,3,0.0325,4066,Athlete,https://www.instagram.com/khiindgo/
michaelvdmark,instagram,Michael Van Der Mark,https://cdn.horizm.com/clubs/2470_6491e9c5ed880,125012,13,0.1041,13014,Athlete,https://www.instagram.com/michaelvdmark/
kaatedouglass,instagram,Kate Douglass,https://cdn.horizm.com/clubs/8611_67c082e4396c2,124767,3,0.0320,3987,Athlete,https://www.instagram.com/kaatedouglass/
amedrosario1,instagram,Amed Rosario,https://cdn.horizm.com/clubs/6459_6531287611b06,124660,1,0.0321,3997,Athlete,https://www.instagram.com/amedrosario1/
leahgalton21,instagram,Leah Galton,https://cdn.horizm.com/clubs/4247_649bd83873b3e,124320,2,0.0125,1553,Athlete,https://www.instagram.com/leahgalton21/
shanebieber,instagram,Shane Bieber,https://cdn.horizm.com/clubs/6162_650be4160a5f2,124086,1,0.0219,2717,Athlete,https://www.instagram.com/shanebieber/
chefeddiejackson,instagram,Eddie Jackson,https://cdn.horizm.com/clubs/6116_650be3b420f1d,122862,5,0.0152,1868,Athlete,https://www.instagram.com/chefeddiejackson
brent_burns_88,instagram,Brent Burns,https://cdn.horizm.com/clubs/3757_64920bf6c058c,122533,1,0.0032,389,Athlete,https://www.instagram.com/brent_burns_88/
kelz_hoop,instagram,Kelsey Mitchell,https://cdn.horizm.com/clubs/7959_6638a8e2856af,122328,2,0.0161,1966,Athlete,https://www.instagram.com/kelz_hoop/
kieranread08,instagram,Kieran Read,https://cdn.horizm.com/clubs/2ea548a7c963e1ed6179293a656d4221525aef05.jpg,122031,3,0.0085,1042,Athlete,https://www.instagram.com/kieranread08/
awood45,instagram,Alex Wood,https://cdn.horizm.com/clubs/5924_650be22ce2f07,122011,1,0.0026,314,Athlete,https://www.instagram.com/awood45/
nr147,instagram,Neil Robertson,https://cdn.horizm.com/clubs/5939_650be247d5986,121731,5,0.0461,5608,Athlete,https://www.instagram.com/nr147/
jurki17,instagram,Josip Juranović,https://cdn.horizm.com/clubs/1890_64a27684f3205,121497,1,0.0104,1268,Athlete,https://www.instagram.com/jurki17
imkksingh26,instagram,Kumar Kartikeya,https://cdn.horizm.com/clubs/9091_686b9d6976662,121178,9,0.2528,30628,Athlete,https://www.instagram.com/imkksingh26/
sungjaeim330,instagram,Sungjae Im,https://cdn.horizm.com/clubs/1420_64a276512c441,121150,1,0.0035,419,Athlete,https://www.instagram.com/sungjaeim330/
sanderberge8,instagram,Sander Berge,https://cdn.horizm.com/clubs/6217_650be48f4f8c8,121044,1,0.0137,1662,Athlete,https://www.instagram.com/sanderberge8/
yourfitnic,instagram,Nicole Yeargin,https://cdn.horizm.com/clubs/3585_649208781b0b5,120781,3,0.0406,4909,Athlete,https://www.instagram.com/yourfitnic/
poonam_yadav24,instagram,Poonam Yadav,https://cdn.horizm.com/clubs/2938_6491f6c9801c2,120746,12,0.1043,12599,Athlete,https://www.instagram.com/poonam_yadav24/
jr.adamu,instagram,Junior Adamu,https://cdn.horizm.com/clubs/2782_64a27729b9a3d,120727,1,0.0018,214,Athlete,https://www.instagram.com/jr.adamu/
tatjanaschoen,instagram,Tatjana Smith,https://cdn.horizm.com/clubs/8625_66ec2f826abdd,120709,7,0.0083,1000,Athlete,https://www.instagram.com/tatjanaschoen/
gradyjarrett,instagram,Grady Jarrett,https://cdn.horizm.com/clubs/6093_650c0564d4eb0,120228,4,0.9030,108566,Athlete,https://www.instagram.com/gradyjarrett
24marcosramirez,instagram,Marcos Ramirez,https://cdn.horizm.com/clubs/3317_649201181dce0,119589,9,0.0301,3598,Athlete,https://www.instagram.com/24marcosramirez/
stuanicristhian,instagram,Cristhian Stuani,https://cdn.horizm.com/clubs/7316_65b0adc59b4c7,119462,6,0.0440,5256,Athlete,https://www.instagram.com/stuanicristhian/
nicky.lyan,instagram,Nicky Lyan,https://cdn.horizm.com/clubs/3690_64a27805b0c42,119089,6,0.1416,16866,Athlete,https://www.instagram.com/nicky.lyan/
ludoblas,instagram,Ludovic Blas,https://cdn.horizm.com/clubs/6383_653136c2a91cd,119068,4,0.0265,3156,Athlete,https://www.instagram.com/ludoblas/
buckdaddy103,instagram,Byron Buxton,https://cdn.horizm.com/clubs/5881_650be1e6a2155,118877,4,0.0849,10087,Athlete,https://www.instagram.com/buckdaddy103/
alun.wyn.jones,instagram,Alun Wyn Jones,https://cdn.horizm.com/clubs/4226_649bd7a938e93,118720,3,0.0366,4348,Athlete,https://www.instagram.com/alun.wyn.jones
yeremypinosantos,tiktok,Yeremy Pino,https://cdn.horizm.com/clubs/2228_6491e3bed5556,118439,1,0.0083,984,Athlete,https://www.tiktok.com/@yeremypinosantos
tristanstubbs013,instagram,Tristan Stubbs,https://cdn.horizm.com/clubs/8082_664dcff501f9b,118354,2,0.0218,2584,Athlete,https://www.instagram.com/tristanstubbs013/
heatherknight55,instagram,Heather Knight,https://cdn.horizm.com/clubs/2424_6491e8c44301e,118199,4,0.0444,5247,Athlete,https://www.instagram.com/heatherknight55/
fagerlibrothers,instagram,Fagerlibrothers,https://cdn.horizm.com/clubs/85611d25b9ca2b621e94d05b04c28160d22dfffe.jpg,118075,2,0.0145,1707,Athlete,https://www.instagram.com/fagerlibrothers
cyril.ngonge,instagram,Cyril Ngonge,https://cdn.horizm.com/clubs/7353_65b0aea280b09,117741,2,0.0963,11341,Athlete,https://www.instagram.com/cyril.ngonge/
noah_w9,instagram,Noah Williams,,117708,1,0.0005,57,Athlete,https://www.instagram.com/noah_w9/
paulogbernardo,instagram,Paulo Bernardo,https://cdn.horizm.com/clubs/2749_6491f1d4389fc,117611,1,0.0038,446,Athlete,https://www.instagram.com/paulogbernardo/
bwoo.2,instagram,Bryan Woo,https://cdn.horizm.com/clubs/7672_65faec8c37033,117476,1,0.0630,7402,Athlete,https://www.instagram.com/bwoo.2/
esmeebrugts,instagram,Esmee Brugts,https://cdn.horizm.com/clubs/5150_64f6e2944df97,117327,4,0.2713,31825,Athlete,https://www.instagram.com/esmeebrugts/
michaeljungofficialnews,instagram,Michael Jung,https://cdn.horizm.com/clubs/8559_67c082a438917,117263,7,0.0341,3996,Athlete,https://www.instagram.com/michaeljungofficialnews/
imanilara,instagram,Imani-Lara Lansiquot,https://cdn.horizm.com/clubs/3592_649208b38dc1a,117225,5,0.0277,3246,Athlete,https://www.instagram.com/imanilara/
lewisdunk,instagram,Lewis Dunk,https://cdn.horizm.com/clubs/2241_64a276982d869,116770,3,0.0094,1092,Athlete,https://www.instagram.com/lewisdunk/
ferraz_decatlo,instagram,Jose Fernando Ferreira santana,https://cdn.horizm.com/clubs/8260_666bfdbb2147e,116448,3,0.0050,582,Athlete,https://www.instagram.com/ferraz_decatlo/
ameyranawade04,instagram,Amey Ranawade,https://cdn.horizm.com/clubs/7891_6638b27125367,116245,39,3.2983,383416,Athlete,https://www.instagram.com/ameyranawade04/
remygardner,instagram,Remy Gardner,https://cdn.horizm.com/clubs/1842_6491d95b694ee,115773,6,0.0587,6793,Athlete,https://www.instagram.com/remygardner/
edu_triple,instagram,Eduard Trippel,https://cdn.horizm.com/clubs/a12d8999a342a36d1bba56692eacf3b7d91c471f.jpg,115592,10,0.2314,26746,Athlete,https://www.instagram.com/edu_triple/
lloydkelly_,instagram,Lloyd Kelly,https://cdn.horizm.com/clubs/2367_6491e7688c104,115478,3,0.3387,39110,Athlete,https://www.instagram.com/lloydkelly_/
ferrarifoster,instagram,Reuben Foster,https://cdn.horizm.com/clubs/8817_6746e9f897fd6,114967,1,0.0000,0,Athlete,https://www.instagram.com/ferrarifoster/
ugohumbert,instagram,Ugo Humbert,https://cdn.horizm.com/clubs/7287_65b0acd8e8da5,114556,6,0.0748,8571,Athlete,https://www.instagram.com/ugohumbert/
khiara.k98,tiktok,Khiara Keating,,114509,1,0.0098,1124,Athlete,https://www.tiktok.com/@khiara.k98
__vastrakarp11__,instagram,Pooja Vastrakar,https://cdn.horizm.com/clubs/2432_6491e8ff00cf8,114085,1,0.0082,937,Athlete,https://www.instagram.com/__vastrakarp11__/
pitataumoepenu,instagram,Pita Taumoepenu,https://cdn.horizm.com/clubs/8803_6746e99a4f54a,113983,1,0.0000,0,Athlete,https://www.instagram.com/pitataumoepenu/
lucabalo19,instagram,Luc Abalo,https://cdn.horizm.com/clubs/3628_6492098ea3799,113791,6,0.0798,9079,Athlete,https://www.instagram.com/lucabalo19/
jaumemasia5,instagram,Jaume Masià,https://cdn.horizm.com/clubs/3343_649201d34f9df,113624,3,0.0090,1019,Athlete,https://www.instagram.com/jaumemasia5/
tomasetcheverry123,instagram,Tomás Martín Etcheverry,https://cdn.horizm.com/clubs/7295_65b0b9908e66c,113566,9,0.0723,8207,Athlete,https://www.instagram.com/tomasetcheverry123
manugonzalez_18,instagram,Manuel Gonzalez,https://cdn.horizm.com/clubs/3331_6492018e2f314,113562,13,0.1594,18103,Athlete,https://www.instagram.com/manugonzalez_18/
ravindra.jadeja,instagram,Ravindra Jadeja,https://cdn.horizm.com/clubs/2942_6491f6e3376e6,113474,15,0.0196,2221,Athlete,https://www.instagram.com/ravindra.jadeja/
aiogura79,instagram,Ai Ogura,https://cdn.horizm.com/clubs/3312_649200ed38075,113426,4,0.2359,26761,Athlete,https://www.instagram.com/aiogura79/
ikerlecuona_27,instagram,Iker Lecuona,https://cdn.horizm.com/clubs/2457_6491e9771940a,113424,10,0.1156,13113,Athlete,https://www.instagram.com/ikerlecuona_27/
chaseypoosp,instagram,Chase Ealey,https://cdn.horizm.com/clubs/3571_6492080a85bd4,113393,10,0.0995,11286,Athlete,https://www.instagram.com/chaseypoosp/
joachimandersen3,instagram,Joachim Anderson,https://cdn.horizm.com/clubs/1855_64a27673960d4,113241,2,0.0116,1314,Athlete,https://www.instagram.com/joachimandersen3/
javipuado,instagram,Javi Puado Diaz,https://cdn.horizm.com/clubs/1394_6491ced0d3192,113233,2,0.0252,2859,Athlete,https://www.instagram.com/javipuado/
manvir_singh07,instagram,Manvir Singh,https://cdn.horizm.com/clubs/7889_6638a7409a757,113163,4,0.0216,2449,Athlete,https://www.instagram.com/manvir_singh07/
luis25lopez,instagram,Luis Federico Lopez,https://cdn.horizm.com/clubs/1401_6491cf038f7ce,113090,1,0.0004,46,Athlete,https://www.instagram.com/luis25lopez
luiz_mauriciod,instagram,Luiz mauricio dias da Silva,https://cdn.horizm.com/clubs/8284_666bfdf11405e,113088,1,0.0005,59,Athlete,https://www.instagram.com/luiz_mauriciod/
dimi_ss,instagram,Dimitri Petratos,https://cdn.horizm.com/clubs/7895_6638b274605aa,113075,2,0.0333,3763,Athlete,https://www.instagram.com/dimi_ss/
josh.hader,instagram,Josh Hader,https://cdn.horizm.com/clubs/5885_650be1efdb926,113017,1,0.0012,134,Athlete,https://www.instagram.com/josh.hader/
albertgudmundsson,instagram,Albert Gudmundsson,https://cdn.horizm.com/clubs/7351_65b0b9cbae5bd,112900,1,0.0150,1689,Athlete,https://www.instagram.com/albertgudmundsson
hiphipjose5,instagram,Jose Trevino,https://cdn.horizm.com/clubs/7251_65b0abd89dd19,112807,5,0.0430,4848,Athlete,https://www.instagram.com/hiphipjose5/
e.demirovic29,instagram,Ermedin Demirovic,https://cdn.horizm.com/clubs/7326_65b0b9aae7f5e,112717,1,0.0124,1401,Athlete,https://www.instagram.com/e.demirovic29
annikas59,instagram,Annika Sorenstam,https://cdn.horizm.com/clubs/7056_6583e779ba367,112548,17,0.1648,18547,Athlete,https://www.instagram.com/annikas59/
leo.castledine,instagram,Leo Castledine,https://cdn.horizm.com/clubs/8928_6853eb9d444da,112227,5,0.1172,13152,Athlete,https://www.instagram.com/leo.castledine/
oli_mcburnie,instagram,Oliver McBurnie,https://cdn.horizm.com/clubs/2771_6491f23aacf1c,112091,3,0.0609,6827,Athlete,https://www.instagram.com/oli_mcburnie/
cuf_5,instagram,Vladimir Coufal,https://cdn.horizm.com/clubs/7356_65b0aeb7c7191,111948,3,0.0219,2451,Athlete,https://www.instagram.com/cuf_5/
jakedixonracing,instagram,Jake Dixon,https://cdn.horizm.com/clubs/3303_649200a23aaaf,111597,18,0.6970,77785,Athlete,https://www.instagram.com/jakedixonracing/
edumarin1,instagram,Edu Marín,,111104,11,0.0934,10374,Athlete,https://www.instagram.com/edumarin1
bethmooney6,instagram,Beth Mooney,https://cdn.horizm.com/clubs/2412_64a276cb30608,110287,2,0.0062,682,Athlete,https://www.instagram.com/bethmooney6/
austinekeler,tiktok,Austin Ekeler,https://cdn.horizm.com/clubs/6625_65312d1463631,110215,19,0.0451,4973,Athlete,https://www.tiktok.com/@austinekeler
jazminsawyers,tiktok,Jazmin Sawyers,https://cdn.horizm.com/clubs/3594_649208c434199,110069,3,0.0152,1670,Athlete,https://www.tiktok.com/@jazminsawyers
mlorenzen21,instagram,Michael Lorenzen,https://cdn.horizm.com/clubs/6190_650c06baa1235,109981,2,0.0420,4623,Athlete,https://www.instagram.com/mlorenzen21/
tadhgfurlong,instagram,Tadhg Furlong,https://cdn.horizm.com/clubs/4199_649bd70003502,109747,1,0.0047,515,Athlete,https://www.instagram.com/tadhgfurlong
kailightner,instagram,Kai Lightner,,109353,2,0.0119,1300,Athlete,https://www.instagram.com/kailightner/
torri_huske,instagram,Torri Huske,https://cdn.horizm.com/clubs/8606_67c03e465ef4f,109257,2,0.0131,1427,Athlete,https://www.instagram.com/torri_huske/
dushmantha_05,instagram,Dushmantha Chameera,https://cdn.horizm.com/clubs/9055_6853ec18b92d2,109222,2,0.0266,2902,Athlete,https://www.instagram.com/dushmantha_05/
carlos_rodon55,instagram,Carlos Rodon,https://cdn.horizm.com/clubs/5838_650be187a2410,109144,2,0.0853,9312,Athlete,https://www.instagram.com/carlos_rodon55/
big.ticket73,instagram,Mekhi Becton,https://cdn.horizm.com/clubs/7115_6583e9f91e6bf,108760,1,0.0070,762,Athlete,https://www.instagram.com/big.ticket73
dunith_08,instagram,Dunith Wellalage,https://cdn.horizm.com/clubs/6279_653123989c01c,108526,1,0.0083,904,Athlete,https://www.instagram.com/dunith_08/
rosezhang,instagram,Rose Zhang,https://cdn.horizm.com/clubs/7047_658407742e145,108344,1,0.0168,1819,Athlete,https://www.instagram.com/rosezhang
yuseik18,instagram,Yusei Kikuchi,https://cdn.horizm.com/clubs/6172_650be4287df70,108218,11,0.0000,0,Athlete,https://www.instagram.com/yuseik18/
evan.longoria3,instagram,Evan Longoria,https://cdn.horizm.com/clubs/6829_6565b9326edff,108185,4,0.0237,2565,Athlete,https://www.instagram.com/evan.longoria3/
jessica_gadirova,instagram,Jessica Gadirova,https://cdn.horizm.com/clubs/3549_649207658f13d,108044,5,0.0413,4464,Athlete,https://www.instagram.com/jessica_gadirova/
akashmishra_4,instagram,Akash Mishra,https://cdn.horizm.com/clubs/7874_6638a6dbe3295,107641,12,0.0921,9919,Athlete,https://www.instagram.com/akashmishra_4/
shreyas41,instagram,Shreyas Iyer,https://cdn.horizm.com/clubs/2971_6491f7b673493,107499,4,0.0009,102,Athlete,https://www.instagram.com/shreyas41/
machetemaldonado,instagram,Martin Maldonado,https://cdn.horizm.com/clubs/6828_6565b92fb8292,107167,8,0.0799,8559,Athlete,https://www.instagram.com/machetemaldonado/
bryanbros,instagram,Bob Bryan,https://cdn.horizm.com/clubs/5067_64bab04e7cc6b,106921,3,0.0095,1015,Athlete,https://www.instagram.com/bryanbros
_lukas_568,instagram,Lukas,https://cdn.horizm.com/clubs/3672_64a277e81bc31,106583,8,8.3134,886072,Athlete,https://www.instagram.com/_lukas_568/
laura.rogora,instagram,Laura Rogora,,106246,3,0.0081,859,Athlete,https://www.instagram.com/laura.rogora/
__chriswooh__,instagram,Christopher Wooh,https://cdn.horizm.com/clubs/6379_653136bea7855,105399,1,0.0051,538,Athlete,https://www.instagram.com/__chriswooh__/
daniholgado96,instagram,Daniel Holgado,https://cdn.horizm.com/clubs/02626dfdac970baa157b9e613b0808a98dbbfc5c.jpg,105183,2,0.0123,1291,Athlete,https://www.instagram.com/daniholgado96/
michaelrinaldi21,instagram,Michael Ruben Rinaldi,https://cdn.horizm.com/clubs/2459_6491e9882803d,104793,1,0.0004,47,Athlete,https://www.instagram.com/michaelrinaldi21/
liamdelap,tiktok,Liam Delap,https://cdn.horizm.com/clubs/2784_6491f26d2b032,104758,1,0.0233,2438,Athlete,https://www.tiktok.com/@liamdelap
anwarali_04,instagram,Anwar Ali,https://cdn.horizm.com/clubs/7872_6638b232df5df,104620,1,0.0049,510,Athlete,https://www.instagram.com/anwarali_04/
alexscott,instagram,Alex Scott,https://cdn.horizm.com/clubs/4885_64baae74a3f20,104118,4,0.0513,5346,Athlete,https://www.instagram.com/alexscott
jesse.derry,instagram,Jesse Derry,,103744,3,0.1759,18246,Athlete,https://www.instagram.com/jesse.derry/
amrinder_01,instagram,Amrinder Singh,https://cdn.horizm.com/clubs/7890_6638b26e6d83a,103727,2,0.0068,702,Athlete,https://www.instagram.com/amrinder_01/
swincash,instagram,Swin Cash,https://cdn.horizm.com/clubs/4276_649bd8f1c1510,103468,17,0.2011,20808,Athlete,https://www.instagram.com/swincash/
thomaspietersgolf,instagram,Thomas Pieters,https://cdn.horizm.com/clubs/4971_64baaf4519005,103305,3,0.2541,26251,Athlete,https://www.instagram.com/thomaspietersgolf/
aaronnola_27,instagram,Aaron Nola,https://cdn.horizm.com/clubs/5866_650be1c1efd07,103044,1,0.0011,111,Athlete,https://www.instagram.com/aaronnola_27/
camara_mohamed6,instagram,Mohamed Camara,https://cdn.horizm.com/clubs/6353_653136b3e5bc4,102933,1,0.0026,263,Athlete,https://www.instagram.com/camara_mohamed6/
matzsels,instagram,Matz Sels,https://cdn.horizm.com/clubs/6408_653136d6cda5c,102606,7,0.1140,11693,Athlete,https://www.instagram.com/matzsels/
shamarjoseph7,instagram,Shamar Joseph,https://cdn.horizm.com/clubs/9065_686b9a089a86c,102138,1,0.0003,26,Athlete,https://www.instagram.com/shamarjoseph7/
lmuiruns,instagram,Laura Muir,https://cdn.horizm.com/clubs/3581_64920856207aa,102099,1,0.0034,349,Athlete,https://www.instagram.com/lmuiruns/
thiagocamilo21,instagram,Thiago Camilo,https://cdn.horizm.com/clubs/7972_6638b2bc8fd55,101820,1,0.0035,355,Athlete,https://www.instagram.com/thiagocamilo21/
ricardohorta21,instagram,Ricardo Horta,https://cdn.horizm.com/clubs/2360_6491e735d3647,101466,8,0.0709,7195,Athlete,https://www.instagram.com/ricardohorta21/
kerstin_casparij,instagram,Kerstin Casparij,,101053,5,0.0836,8452,Athlete,https://www.instagram.com/kerstin_casparij/
prattes_07,instagram,Henrique Prates,https://cdn.horizm.com/clubs/3671_64a277e648ec5,100980,5,0.0050,508,Athlete,https://www.instagram.com/prattes_07
freddiestewardd,instagram,Freddie Steward,https://cdn.horizm.com/clubs/acc0fd1c993c73a25b89fabeaaa4cc62afd76687.jpeg,100872,4,0.1304,13149,Athlete,https://www.instagram.com/freddiestewardd
eduardorjose,instagram,Eduardo Rodriguez,https://cdn.horizm.com/clubs/5914_650be21a17956,100814,1,0.0026,261,Athlete,https://www.instagram.com/eduardorjose/
angkrish10,instagram,Angkrish Raghuvanshi,https://cdn.horizm.com/clubs/8084_664dcff7acde5,100619,2,0.0218,2191,Athlete,https://www.instagram.com/angkrish10
alexrins_42,tiktok,Alex Rins,https://cdn.horizm.com/clubs/1826_6491d8dcb67b1,100564,2,0.0109,1098,Athlete,https://www.tiktok.com/@alexrins_42
christa.deguchi,instagram,Christa Deguchi,https://cdn.horizm.com/clubs/8644_66ec2fdfbd2fe,100312,6,0.0332,3329,Athlete,https://www.instagram.com/christa.deguchi/
mollie_ocal,instagram,Mollie O'Callaghan,https://cdn.horizm.com/clubs/8607_67c03e4746ad5,99993,1,0.0071,706,Athlete,https://www.instagram.com/mollie_ocal/
kevinschade_,instagram,Kevin Schade,https://cdn.horizm.com/clubs/6199_650be46640d15,99987,2,0.0637,6366,Athlete,https://www.instagram.com/kevinschade_
laura_wienroither,instagram,Laura Wienroither,,99756,1,0.0074,742,Athlete,https://www.instagram.com/laura_wienroither/
dalikenza,instagram,Kenza Dali,https://cdn.horizm.com/clubs/4254_649bd874386e4,99368,1,0.0020,203,Athlete,https://www.instagram.com/dalikenza/
akealhosein,instagram,Akeal Hosein,https://cdn.horizm.com/clubs/7691_65faecb4e64f3,99178,1,0.0055,549,Athlete,https://www.instagram.com/akealhosein/
wongi95,instagram,Isabelle Wong,https://cdn.horizm.com/clubs/2932_6491f69e7f38d,99067,1,0.0378,3741,Athlete,https://www.instagram.com/wongi95/
perezdvargas,instagram,Gonzalo Perez de Vargas,https://cdn.horizm.com/clubs/3598_649208de723eb,98884,4,0.0183,1810,Athlete,https://www.instagram.com/perezdvargas/
mertenselise,instagram,Elise Mertens,https://cdn.horizm.com/clubs/7309_65b0ad994e819,98757,26,0.3559,35143,Athlete,https://www.instagram.com/mertenselise
dunks_scott,instagram,Duncan Scott,https://cdn.horizm.com/clubs/3020_6491f926935f0,98623,3,0.0573,5654,Athlete,https://www.instagram.com/dunks_scott/
or26official,instagram,Oscar Romero,https://cdn.horizm.com/clubs/2838_64a2773cc979d,98437,1,0.0012,116,Athlete,https://www.instagram.com/or26official
lydiaalicee_,instagram,Lydia Jacoby,https://cdn.horizm.com/clubs/3538_64a277b7939e3,98082,2,0.0199,1953,Athlete,https://www.instagram.com/lydiaalicee_/
duanebrown76,instagram,Duane Brown,https://cdn.horizm.com/clubs/6591_65312c00111dc,97956,3,0.0310,3036,Athlete,https://www.instagram.com/duanebrown76/
michaelnorman22,instagram,Michael Norman,https://cdn.horizm.com/clubs/3565_649207dee52be,97886,1,0.0033,325,Athlete,https://www.instagram.com/michaelnorman22/
mooreii,instagram,Kenny Moore,https://cdn.horizm.com/clubs/6612_65312cc125f02,97468,2,0.0584,5693,Athlete,https://www.instagram.com/mooreii/
toups_33,instagram,Alex Toupane,https://cdn.horizm.com/clubs/3862_64920e3de171d,97462,1,0.0048,467,Athlete,https://www.instagram.com/toups_33/
loaisiga_43,instagram,Jonathan Loaisiga,https://cdn.horizm.com/clubs/7259_65b0ac00dc5cc,97132,1,0.0346,3358,Athlete,https://www.instagram.com/loaisiga_43/
biancaandreescu,tiktok,Bianca Andreescu,https://cdn.horizm.com/clubs/4151_649bd5a21f54f,96979,2,0.0071,691,Athlete,https://www.tiktok.com/@biancaandreescu
keishaballa,instagram,Kadeisha Buchanan,https://cdn.horizm.com/clubs/8954_67ffb96486432,96821,2,0.0532,5150,Athlete,https://www.instagram.com/keishaballa
bhavanideviofficial,instagram,Bhavani Devi,https://cdn.horizm.com/clubs/3046_6491f9e8d2015,96660,11,0.0075,721,Athlete,https://www.instagram.com/bhavanideviofficial/
arjun_erigaisi,instagram,Arjun Erigaisi,https://cdn.horizm.com/clubs/5892_650be1fb22a5d,96203,1,0.0018,175,Athlete,https://www.instagram.com/arjun_erigaisi/
alexander_zverev97,tiktok,Alexander Zverev,https://cdn.horizm.com/clubs/1296_6491cbd375d14,96163,1,0.0020,188,Athlete,https://www.tiktok.com/@alexander_zverev97
evenepoel.remco,tiktok,Remco Evenepoel,https://cdn.horizm.com/clubs/5158_64d61122dbf6b,96013,1,0.0027,257,Athlete,https://www.tiktok.com/@evenepoel.remco
toneill9,instagram,Tyler O'Neill,https://cdn.horizm.com/clubs/6534_6531371b315b9,95941,1,0.0178,1703,Athlete,https://www.instagram.com/toneill9/
dewannabonner,instagram,DeWanna Bonner,https://cdn.horizm.com/clubs/7966_6638a912ea462,95677,1,0.0278,2660,Athlete,https://www.instagram.com/dewannabonner/
maitecaceress,instagram,Maite Caceres,https://cdn.horizm.com/clubs/2507_6491ead285e0f,95425,10,0.0266,2538,Athlete,https://www.instagram.com/maitecaceress/
athomas_25,instagram,Alyssa Thomas,https://cdn.horizm.com/clubs/7957_6638a8d1e69d5,95348,5,0.1054,10054,Athlete,https://www.instagram.com/athomas_25/
romane_dicko,instagram,Romane Dicko,https://cdn.horizm.com/clubs/3061_6491fa3ccfeb2,95033,7,0.1399,13291,Athlete,https://www.instagram.com/romane_dicko/
vkaith,instagram,Vishal Kaith,https://cdn.horizm.com/clubs/7892_6638b2729225f,95021,4,0.0401,3809,Athlete,https://www.instagram.com/vkaith/
shanemwilliams,instagram,Shane Williams,https://cdn.horizm.com/clubs/4229_649bd7b9dcb96,94625,16,0.1018,9631,Athlete,https://www.instagram.com/shanemwilliams/
nathalieebjorn,instagram,Nathalie Bjorn,https://cdn.horizm.com/clubs/8961_686b9308274f6,94429,1,0.0186,1759,Athlete,https://www.instagram.com/nathalieebjorn
robert_finke,instagram,Bobby Finke,https://cdn.horizm.com/clubs/3546_64920754afe36,94169,2,0.0297,2800,Athlete,https://www.instagram.com/robert_finke/
corbinbosch14,instagram,Corbin Bosch,https://cdn.horizm.com/clubs/9072_6853ec5c72112,94099,3,0.0357,3362,Athlete,https://www.instagram.com/corbinbosch14/
domiaegerter77,instagram,Dominique Aegerter,https://cdn.horizm.com/clubs/2436_6491e90f63e44,93766,35,0.1592,14926,Athlete,https://www.instagram.com/domiaegerter77/
breannastewart30,tiktok,Breanna Stewart,https://cdn.horizm.com/clubs/3895_64920f537c888,93365,2,0.0438,4092,Athlete,https://www.tiktok.com/@breannastewart30
ashantiga,instagram,Ashanti Akpan,https://cdn.horizm.com/clubs/8959_67ffb97af3b0e,93323,2,0.0554,5173,Athlete,https://www.instagram.com/ashantiga
bobendsneyder,instagram,Bo Bendsneyder,https://cdn.horizm.com/clubs/3322_6492014371348,93189,1,0.0054,504,Athlete,https://www.instagram.com/bobendsneyder/
daniel.wiffen,instagram,Daniel Wiffen,https://cdn.horizm.com/clubs/8563_66ec2ecebd93b,93164,9,0.0165,1541,Athlete,https://www.instagram.com/daniel.wiffen/
omarikellyman,instagram,Omari Kellyman,https://cdn.horizm.com/clubs/8908_67ffb7f6d9e84,93139,1,0.0091,849,Athlete,https://www.instagram.com/omarikellyman
mane_2448,instagram,Mane 2448,https://cdn.horizm.com/clubs/7984_6638b2db5eb05,93063,11,0.0536,4992,Athlete,https://www.instagram.com/mane_2448/
shaunmurphy147,instagram,Shaun Murphy,https://cdn.horizm.com/clubs/5940_650be249c7691,92625,10,0.2797,25910,Athlete,https://www.instagram.com/shaunmurphy147/
danielcarlson38,instagram,Daniel Carlson,https://cdn.horizm.com/clubs/7109_6583e990ccdf9,92573,1,0.7593,70291,Athlete,https://www.instagram.com/danielcarlson38/
luciadelapola17,instagram,Lucia Garcia,https://cdn.horizm.com/clubs/4251_649bd85a7dd93,92547,2,0.0124,1150,Athlete,https://www.instagram.com/luciadelapola17/
jjspaun,instagram,J.J. Spaun,https://cdn.horizm.com/clubs/5125_64d6102a2091d,92441,2,0.0440,4067,Athlete,https://www.instagram.com/jjspaun
morales19jose,instagram,José Luis Morales,https://cdn.horizm.com/clubs/7323_65b0b9a6a7656,92152,4,0.2369,21828,Athlete,https://www.instagram.com/morales19jose
kirstyhanson3,instagram,Kirsty Hanson,https://cdn.horizm.com/clubs/4252_649bd8632d5d6,91890,4,0.0245,2249,Athlete,https://www.instagram.com/kirstyhanson3/
royanukul,instagram,Anukul Roy,https://cdn.horizm.com/clubs/9039_6853ebd54b6b2,91835,1,0.0971,8920,Athlete,https://www.instagram.com/royanukul/
m4ttrichards,instagram,Matthew Richards,https://cdn.horizm.com/clubs/8540_66ec2e956fcf2,91717,1,0.0005,50,Athlete,https://www.instagram.com/m4ttrichards/
giorgioscalvinii,instagram,Giorgio Scalvini,https://cdn.horizm.com/clubs/4930_64baaee119431,91629,4,0.0509,4668,Athlete,https://www.instagram.com/giorgioscalvinii/
raydinc,tiktok,Rachel Dincoff,https://cdn.horizm.com/clubs/3554_649207891b9a4,91527,11,0.0770,7048,Athlete,https://www.tiktok.com/@raydinc
10maro10,instagram,Dzsenifer Marozsán,https://cdn.horizm.com/clubs/9b4a8ea3259aa1f1d07ad03d01958649ffa635e5.jpg,91301,8,0.0197,1803,Athlete,https://www.instagram.com/10maro10/
plopezserra,instagram,Pablo Lopez,https://cdn.horizm.com/clubs/6516_65312a05d80e7,91141,1,0.0534,4863,Athlete,https://www.instagram.com/plopezserra/
ariannacaruso__,instagram,Arianna Caruso,https://cdn.horizm.com/clubs/5153_64f6e84632035,91075,2,0.0992,9034,Athlete,https://www.instagram.com/ariannacaruso__/
fpd04____,instagram,Freddy Peralta,https://cdn.horizm.com/clubs/6843_6565b94727f22,90934,3,0.1995,18139,Athlete,https://www.instagram.com/fpd04____/
jp_crawford,instagram,J.P. Crawford,https://cdn.horizm.com/clubs/6167_650be41bb6b1f,90888,2,0.0488,4431,Athlete,https://www.instagram.com/jp_crawford/
babsizangerl,instagram,Babsi Zangerl,,90800,4,0.0128,1166,Athlete,https://www.instagram.com/babsizangerl
lccoombs,instagram,Laura Coombs,,90761,1,0.0059,535,Athlete,https://www.instagram.com/lccoombs/
sherfane.r,instagram,Sherfane Rutherford,https://cdn.horizm.com/clubs/7697_65faecc27dd83,90745,3,0.0106,965,Athlete,https://www.instagram.com/sherfane.r/
timk_34,instagram,Tim Kleindienst,https://cdn.horizm.com/clubs/7331_65b0b9b1324c6,90744,1,0.0116,1057,Athlete,https://www.instagram.com/timk_34
_tavv,instagram,Marcus Tavernier,https://cdn.horizm.com/clubs/7360_65b0aee3d63c7,90617,1,0.0217,1963,Athlete,https://www.instagram.com/_tavv
kgatlanathe1st,instagram,Thembi Kgatlana,https://cdn.horizm.com/clubs/5145_64f6e83475d1e,90592,3,0.0082,740,Athlete,https://www.instagram.com/kgatlanathe1st/
wangxinyu926,instagram,Xinyu Wang,https://cdn.horizm.com/clubs/8358_67c081eba2750,90585,4,0.1357,12292,Athlete,https://www.instagram.com/wangxinyu926/
wheelerpro45,instagram,Zack Wheeler,https://cdn.horizm.com/clubs/5833_650be17636ae2,90248,1,0.0163,1470,Athlete,https://www.instagram.com/wheelerpro45
k_m_mitchell,instagram,Keith Mitchell,https://cdn.horizm.com/clubs/5104_64d60fb52ef4b,89937,2,0.0688,6189,Athlete,https://www.instagram.com/k_m_mitchell/
deatrich,instagram,Deatrich Wise,https://cdn.horizm.com/clubs/7097_6583e8f0444d5,89903,1,0.0036,322,Athlete,https://www.instagram.com/deatrich
nevinharrison,instagram,Nevin Harrison,https://cdn.horizm.com/clubs/3047_6491f9f112f07,89785,5,0.0545,4892,Athlete,https://www.instagram.com/nevinharrison/
miafishel10,instagram,Mia Fishel,https://cdn.horizm.com/clubs/8957_67ffb96fdb19b,89762,2,0.0034,309,Athlete,https://www.instagram.com/miafishel10
raydinc,instagram,Rachel Dincoff,https://cdn.horizm.com/clubs/3554_649207891b9a4,89609,15,0.1091,9772,Athlete,https://www.instagram.com/raydinc/
gbolles72,instagram,Garett Bolles,https://cdn.horizm.com/clubs/6111_650c05f029fb7,89543,17,1.3707,122740,Athlete,https://www.instagram.com/gbolles72/
djread,instagram,D.J. Reader,https://cdn.horizm.com/clubs/6133_650be3d410b7a,89415,2,0.1959,17512,Athlete,https://www.instagram.com/djread
lorenzodallaporta48,instagram,Lorenzo Dalla Porta,https://cdn.horizm.com/clubs/3321_6492013ad8f62,89208,12,0.0481,4288,Athlete,https://www.instagram.com/lorenzodallaporta48/
apuia_ralte13,instagram,Apuia,https://cdn.horizm.com/clubs/7882_6638b2621f197,89134,1,0.0089,793,Athlete,https://www.instagram.com/apuia_ralte13/
arthurtheate,instagram,Arthur Theate,https://cdn.horizm.com/clubs/6378_6531261797114,88367,2,0.0032,283,Athlete,https://www.instagram.com/arthurtheate/
stephcatley7,tiktok,Steph Catley,https://cdn.horizm.com/clubs/5156_64d6110ee2c55,87974,1,0.0081,712,Athlete,https://www.tiktok.com/@stephcatley7
nachomiramon_,instagram,Ignacio Miramón,https://cdn.horizm.com/clubs/873b3c1a4e33eba78ee7dd96eaa9fec809642ee0.jpg,87899,2,0.0287,2527,Athlete,https://www.instagram.com/nachomiramon_/
andredomingosoficial,instagram,Andre Domingos da Silva,,87665,13,0.0119,1039,Athlete,https://www.instagram.com/andredomingosoficial
_hotantai_1997,instagram,Tan Tai HO,https://cdn.horizm.com/clubs/3802_64a2783208576,87403,2,0.0227,1987,Athlete,https://www.instagram.com/_hotantai_1997/
the_bigbaby74,instagram,Eloy Jimenez,https://cdn.horizm.com/clubs/6179_650be438073ec,87342,7,0.1574,13744,Athlete,https://www.instagram.com/the_bigbaby74/
chari__72,instagram,Charith Asalanka,https://cdn.horizm.com/clubs/6275_653136697b5d1,86773,1,0.0076,660,Athlete,https://www.instagram.com/chari__72/
jilljroord,tiktok,Jill Roord,https://cdn.horizm.com/clubs/5144_64d610b870e96,86275,1,0.0116,1000,Athlete,https://www.tiktok.com/@jilljroord
whitmerrifield,instagram,Whit Merrifield,https://cdn.horizm.com/clubs/6482_6531290b67b1d,86244,2,0.1170,10088,Athlete,https://www.instagram.com/whitmerrifield/
rich_holmes22,instagram,Richuan Holmes,https://cdn.horizm.com/clubs/7931_6638a816c0867,83858,2,0.1243,10426,Athlete,https://www.instagram.com/rich_holmes22/
mcinneswatson,instagram,Matt McInnes Watson,https://cdn.horizm.com/clubs/3678_64920a0e541f5,83847,24,0.1374,11523,Athlete,https://www.instagram.com/mcinneswatson
shinnosuke_1031,instagram,Shinnosuke Oka,https://cdn.horizm.com/clubs/8538_67c082843adf3,83825,2,0.0224,1879,Athlete,https://www.instagram.com/shinnosuke_1031/
tskywalk44,instagram,Taijuan Walker,https://cdn.horizm.com/clubs/5856_650be1b12ba10,83371,5,0.3356,27982,Athlete,https://www.instagram.com/tskywalk44/
joerobertsracer,instagram,Joe Roberts,https://cdn.horizm.com/clubs/3313_649200f5c8f20,83344,3,0.0987,8227,Athlete,https://www.instagram.com/joerobertsracer/
tylerdcalisthenics,tiktok,Tyler Desami,https://cdn.horizm.com/clubs/b24938aa999b0ba0f81c32afab33a39b7d13542f.jpg,83341,11,0.0019,155,Athlete,https://www.tiktok.com/@tylerdcalisthenics
leetothekiefer,instagram,Lee Kiefer,https://cdn.horizm.com/clubs/8619_66ec2f74708cf,82758,3,0.0143,1183,Athlete,https://www.instagram.com/leetothekiefer/
sam.hauser_,instagram,Sam Hauser,https://cdn.horizm.com/clubs/2487_6491ea3c7a457,82651,2,0.2873,23749,Athlete,https://www.instagram.com/sam.hauser_/
shabnim_ismail,instagram,Shabnim Ismail,https://cdn.horizm.com/clubs/2941_64a277491b417,82624,12,0.2530,20908,Athlete,https://www.instagram.com/shabnim_ismail/
mohamedbayo27,instagram,Mohamed Bayo,https://cdn.horizm.com/clubs/7346_65b0ae76f213d,82417,1,0.0075,622,Athlete,https://www.instagram.com/mohamedbayo27
sandy.baltimore,instagram,Sandy Baltimore,https://cdn.horizm.com/clubs/8922_686b930367a6b,82274,3,0.0070,576,Athlete,https://www.instagram.com/sandy.baltimore
rgrich15,instagram,Randal Grichuk,https://cdn.horizm.com/clubs/6183_650be4437ff1b,82021,1,0.0046,375,Athlete,https://www.instagram.com/rgrich15/
danielpintado1,instagram,Daniel Brian Pintado,https://cdn.horizm.com/clubs/8553_66ec2eb8bb826,81741,5,0.0060,494,Athlete,https://www.instagram.com/danielpintado1/
bryanhabanaofficial,tiktok,Bryan Habana,https://cdn.horizm.com/clubs/4214_649bd76d3d866,81634,1,0.2133,17411,Athlete,https://www.tiktok.com/@bryanhabanaofficial
danevanniekerk,instagram,Dane van Niekerk,https://cdn.horizm.com/clubs/2934_6491f6af869c7,81357,2,0.0099,805,Athlete,https://www.instagram.com/danevanniekerk/
shirineboukli,tiktok,Shirine Boukli,https://cdn.horizm.com/clubs/8628_66ec2f897d918,80887,22,0.0220,1783,Athlete,https://www.tiktok.com/@shirineboukli
melissaleneve,instagram,Melissa Le Nevé,,80727,4,0.0142,1148,Athlete,https://www.instagram.com/melissaleneve/
filip.jorgensen1,tiktok,Filip Jorgensen,https://cdn.horizm.com/clubs/8901_67ffbd09dc5e9,80323,2,0.0629,5055,Athlete,https://www.tiktok.com/@filip.jorgensen1
elinasvitolina,tiktok,Elina Svitolina,https://cdn.horizm.com/clubs/5061_64bab03887ef4,80110,1,0.0341,2734,Athlete,https://www.tiktok.com/@elinasvitolina
haykfreestyle,instagram,Hayk Aghaqaryan,https://cdn.horizm.com/clubs/d5659668776a399c11b89ed245ae3adefdbcbac0.jpg,79835,15,0.4527,36144,Athlete,https://www.instagram.com/haykfreestyle
beatrizferreira60kg,tiktok,Beatriz Ferreira,https://cdn.horizm.com/clubs/3381_649202c9d86ed,79809,1,0.0002,17,Athlete,https://www.tiktok.com/@beatrizferreira60kg
sadeera.samarawickrama23,instagram,Sadeera Samarawickrama,https://cdn.horizm.com/clubs/6277_6531366ccac79,79797,3,0.0111,882,Athlete,https://www.instagram.com/sadeera.samarawickrama23/
vikrampartap_singh_,instagram,Vikram Pratap Singh,https://cdn.horizm.com/clubs/7887_6638b2680ba0f,79782,9,0.0478,3816,Athlete,https://www.instagram.com/vikrampartap_singh_/
yung.ch0,instagram,Herb Jones,https://cdn.horizm.com/clubs/7929_6638a80659c72,79136,1,0.0122,966,Athlete,https://www.instagram.com/yung.ch0
cjfuehrich,instagram,Chris Führich,https://cdn.horizm.com/clubs/7339_65b0b9bddf9cb,79104,5,0.1443,11418,Athlete,https://www.instagram.com/cjfuehrich
mikesoroka_,instagram,Michael Soroka,https://cdn.horizm.com/clubs/7065_6583e7ef0952b,78797,1,0.0180,1417,Athlete,https://www.instagram.com/mikesoroka_/
mike.penders,instagram,Mike Penders,https://cdn.horizm.com/clubs/8907_686b939ed2a04,78725,4,0.0072,570,Athlete,https://www.instagram.com/mike.penders
a.j.minter,instagram,A.J. Minter,https://cdn.horizm.com/clubs/6814_6565b914ea760,77909,3,0.0958,7461,Athlete,https://www.instagram.com/a.j.minter/
rory_skinner_33,instagram,Rory Skinner,https://cdn.horizm.com/clubs/3306_649200bb8e5dc,77706,4,0.6295,48914,Athlete,https://www.instagram.com/rory_skinner_33/
buchardamandine_52,instagram,Amandine Buchard,https://cdn.horizm.com/clubs/3057_6491fa22a00d7,77661,3,0.0532,4130,Athlete,https://www.instagram.com/buchardamandine_52/
dang_qiu,instagram,Dang Qiu,https://cdn.horizm.com/clubs/ea7c33f16629acfe990bff5522f81a79d1f94d49.jpg,77643,10,0.6520,50623,Athlete,https://www.instagram.com/dang_qiu/
isiahkf,instagram,Isiah Kiner-Falefa,https://cdn.horizm.com/clubs/6506_653129a7e1517,77614,1,0.0338,2624,Athlete,https://www.instagram.com/isiahkf/
shim.mheuka,instagram,Shumaira Mheuka,https://cdn.horizm.com/clubs/8910_686b94017e36d,77522,5,0.1996,15471,Athlete,https://www.instagram.com/shim.mheuka/
seanbailey,instagram,Sean Bailey,,77445,2,0.0449,3481,Athlete,https://www.instagram.com/seanbailey
bigleaguefoodie,instagram,Mark Canha,https://cdn.horizm.com/clubs/6158_650c066a25163,77178,3,0.0096,738,Athlete,https://www.instagram.com/bigleaguefoodie/
regansmith40,tiktok,Regan Smith,https://cdn.horizm.com/clubs/8608_67c03e47eb5a1,76584,3,0.0171,1308,Athlete,https://www.tiktok.com/@regansmith40
quentin_merlin34,instagram,Quentin Merlin,https://cdn.horizm.com/clubs/6404_653136d47ffe9,76357,5,0.2623,20025,Athlete,https://www.instagram.com/quentin_merlin34/
kieranreillybmx,tiktok,Kieran Darren David Reilly,https://cdn.horizm.com/clubs/8585_67c03e44f22aa,76030,3,0.0040,302,Athlete,https://www.tiktok.com/@kieranreillybmx
jl_struff,instagram,Jan-Lennard Struff,https://cdn.horizm.com/clubs/7291_65b0ad06d1589,75440,2,0.0287,2162,Athlete,https://www.instagram.com/jl_struff/
ayumusasaki_71,instagram,Ayumu Sasaki,https://cdn.horizm.com/clubs/3354_64920216e0318,75328,4,0.0148,1116,Athlete,https://www.instagram.com/ayumusasaki_71/
mccannon33,instagram,James McCann,https://cdn.horizm.com/clubs/5928_650be231947b6,75252,4,0.0489,3683,Athlete,https://www.instagram.com/mccannon33/
harrisonphillips99,instagram,Harrison Phillips,https://cdn.horizm.com/clubs/6655_65312e2761d64,75075,3,0.0693,5205,Athlete,https://www.instagram.com/harrisonphillips99/
abdul.samed_19,instagram,Abdul Samed,https://cdn.horizm.com/clubs/6333_653124ce70135,75072,1,0.0121,911,Athlete,https://www.instagram.com/abdul.samed_19/
kyrenwilson147,instagram,Kyren Wilson,https://cdn.horizm.com/clubs/5941_650be24d6ac64,74991,11,0.8084,60619,Athlete,https://www.instagram.com/kyrenwilson147/
allisonvest,instagram,Allison Vest,,74958,3,0.0703,5270,Athlete,https://www.instagram.com/allisonvest/
zharnel_hughes,instagram,Zharnel Hughes,https://cdn.horizm.com/clubs/3558_649207ab07805,74805,1,0.0009,68,Athlete,https://www.instagram.com/zharnel_hughes/
siwookim_official,instagram,Si Woo Kim,https://cdn.horizm.com/clubs/5084_64f6e8025b2a8,74285,3,0.0552,4101,Athlete,https://www.instagram.com/siwookim_official/
loganwebb16,instagram,Logan Webb,https://cdn.horizm.com/clubs/6540_65312abb580ca,74225,2,0.1146,8508,Athlete,https://www.instagram.com/loganwebb16/
mikeanthony,instagram,Mike Clevinger,https://cdn.horizm.com/clubs/6455_6531285806b8d,74084,1,0.0024,175,Athlete,https://www.instagram.com/mikeanthony/
zhang__yufei,instagram,Yufei Zhang,https://cdn.horizm.com/clubs/8605_66ec2f4833f27,73732,1,0.0070,518,Athlete,https://www.instagram.com/zhang__yufei/
de_lie_arnaud,instagram,Arnaud De Lie,https://cdn.horizm.com/clubs/5171_64f6e84c26135,73525,2,0.0130,956,Athlete,https://www.instagram.com/de_lie_arnaud/
hugoadnan,instagram,Hugo Boumous,https://cdn.horizm.com/clubs/7897_6638a77432175,73458,5,0.1118,8215,Athlete,https://www.instagram.com/hugoadnan/
coco_y_0922,instagram,Coco Yoshizawa,https://cdn.horizm.com/clubs/8667_67c08325b4ffe,73455,1,0.0051,375,Athlete,https://www.instagram.com/coco_y_0922/
natashahoward_6,instagram,Natasha Howard,https://cdn.horizm.com/clubs/7956_6638b2b540bbe,73102,9,0.0303,2212,Athlete,https://www.instagram.com/natashahoward_6/
jadelgregorio,instagram,Jadel Gregório,,73082,7,0.0043,316,Athlete,https://www.instagram.com/jadelgregorio/
vietanh111999,instagram,Hoang Viet Anh BUI,https://cdn.horizm.com/clubs/3803_64a27834280f0,73018,1,0.0083,608,Athlete,https://www.instagram.com/vietanh111999/
ivanortola48,instagram,Ivan Ortola,https://cdn.horizm.com/clubs/3357_6492021f4e09b,72838,8,0.2636,19200,Athlete,https://www.instagram.com/ivanortola48/
cmchugh,instagram,Collin McHugh,https://cdn.horizm.com/clubs/6533_65312a92f16f1,72683,1,0.0015,108,Athlete,https://www.instagram.com/cmchugh/
gembon23,instagram,Gemma Bonner,https://cdn.horizm.com/clubs/4262_649bd89d11065,72211,4,0.0170,1227,Athlete,https://www.instagram.com/gembon23/
sebastianbaez1,instagram,Sebastian Baez,https://cdn.horizm.com/clubs/7294_65b0b98d7fdb0,72156,5,0.0500,3608,Athlete,https://www.instagram.com/sebastianbaez1/
jakeswightman,instagram,Jake Wightman,https://cdn.horizm.com/clubs/3580_6492084d61b21,72003,4,0.0701,5049,Athlete,https://www.instagram.com/jakeswightman/
rmydescamps,instagram,Rémy Descamps,https://cdn.horizm.com/clubs/6397_6531269991afa,71748,6,0.0599,4300,Athlete,https://www.instagram.com/rmydescamps/
igorjulio98,instagram,Igor Julio,https://cdn.horizm.com/clubs/7076_65840793453e0,71742,2,0.0558,4000,Athlete,https://www.instagram.com/igorjulio98/
paulabadosa,tiktok,Paula Badosa,https://cdn.horizm.com/clubs/1310_6491cc4faebef,71505,3,0.1719,12291,Athlete,https://www.tiktok.com/@paulabadosa
bethanyshriever,instagram,Bethany Shriever,https://cdn.horizm.com/clubs/3042_6491f9c74725c,71505,3,0.0229,1640,Athlete,https://www.instagram.com/bethanyshriever/
levonaronian,instagram,Levon Aronian,https://cdn.horizm.com/clubs/5904_650be20a6fc0f,71289,3,0.0777,5536,Athlete,https://www.instagram.com/levonaronian/
jemmareekie,instagram,Jemma Reekie,https://cdn.horizm.com/clubs/3589_6492089a3fc53,70982,1,0.0097,689,Athlete,https://www.instagram.com/jemmareekie/
rafamir33,tiktok,Rafa Mir,https://cdn.horizm.com/clubs/2779_6491f25c13f35,70809,1,0.0152,1074,Athlete,https://www.tiktok.com/@rafamir33
jose_quintana24,instagram,Jose Quintana,https://cdn.horizm.com/clubs/5919_650be225d00ee,70502,4,0.0162,1142,Athlete,https://www.instagram.com/jose_quintana24/
cedric_mullins,instagram,Cedric Mullins,https://cdn.horizm.com/clubs/6823_6565a9621b435,70314,1,0.0043,300,Athlete,https://www.instagram.com/cedric_mullins/
barbara_bonansea11,tiktok,Barbara Bonansea,https://cdn.horizm.com/clubs/4233_649bd7db78eef,70110,1,0.0025,175,Athlete,https://www.tiktok.com/@barbara_bonansea11
juniorkroupi22,instagram,Eli Junior Kroupi,https://cdn.horizm.com/clubs/7344_65b0ae6155087,70024,10,0.7333,51350,Athlete,https://www.instagram.com/juniorkroupi22/
mariadelimaflavia,instagram,Flavia Maria de Lima,https://cdn.horizm.com/clubs/8256_666bfdb4569df,69546,3,0.0136,946,Athlete,https://www.instagram.com/mariadelimaflavia/
joshinglis95,instagram,Josh Inglis,https://cdn.horizm.com/clubs/6240_6531227159adf,68917,1,0.0149,1028,Athlete,https://www.instagram.com/joshinglis95/
nuengchnr,instagram,Channarong PROMSRIKAEW,https://cdn.horizm.com/clubs/3805_64a2784203a5b,68464,1,0.0053,361,Athlete,https://www.instagram.com/nuengchnr/
jaypeeezyy,instagram,Jachour Pearson,https://cdn.horizm.com/clubs/8805_6746e9a7587f3,68324,1,0.0000,0,Athlete,https://www.instagram.com/jaypeeezyy/
oksanamasters,instagram,Oksana Masters,https://cdn.horizm.com/clubs/4150_649bd59a0a7ac,67922,12,0.1341,9110,Athlete,https://www.instagram.com/oksanamasters
thorbjornolesen,instagram,Thorbjørn Olesen,https://cdn.horizm.com/clubs/7483_65dde34fde345,67487,3,0.0105,707,Athlete,https://www.instagram.com/thorbjornolesen/
ash_smash33,instagram,Ashley Hatch,https://cdn.horizm.com/clubs/4163_649bd60719455,67293,18,0.2530,17026,Athlete,https://www.instagram.com/ash_smash33/
hoopersbetaofficial,instagram,Hooper's Beta,,67095,1,0.0017,112,Athlete,https://www.instagram.com/hoopersbetaofficial
benmee6,instagram,Ben Mee,https://cdn.horizm.com/clubs/4286_649bd934c6755,66936,5,0.0636,4258,Athlete,https://www.instagram.com/benmee6/
fernandes_brandon10,instagram,Brandon Fernandes,https://cdn.horizm.com/clubs/7884_6638b2668a5c9,66925,6,0.0234,1567,Athlete,https://www.instagram.com/fernandes_brandon10/
bynoegittens,tiktok,Jamie Gittens,,66898,1,0.0080,532,Athlete,https://www.tiktok.com/@bynoegittens
redturn2,tiktok,Justin Turner,https://cdn.horizm.com/clubs/6444_6531281616f32,66869,4,0.1924,12865,Athlete,https://www.tiktok.com/@redturn2
andrea.colpani,instagram,Andrea Colpani,https://cdn.horizm.com/clubs/7140_658407d0df12f,66713,2,0.0068,451,Athlete,https://www.instagram.com/andrea.colpani
harrisonreed,instagram,Harrison Reed,https://cdn.horizm.com/clubs/4313_649bd9d75b4f5,66548,2,1.5248,101473,Athlete,https://www.instagram.com/harrisonreed/
a.truffert,instagram,Adrien Truffert,https://cdn.horizm.com/clubs/2789_64a277301b0bb,66477,1,0.0066,442,Athlete,https://www.instagram.com/a.truffert/
chazworther,instagram,Charlotte Worthington,https://cdn.horizm.com/clubs/3041_6491f9bef07e6,66357,6,0.0300,1993,Athlete,https://www.instagram.com/chazworther/
cindyofili,instagram,Cindy Sember,https://cdn.horizm.com/clubs/3590_649208a316bea,66144,24,0.0979,6476,Athlete,https://www.instagram.com/cindyofili/
jacklisowski,instagram,Jack Lisowski,https://cdn.horizm.com/clubs/5945_650be24fce46c,66125,1,0.0330,2184,Athlete,https://www.instagram.com/jacklisowski/
konnormcclain_,instagram,Konnor Mcclain,https://cdn.horizm.com/clubs/5365e5798b3b2418be65d4a21d98968aff9b799e.jpeg,65980,7,1.7662,116537,Athlete,https://www.instagram.com/konnormcclain_/
chauxdown,instagram,Davon Godchaux,https://cdn.horizm.com/clubs/6633_65312d6294605,65972,3,0.0572,3772,Athlete,https://www.instagram.com/chauxdown/
tolkinlol,instagram,Tolkin,https://cdn.horizm.com/clubs/7036_6583e63332983,65905,8,0.7449,49091,Athlete,https://www.instagram.com/tolkinlol/
sscofff,instagram,Sam Coffey,,65845,7,0.2494,16420,Athlete,https://www.instagram.com/sscofff/
prattes07,tiktok,Henrique Prates,https://cdn.horizm.com/clubs/3671_64a277e648ec5,65713,3,0.0004,28,Athlete,https://www.tiktok.com/@prattes07
sanshiro.murao,instagram,Sanshiro Murao,https://cdn.horizm.com/clubs/8596_67c082d2c6764,65617,4,0.0693,4545,Athlete,https://www.instagram.com/sanshiro.murao/
tomdean00,instagram,Tom Dean,https://cdn.horizm.com/clubs/3019_6491f91deb0ea,65478,3,0.1414,9261,Athlete,https://www.instagram.com/tomdean00/
marcleish,instagram,Marc Leishman,https://cdn.horizm.com/clubs/4961_64baaf2ccd9a0,65203,2,0.2212,14425,Athlete,https://www.instagram.com/marcleish/
yungcalisthenics,tiktok,Yung Calisthenics,https://cdn.horizm.com/clubs/3691_64a27808901f5,64857,17,0.0045,290,Athlete,https://www.tiktok.com/@yungcalisthenics
scottstallings,instagram,Scott Stallings,https://cdn.horizm.com/clubs/5130_64d6105005c51,64666,2,0.0134,867,Athlete,https://www.instagram.com/scottstallings/
chiki_lf27,instagram,Ludovic Fabregas,https://cdn.horizm.com/clubs/3631_649209a80672a,64509,4,0.0359,2319,Athlete,https://www.instagram.com/chiki_lf27/
aranzaosorou,instagram,Aranzazu Osoro,https://cdn.horizm.com/clubs/3892_64920f3abc12b,64362,3,0.0239,1539,Athlete,https://www.instagram.com/aranzaosorou
thomascairney10,instagram,Tom Cairney,https://cdn.horizm.com/clubs/4304_649bd99229dfa,64219,5,0.3896,25017,Athlete,https://www.instagram.com/thomascairney10/
budimir__ante,instagram,Ante Budimir,https://cdn.horizm.com/clubs/7311_65b0b99e8a61e,63889,4,0.0783,5002,Athlete,https://www.instagram.com/budimir__ante/
ajmccarron,instagram,A.J. McCarron,https://cdn.horizm.com/clubs/8801_6746e98caf87f,63842,22,0.0000,0,Athlete,https://www.instagram.com/ajmccarron/
ismaily_31,instagram,Ismaily,https://cdn.horizm.com/clubs/6392_653136caba1e0,63829,2,0.0092,586,Athlete,https://www.instagram.com/ismaily_31/
kylemayers_71,instagram,Kyle Mayers,https://cdn.horizm.com/clubs/b1ea7af191ac9e813279c06c72e5248805203cf0.jpg,63654,3,0.0179,1142,Athlete,https://www.instagram.com/kylemayers_71/
locatelliandrea55,instagram,Andrea Locatelli,https://cdn.horizm.com/clubs/d3f0ab339b4e7873dbeeca1408c255aa6ab4dea3.jpg,63644,14,0.2061,13116,Athlete,https://www.instagram.com/locatelliandrea55
vrobles16,instagram,Victor Robles,https://cdn.horizm.com/clubs/7252_65b0b95a812d0,63576,1,0.0111,708,Athlete,https://www.instagram.com/vrobles16/
mducksch,instagram,Marvin Ducksch,https://cdn.horizm.com/clubs/7328_65b0b9acd55ab,63294,4,0.1175,7438,Athlete,https://www.instagram.com/mducksch
anieknouwen,instagram,Aniek Nouwen,https://cdn.horizm.com/clubs/8948_67ffb92d09ad8,63221,1,0.0112,711,Athlete,https://www.instagram.com/anieknouwen/
tallongrieki,instagram,Tallon Griekspoor,https://cdn.horizm.com/clubs/7290_65b0acfbb8863,63082,1,0.0279,1760,Athlete,https://www.instagram.com/tallongrieki/
kevingausman34,instagram,Kevin Gausman,https://cdn.horizm.com/clubs/5843_650be192c3d55,62970,1,0.3072,19344,Athlete,https://www.instagram.com/kevingausman34/
mikecbryan,instagram,Mike Bryan,https://cdn.horizm.com/clubs/5066_64bab04b76d98,62918,3,0.0166,1044,Athlete,https://www.instagram.com/mikecbryan/
emanogbah,instagram,Emmanuel Ogbah,https://cdn.horizm.com/clubs/6100_650be394dd392,62848,1,0.0097,607,Athlete,https://www.instagram.com/emanogbah/
rueda.jr99,instagram,Jose Antonio Rueda,https://cdn.horizm.com/clubs/3348_649201eca31fd,62837,2,0.0195,1227,Athlete,https://www.instagram.com/rueda.jr99/
ji_man_choi,instagram,Ji-Man Choi,https://cdn.horizm.com/clubs/6539_6531371fde7fd,62780,2,0.0066,416,Athlete,https://www.instagram.com/ji_man_choi/
erikfelipe_01,instagram,Erik Cardoso,https://cdn.horizm.com/clubs/4813_64baad88e1e66,62338,33,0.1004,6259,Athlete,https://www.instagram.com/erikfelipe_01/
maika.059,instagram,Maika Hamano,https://cdn.horizm.com/clubs/8953_67ffb9589a705,62233,4,0.0437,2721,Athlete,https://www.instagram.com/maika.059/
flo.sotoca,instagram,Florian Sotoca,https://cdn.horizm.com/clubs/6329_653136a0aa8b1,62207,4,0.0221,1375,Athlete,https://www.instagram.com/flo.sotoca/
alyssthompp,tiktok,Alyssa Thompson,,61987,3,0.0180,1114,Athlete,https://www.tiktok.com/@alyssthompp
rahul61290,instagram,Rahul Bheke,https://cdn.horizm.com/clubs/7878_6638b25b7a46d,61908,2,0.0113,699,Athlete,https://www.instagram.com/rahul61290/
zachary_blair,instagram,Zac Blair,https://cdn.horizm.com/clubs/5139_64d61092661a5,61827,4,0.0828,5121,Athlete,https://www.instagram.com/zachary_blair/
sir_bash_alot,tiktok,Sebastian Joseph,https://cdn.horizm.com/clubs/6621_65312cf3b768b,61774,1,0.0096,596,Athlete,https://www.tiktok.com/@sir_bash_alot
patshawfs,instagram,Patrick Shaw,https://cdn.horizm.com/clubs/3647_64a277d89139b,61753,2,0.0177,1093,Athlete,https://www.instagram.com/patshawfs
garrettgerloff,instagram,Garrett Gerloff,https://cdn.horizm.com/clubs/448bc153ac9fc4a75935d0ecac1bc1c24032a912.jpg,61671,4,0.1333,8221,Athlete,https://www.instagram.com/garrettgerloff/
carlosortizgolf,instagram,Carlos Ortiz,https://cdn.horizm.com/clubs/4968_64baaf3e78e76,61486,1,0.0322,1979,Athlete,https://www.instagram.com/carlosortizgolf/
leheckajiri,instagram,Jiří Lehečka,https://cdn.horizm.com/clubs/2101_6491e0433e29e,61422,6,0.0947,5814,Athlete,https://www.instagram.com/leheckajiri/
mackiemacster,instagram,Mackenzie McDonald,https://cdn.horizm.com/clubs/3027_64a2775bf0a69,60772,9,0.2169,13183,Athlete,https://www.instagram.com/mackiemacster/
smsponcil,instagram,Sarah Sponcil,https://cdn.horizm.com/clubs/3548_6492075d3a158,60651,3,0.0131,792,Athlete,https://www.instagram.com/smsponcil/
reggie_cfc,instagram,Reggie Walsh,,60569,1,0.4117,24935,Athlete,https://www.instagram.com/reggie_cfc/
ryanfoxgolfer,instagram,Ryan Fox,https://cdn.horizm.com/clubs/5090_64d60f43b4f93,60074,9,0.0861,5171,Athlete,https://www.instagram.com/ryanfoxgolfer/
ferjani.fares,instagram,Fares Ferjani,https://cdn.horizm.com/clubs/8601_67c082dd993f3,59486,1,0.0079,470,Athlete,https://www.instagram.com/ferjani.fares/
_moneyballry,instagram,Ryan Rollins,https://cdn.horizm.com/clubs/abfeef48165910a096245c12e3444c3fb727fbc7.jpg,59473,2,0.0000,0,Athlete,https://www.instagram.com/_moneyballry/
bautidelguy,instagram,Bautista Delguy,https://cdn.horizm.com/clubs/30117557eb034d2f6a2fdf0c4867e17e96edc88a.jpg,59409,1,0.0067,399,Athlete,https://www.instagram.com/bautidelguy/
daultonvarsho,instagram,Daulton Varsho,https://cdn.horizm.com/clubs/6863_6565b969bbd34,58712,1,0.0013,74,Athlete,https://www.instagram.com/daultonvarsho/
rangerjose10,instagram,Ranger Suarez,https://cdn.horizm.com/clubs/7063_6584077e8e139,58691,3,0.3700,21715,Athlete,https://www.instagram.com/rangerjose10/
aidan.roberts98,instagram,Aidan Roberts,,58344,1,0.0155,906,Athlete,https://www.instagram.com/aidan.roberts98/
hugoguillamon3,instagram,Hugo Guillamon,https://cdn.horizm.com/clubs/2332_6491e675288e5,58185,1,0.0043,251,Athlete,https://www.instagram.com/hugoguillamon3
dominicsmith22,instagram,Dominic Smith,https://cdn.horizm.com/clubs/7271_65b0b9784718f,58073,1,0.0470,2728,Athlete,https://www.instagram.com/dominicsmith22/
nounebrune,instagram,Manon Apithy-Brunet,https://cdn.horizm.com/clubs/8657_66ec2ff744af1,57903,8,0.0519,3008,Athlete,https://www.instagram.com/nounebrune/
riccardo.rossi54,instagram,Ricardo Rossi,https://cdn.horizm.com/clubs/3352_649202061eabf,57846,2,0.0056,323,Athlete,https://www.instagram.com/riccardo.rossi54/
sophiadunkley,instagram,Sophia Dunkley,https://cdn.horizm.com/clubs/2939_6491f6d22286b,57101,3,0.0241,1376,Athlete,https://www.instagram.com/sophiadunkley/
seandylankelly,instagram,Sean Dylan Kelly,https://cdn.horizm.com/clubs/3305_649200b323799,56946,6,0.1332,7584,Athlete,https://www.instagram.com/seandylankelly/
henrynicholls27,instagram,Henry Nicholls,https://cdn.horizm.com/clubs/6288_653136799e44e,56858,2,0.0200,1138,Athlete,https://www.instagram.com/henrynicholls27/
adamgemili,instagram,Adam Gemili,https://cdn.horizm.com/clubs/3583_649208674833d,56441,1,0.0069,389,Athlete,https://www.instagram.com/adamgemili/
sinkovicbrothers,instagram,Valent Sinkovic,https://cdn.horizm.com/clubs/8552_66ec2eb1bdca6,56362,3,0.0113,636,Athlete,https://www.instagram.com/sinkovicbrothers/
darrynbinder_40,instagram,Darryn Binder,https://cdn.horizm.com/clubs/2556609e47b98e0caf456c4de2fc8659096497ef.jpg,56273,3,0.0415,2335,Athlete,https://www.instagram.com/darrynbinder_40/
jessederry_,tiktok,Jesse Derry,,56098,1,0.0446,2504,Athlete,https://www.tiktok.com/@jessederry_
reezahendricks,instagram,Reeza Hendricks,https://cdn.horizm.com/clubs/6254_65313659e4887,55754,3,0.0109,605,Athlete,https://www.instagram.com/reezahendricks/
boulderingbobat,instagram,Bouldering Bobat,,55718,2,0.0043,242,Athlete,https://www.instagram.com/boulderingbobat/
tahlia.mcgrath,instagram,Tahlia McGrath,https://cdn.horizm.com/clubs/2411_64a276c9307a4,55617,2,0.0010,55,Athlete,https://www.instagram.com/tahlia.mcgrath/
labordegaetan,instagram,Gaëtan Laborde,https://cdn.horizm.com/clubs/6309_6531368aa3f8f,54881,7,0.0171,941,Athlete,https://www.instagram.com/labordegaetan/
theblakewesley,instagram,Blake Wesley,https://cdn.horizm.com/clubs/3657_64a277de2e84c,54836,2,0.0416,2281,Athlete,https://www.instagram.com/theblakewesley/
kamalsowah,instagram,Kamal Sowah,https://cdn.horizm.com/clubs/2760_6491f20bd8db5,54733,2,0.0061,333,Athlete,https://www.instagram.com/kamalsowah/
gorkaguru9,instagram,Gorka Guruzeta,https://cdn.horizm.com/clubs/7312_65b0ada383145,54364,4,0.2029,11030,Athlete,https://www.instagram.com/gorkaguru9/
kyle__farmer,instagram,Kyle Farmer,https://cdn.horizm.com/clubs/6512_653129e0367b7,54309,1,0.0079,430,Athlete,https://www.instagram.com/kyle__farmer/
shishoouuuu,instagram,Shirine Boukli,https://cdn.horizm.com/clubs/8628_66ec2f897d918,54279,7,0.0419,2273,Athlete,https://www.instagram.com/shishoouuuu/
kyewhyte,instagram,Kye Whyte,https://cdn.horizm.com/clubs/3043_6491f9cfd1120,54035,4,0.0395,2136,Athlete,https://www.instagram.com/kyewhyte/
rcabrerabello,instagram,Rafael Cabrera-Bello,https://cdn.horizm.com/clubs/7501_65dde37268a56,53865,5,0.0066,356,Athlete,https://www.instagram.com/rcabrerabello
lucasperrin5,instagram,Lucas Perrin,https://cdn.horizm.com/clubs/6411_653126e315a2e,53842,1,0.0230,1240,Athlete,https://www.instagram.com/lucasperrin5/
luciasainzp,instagram,Lucia Sainz,https://cdn.horizm.com/clubs/3893_64920f43005ee,53637,16,0.0528,2834,Athlete,https://www.instagram.com/luciasainzp/
haroldramirez16,instagram,Harold Ramirez,https://cdn.horizm.com/clubs/7264_65b0b96c63da8,53488,2,0.0363,1942,Athlete,https://www.instagram.com/haroldramirez16/
jwind10,instagram,Jonas Wind,https://cdn.horizm.com/clubs/7142_658407d2cdde8,53396,1,0.0105,560,Athlete,https://www.instagram.com/jwind10/
sebbornauw,instagram,Sebastian Bornauw,https://cdn.horizm.com/clubs/2795_64a2773685143,53312,4,0.0834,4447,Athlete,https://www.instagram.com/sebbornauw/
melvyn_richardson,instagram,Melvyn Richardson,https://cdn.horizm.com/clubs/3632_64a277d62c604,53242,12,0.2140,11392,Athlete,https://www.instagram.com/melvyn_richardson/
vitoriarosa200m,instagram,Vitória Rosa,https://cdn.horizm.com/clubs/4810_64baad806f5bc,53231,5,0.0036,191,Athlete,https://www.instagram.com/vitoriarosa200m/
yashthakur06,instagram,Yash Thakur,https://cdn.horizm.com/clubs/8073_664dcfea99e72,53166,3,0.0027,142,Athlete,https://www.instagram.com/yashthakur06/
naethrowsheavyrock,instagram,Janee' Kassanavoid,https://cdn.horizm.com/clubs/dea1f2c542722bb2969b8f1c03b08e81bd61532d.jpg,52821,4,0.0135,711,Athlete,https://www.instagram.com/naethrowsheavyrock/
djjones93,instagram,D.J. Jones,https://cdn.horizm.com/clubs/6145_650be3eb75ef0,52744,1,0.0257,1356,Athlete,https://www.instagram.com/djjones93
tyfrance_,instagram,Ty France,https://cdn.horizm.com/clubs/6822_6565b92458873,52618,1,0.0141,743,Athlete,https://www.instagram.com/tyfrance_/
elbocia47,instagram,Axel Bassani,https://cdn.horizm.com/clubs/e48b3bc9dc00f646c817642ed9add32e61ebeb91.jpg,52592,11,0.1299,6834,Athlete,https://www.instagram.com/elbocia47/
gerald_coetzee62,instagram,Gerald Coetzee,https://cdn.horizm.com/clubs/6252_653122ca8dcc4,52499,4,0.0333,1750,Athlete,https://www.instagram.com/gerald_coetzee62/
iman.beney,instagram,Iman Beney,,52359,2,0.0078,410,Athlete,https://www.instagram.com/iman.beney/
haotong66,instagram,Haotong Li,https://cdn.horizm.com/clubs/7491_65dde35ff3eac,52259,2,0.0597,3121,Athlete,https://www.instagram.com/haotong66/
keita.nkjm,instagram,Keita Nakajima,https://cdn.horizm.com/clubs/7521_65dde3984d722,52190,3,0.1458,7611,Athlete,https://www.instagram.com/keita.nkjm
felixaliassime,tiktok,Felix Auger-Aliassime,https://cdn.horizm.com/clubs/1302_6491cc094bf59,52030,1,0.0076,394,Athlete,https://www.tiktok.com/@felixaliassime
juhcampos,instagram,Juliana De Menis Campos,https://cdn.horizm.com/clubs/8234_666bfd8517be5,51823,10,0.0386,2001,Athlete,https://www.instagram.com/juhcampos
barrybaltus7,instagram,Barry Baltus,https://cdn.horizm.com/clubs/3320_6492013269724,51798,4,0.0433,2245,Athlete,https://www.instagram.com/barrybaltus7/
reeceprescod,instagram,Reece Prescod,https://cdn.horizm.com/clubs/3582_6492085eb7704,51515,3,0.0181,933,Athlete,https://www.instagram.com/reeceprescod/
hinata_jp15,instagram,Miyazawa Hinata,https://cdn.horizm.com/clubs/5140_64d6109c17952,51411,1,0.0100,515,Athlete,https://www.instagram.com/hinata_jp15/
koencasteels1,instagram,Koen Casteels,https://cdn.horizm.com/clubs/7088_658407a64048b,51114,7,0.0113,579,Athlete,https://www.instagram.com/koencasteels1/
yamiiosorio,instagram,Yamila Osorio,https://cdn.horizm.com/clubs/3103_64a27773c1ed1,51108,5,0.0013,67,Athlete,https://www.instagram.com/yamiiosorio
tatiwest9,tiktok,Tatiana Weston Webb,https://cdn.horizm.com/clubs/4824_64baada523671,51055,1,0.0211,1075,Athlete,https://www.tiktok.com/@tatiwest9
jamie_overton8,instagram,Jamie Overton,https://cdn.horizm.com/clubs/2953_6491f71f4f862,50820,6,0.1550,7877,Athlete,https://www.instagram.com/jamie_overton8/
leviwallace,instagram,Levi Wallace,https://cdn.horizm.com/clubs/7095_658407af88a20,50704,1,0.0002,9,Athlete,https://www.instagram.com/leviwallace/
lukas01swim,instagram,Lukas Maertens,https://cdn.horizm.com/clubs/8560_67c082a6613b8,50622,1,0.0043,216,Athlete,https://www.instagram.com/lukas01swim/
greivisvasquez21,tiktok,Greivis Vasquez,https://cdn.horizm.com/clubs/2501_6491eaa0bf3ad,50286,6,0.0016,79,Athlete,https://www.tiktok.com/@greivisvasquez21
livinglegend_44,instagram,DeMarcus Walker,https://cdn.horizm.com/clubs/7100_6583e916da29b,50274,1,0.0075,377,Athlete,https://www.instagram.com/livinglegend_44/
carson24foster,instagram,Carson Foster,https://cdn.horizm.com/clubs/8545_66ec2ea3780ca,49809,2,0.0063,314,Athlete,https://www.instagram.com/carson24foster/
bigcountry1739,instagram,Andrew Chafin,https://cdn.horizm.com/clubs/6515_653129fc0c9fd,49619,13,0.9225,45773,Athlete,https://www.instagram.com/bigcountry1739/
domingogermandr,instagram,Domingo German,https://cdn.horizm.com/clubs/7236_65b0b9456c672,49555,2,0.0000,0,Athlete,https://www.instagram.com/domingogermandr/
kirstyyy_h18,tiktok,Kirsty Hanson,https://cdn.horizm.com/clubs/4252_649bd8632d5d6,49276,2,0.0014,68,Athlete,https://www.tiktok.com/@kirstyyy_h18
mark_melancon_,instagram,Mark Melancon,https://cdn.horizm.com/clubs/6503_6531370890d8c,49210,1,0.0058,284,Athlete,https://www.instagram.com/mark_melancon_/
cjavier_026,instagram,Cristian Javier,https://cdn.horizm.com/clubs/6866_6565b96ec3cf3,49197,4,0.0432,2125,Athlete,https://www.instagram.com/cjavier_026/
bjhill5,instagram,B.J. Hill,https://cdn.horizm.com/clubs/6648_65312df2ef948,48975,2,0.0084,413,Athlete,https://www.instagram.com/bjhill5/
manuelmargot,instagram,Manuel Margot,https://cdn.horizm.com/clubs/6477_653136fa9244f,48711,4,0.0189,920,Athlete,https://www.instagram.com/manuelmargot/
_katie.grimes_,instagram,Katie Grimes,https://cdn.horizm.com/clubs/e50729acac2e29aa4cffd37219999a82fafad568.jpg,48367,1,0.0162,783,Athlete,https://www.instagram.com/_katie.grimes_/
gregsoto_30,instagram,Gregory Soto,https://cdn.horizm.com/clubs/6832_6565b9365562e,47857,2,0.0000,0,Athlete,https://www.instagram.com/gregsoto_30/
white_willy13,instagram,Will Smith,https://cdn.horizm.com/clubs/6522_65312a3479a80,47621,1,0.0992,4726,Athlete,https://www.instagram.com/white_willy13/
lyuda_samsonova_,instagram,Liudmila Samsonova,https://cdn.horizm.com/clubs/7301_65b0ad55c373f,47460,7,0.1303,6186,Athlete,https://www.instagram.com/lyuda_samsonova_
thairo22estrada,instagram,Thairo Estrada,https://cdn.horizm.com/clubs/7262_65b0b9690b6a0,47020,3,0.0355,1671,Athlete,https://www.instagram.com/thairo22estrada/
king_bullock3,instagram,Calen Bullock,https://cdn.horizm.com/clubs/6062_650be348b2b27,46676,2,0.6249,29168,Athlete,https://www.instagram.com/king_bullock3/
danymota47,instagram,Dany Mota,https://cdn.horizm.com/clubs/2744_64a276f5c0a68,46631,1,0.0031,146,Athlete,https://www.instagram.com/danymota47/
jogradit,instagram,Jonathan Gradit,https://cdn.horizm.com/clubs/6337_653136ac0dfa0,46494,1,0.0652,3031,Athlete,https://www.instagram.com/jogradit/
tannerscott,instagram,Tanner Scott,https://cdn.horizm.com/clubs/7064_658407819a0b3,46312,1,0.0079,365,Athlete,https://www.instagram.com/tannerscott/
elijah_winnington,instagram,Elijah Winnington,https://cdn.horizm.com/clubs/8543_67c0828ce6348,45949,3,0.0076,349,Athlete,https://www.instagram.com/elijah_winnington/
prodgersgolf,instagram,Patrick Rodgers,https://cdn.horizm.com/clubs/5120_64d6100239d82,45772,3,0.0249,1140,Athlete,https://www.instagram.com/prodgersgolf/
reemy_rich19,instagram,Jereem Richards,https://cdn.horizm.com/clubs/3622_6492096551262,45643,18,0.4583,20917,Athlete,https://www.instagram.com/reemy_rich19/
renangallina,instagram,Renan Gallina,https://cdn.horizm.com/clubs/4811_64baad830c779,45607,2,0.0022,99,Athlete,https://www.instagram.com/renangallina/
henrikchristians1,instagram,Henrik Christiansen,https://cdn.horizm.com/clubs/8679_67c03e4c61e66,45543,3,0.0102,464,Athlete,https://www.instagram.com/henrikchristians1/
grigalashvili.1,instagram,Tato Grigalashvili,https://cdn.horizm.com/clubs/8588_67c082c5b5dde,45538,2,0.0115,523,Athlete,https://www.instagram.com/grigalashvili.1/
johnmcp17,instagram,John Mcphee,https://cdn.horizm.com/clubs/3353_6492020e6a225,45467,2,0.0622,2827,Athlete,https://www.instagram.com/johnmcp17/
suzannpettersen,instagram,Suzann Pettersen,https://cdn.horizm.com/clubs/7040_6583e6687abca,45461,4,0.0205,933,Athlete,https://www.instagram.com/suzannpettersen
mik.hooper,instagram,Michael Hooper,https://cdn.horizm.com/clubs/f02982f3cfe9d8c994aba5f6f5b1e34811d061a4.jpg,45434,2,0.0129,587,Athlete,https://www.instagram.com/mik.hooper
wangjamsuresh,instagram,Suresh Singh,https://cdn.horizm.com/clubs/7880_6638b25d39028,45166,2,0.0066,298,Athlete,https://www.instagram.com/wangjamsuresh/
apostolos_christou,instagram,Apostolos Christou,https://cdn.horizm.com/clubs/8590_67c082cbedd8a,44996,1,0.0066,299,Athlete,https://www.instagram.com/apostolos_christou/
dannygolf0724,instagram,Danny Lee,https://cdn.horizm.com/clubs/4960_64baaf2a52953,44441,3,0.1011,4493,Athlete,https://www.instagram.com/dannygolf0724/
xavifores,instagram,Xavi Fores,https://cdn.horizm.com/clubs/2441_6491e92b27aef,44434,1,0.0070,309,Athlete,https://www.instagram.com/xavifores/
clayholmes21,instagram,Clay Holmes,https://cdn.horizm.com/clubs/6854_6565b95ad14e1,44363,1,0.0024,107,Athlete,https://www.instagram.com/clayholmes21/
jordan_taamu10,instagram,Jordan Ta'amu,https://cdn.horizm.com/clubs/8790_6746e9485df44,43966,2,0.0000,0,Athlete,https://www.instagram.com/jordan_taamu10/
ricohenry,instagram,Rico Henry,https://cdn.horizm.com/clubs/4879_64baae66bfc2c,43909,3,0.0246,1082,Athlete,https://www.instagram.com/ricohenry/
poojary_nikhil27,instagram,Nikhil Poojary,https://cdn.horizm.com/clubs/7877_6638a6ecafb4a,43905,1,0.0012,54,Athlete,https://www.instagram.com/poojary_nikhil27/
tyus23,instagram,Tyus Bowser,https://cdn.horizm.com/clubs/6653_65312e124d5d2,43682,1,0.0084,365,Athlete,https://www.instagram.com/tyus23/
grilloemiliano,instagram,Emiliano Grillo,https://cdn.horizm.com/clubs/5082_64d60f07900d8,43637,2,0.0196,856,Athlete,https://www.instagram.com/grilloemiliano/
wesleysaid,instagram,Wesley Saïd,https://cdn.horizm.com/clubs/7347_65b0ae81cb8cf,43483,4,0.1538,6686,Athlete,https://www.instagram.com/wesleysaid
brycehuff,instagram,Bryce Huff,https://cdn.horizm.com/clubs/6660_653137612f9c2,43222,1,0.0899,3886,Athlete,https://www.instagram.com/brycehuff/
aagar1,instagram,Ashton Agar,https://cdn.horizm.com/clubs/6242_6531364fc7d4c,43151,1,0.0058,251,Athlete,https://www.instagram.com/aagar1/
mehtab_sandhu_05,instagram,Mehtab Singh,https://cdn.horizm.com/clubs/7873_6638b251d9db4,43037,2,0.0290,1247,Athlete,https://www.instagram.com/mehtab_sandhu_05/
arshin_03_,instagram,Arshin Kulkarni,https://cdn.horizm.com/clubs/9063_6853ec45d0d08,42902,4,0.3041,13046,Athlete,https://www.instagram.com/arshin_03_/
bryony_page,instagram,Bryony Page,https://cdn.horizm.com/clubs/8661_66ec300d1c3a8,42893,3,0.0096,413,Athlete,https://www.instagram.com/bryony_page/
bellandialice,instagram,Alice Bellandi,https://cdn.horizm.com/clubs/8664_67c0832157327,42863,8,0.0672,2882,Athlete,https://www.instagram.com/bellandialice/
andysulligolf,instagram,Andy Sullivan,https://cdn.horizm.com/clubs/7502_65dde374ebd63,42663,11,0.4920,20991,Athlete,https://www.instagram.com/andysulligolf/
adrianaruano95,instagram,Adriana Ruano Oliva,https://cdn.horizm.com/clubs/8662_67c0831cd95a8,42433,2,1.1785,50009,Athlete,https://www.instagram.com/adrianaruano95/
caratini17,instagram,Victor Caratini,https://cdn.horizm.com/clubs/7067_65840785b1ee6,42313,2,0.0277,1171,Athlete,https://www.instagram.com/caratini17/
rlopez_40,instagram,Reynaldo Lopez,https://cdn.horizm.com/clubs/6839_6565b94019d7b,42291,4,0.0859,3633,Athlete,https://www.instagram.com/rlopez_40/
trevorkeels,instagram,Trevor Keels,https://cdn.horizm.com/clubs/3655_649209d3197e7,42134,1,0.7849,33072,Athlete,https://www.instagram.com/trevorkeels/
ryusei_yamanaka6,instagram,Ryusei Yamanaka,https://cdn.horizm.com/clubs/3334_64920196e4395,42063,5,0.0676,2844,Athlete,https://www.instagram.com/ryusei_yamanaka6/
braceyaself,instagram,Marvin Bracy,https://cdn.horizm.com/clubs/3555_649207918594c,42020,1,0.0322,1354,Athlete,https://www.instagram.com/braceyaself/
suryanshshedge,instagram,Suryansh Shedge,https://cdn.horizm.com/clubs/9084_686b9cb626e5f,41942,1,0.3445,14450,Athlete,https://www.instagram.com/suryanshshedge/
rebeckaablomqvist,instagram,Rebecka Blomqvist,https://cdn.horizm.com/clubs/5152_64f6e84457e6d,41922,3,0.0662,2776,Athlete,https://www.instagram.com/rebeckaablomqvist/
fischernilla,instagram,Nilla Fischer,https://cdn.horizm.com/clubs/4242_649bd816e827f,41753,2,0.0267,1116,Athlete,https://www.instagram.com/fischernilla/
bradray28,instagram,Bradley Ray,https://cdn.horizm.com/clubs/2461_6491e99922a13,41740,6,0.2823,11785,Athlete,https://www.instagram.com/bradray28
mattstrahm,instagram,Matthew Strahm,https://cdn.horizm.com/clubs/6467_653128a72d72d,41650,4,0.0244,1018,Athlete,https://www.instagram.com/mattstrahm/
harry_toff,instagram,Harry Toffolo,https://cdn.horizm.com/clubs/7362_65b0aefa6d331,41501,1,0.0025,103,Athlete,https://www.instagram.com/harry_toff
alstonpaxton,instagram,James Paxton,https://cdn.horizm.com/clubs/6825_6565b9276b2ca,41232,1,0.0018,76,Athlete,https://www.instagram.com/alstonpaxton/
jeronimodlf,instagram,Jero De La Fuente,https://cdn.horizm.com/clubs/3080_6491fa9185d2b,41102,1,0.0051,210,Athlete,https://www.instagram.com/jeronimodlf/
marcel_siem,instagram,Marcel Siem,https://cdn.horizm.com/clubs/7451_65dde31319312,40305,19,0.6329,25510,Athlete,https://www.instagram.com/marcel_siem/
matthudsonsmith,instagram,Matthew Hudson-Smith,https://cdn.horizm.com/clubs/3566_649207e7b7b34,40016,1,0.0218,873,Athlete,https://www.instagram.com/matthudsonsmith/
zelymkotsoiev,instagram,Zelym Kotsoiev,https://cdn.horizm.com/clubs/8549_67c08297dcd55,40013,3,0.0286,1146,Athlete,https://www.instagram.com/zelymkotsoiev/
wlima66_,tiktok,Willian Lima,https://cdn.horizm.com/clubs/8575_67c03e423733d,39813,5,0.0177,703,Athlete,https://www.tiktok.com/@wlima66_
hakon_haraldsson,instagram,Hákon Arnar Haraldsson,https://cdn.horizm.com/clubs/6387_653136c54022a,39748,2,0.0783,3112,Athlete,https://www.instagram.com/hakon_haraldsson/
finknic,instagram,Nic Fink,https://cdn.horizm.com/clubs/8603_66ec2f3a63933,39720,1,0.0029,114,Athlete,https://www.instagram.com/finknic/
ewbof,instagram,Ewen Ferguson,https://cdn.horizm.com/clubs/7458_65dde3203f93b,39182,6,0.4977,19499,Athlete,https://www.instagram.com/ewbof/
keishabuchananofficial,tiktok,Kadeisha Buchanan,https://cdn.horizm.com/clubs/8954_67ffb96486432,39101,6,0.0107,419,Athlete,https://www.tiktok.com/@keishabuchananofficial
wilco_nienaber,instagram,Wilco Nienaber,https://cdn.horizm.com/clubs/7533_65dde3ad2bb52,38983,1,0.0066,256,Athlete,https://www.instagram.com/wilco_nienaber/
paddack29,instagram,Chris Paddack,https://cdn.horizm.com/clubs/c571479255023e6acfdb06d7a40ad439bf347dee.jpg,38971,3,0.0173,673,Athlete,https://www.instagram.com/paddack29/
omarnarvaez10,instagram,Omar Narvaez,https://cdn.horizm.com/clubs/6456_653136e97dc49,38547,1,0.0100,385,Athlete,https://www.instagram.com/omarnarvaez10/
sir_bash_alot,instagram,Sebastian Joseph,https://cdn.horizm.com/clubs/6621_65312cf3b768b,38516,1,0.0130,501,Athlete,https://www.instagram.com/sir_bash_alot
kerstincasparij,tiktok,Kerstin Casparij,,38463,2,0.1527,5875,Athlete,https://www.tiktok.com/@kerstincasparij
conejoarce17,instagram,Juan Carlos Arce,https://cdn.horizm.com/clubs/2844_6491f41dc5487,38461,3,0.0093,356,Athlete,https://www.instagram.com/conejoarce17/
qimirosli,instagram,Haqimi ROSLI,https://cdn.horizm.com/clubs/3815_64a275944ff75,38391,5,0.0127,486,Athlete,https://www.instagram.com/qimirosli/
mauroarambarri8,instagram,Mauro Arambarri,https://cdn.horizm.com/clubs/2788_6491f286ecd85,37956,6,0.3956,15014,Athlete,https://www.instagram.com/mauroarambarri8/
xaviartigas43,instagram,Xavier Artigas,https://cdn.horizm.com/clubs/3337_649201b120819,37909,1,0.0027,104,Athlete,https://www.instagram.com/xaviartigas43/
abdusattorov_nodirbek_official,instagram,Veselin Topalov,https://cdn.horizm.com/clubs/5908_650be211d9e85,37709,1,0.0368,1388,Athlete,https://www.instagram.com/abdusattorov_nodirbek_official/
yan_agomes,instagram,Yan Gomes,https://cdn.horizm.com/clubs/6496_6531296b36cce,37114,1,0.0221,819,Athlete,https://www.instagram.com/yan_agomes/
yeeyee_g,tiktok,Gretchen Walsh,https://cdn.horizm.com/clubs/8612_67c03e49653b1,37004,5,0.0380,1408,Athlete,https://www.tiktok.com/@yeeyee_g
ma_xii_,instagram,Mo Alie-Cox,https://cdn.horizm.com/clubs/6644_65312dc95f918,36891,1,0.0426,1572,Athlete,https://www.instagram.com/ma_xii_
rach_williams8,instagram,Rachel Williams,https://cdn.horizm.com/clubs/7a3333d8da55381a08c87762cd7083e54c309fde.jpg,36702,1,0.0725,2661,Athlete,https://www.instagram.com/rach_williams8/
pep_biel,instagram,Pep Biel,https://cdn.horizm.com/clubs/2763_64a2771511af0,36599,3,0.0370,1355,Athlete,https://www.instagram.com/pep_biel/
tomdetry,instagram,Thomas Detry,https://cdn.horizm.com/clubs/5124_64d610210eaa7,36573,3,0.6533,23894,Athlete,https://www.instagram.com/tomdetry/
bking_53,instagram,Brandon King,https://cdn.horizm.com/clubs/7693_65faecb9ce631,36347,1,0.0084,307,Athlete,https://www.instagram.com/bking_53/
melvin_bard,instagram,Melvin Bard,https://cdn.horizm.com/clubs/6313_6531368fe9d58,36319,3,0.0184,668,Athlete,https://www.instagram.com/melvin_bard/
caleb.wiley,instagram,Caleb Wiley,https://cdn.horizm.com/clubs/8938_686b95e3e5d28,36066,1,0.0039,141,Athlete,https://www.instagram.com/caleb.wiley/
oriane_jf,instagram,Oriane Jean-Francois,https://cdn.horizm.com/clubs/8916_67ffb825c920c,36002,15,0.2450,8819,Athlete,https://www.instagram.com/oriane_jf
wiekekaptein,instagram,Wieke Kaptein,https://cdn.horizm.com/clubs/8962_6853eba4b08c1,35659,2,0.0362,1292,Athlete,https://www.instagram.com/wiekekaptein
romain_perraud,instagram,Romain Perraud,https://cdn.horizm.com/clubs/6317_6531246318547,35614,1,0.0316,1127,Athlete,https://www.instagram.com/romain_perraud/
florin.marian.enache_05,instagram,Florian Marian Enache,https://cdn.horizm.com/clubs/8571_67c082b68cd77,35061,2,0.0003,9,Athlete,https://www.instagram.com/florin.marian.enache_05/
dqj_90,instagram,DaQuan Jones,https://cdn.horizm.com/clubs/6617_65312ce03fd0c,34998,1,0.0027,93,Athlete,https://www.instagram.com/dqj_90/
andres11martin,tiktok,Andres Martin,https://cdn.horizm.com/clubs/1396_6491cee222675,34918,1,0.0262,915,Athlete,https://www.tiktok.com/@andres11martin
l.brassier,instagram,Lillain Brassier,https://cdn.horizm.com/clubs/2775_64a2771f6090a,34817,2,0.0618,2153,Athlete,https://www.instagram.com/l.brassier/
edwardskiid,instagram,CJ Edwards,https://cdn.horizm.com/clubs/7261_65b0b965cc70a,34802,2,0.0043,150,Athlete,https://www.instagram.com/edwardskiid/
frittellivision,instagram,Dylan Frittelli,https://cdn.horizm.com/clubs/7513_65dde388458e3,34756,7,0.2565,8915,Athlete,https://www.instagram.com/frittellivision/
charlschwartzel,instagram,Charl Schwartzel,https://cdn.horizm.com/clubs/4976_64baaf5078990,34643,10,0.3031,10500,Athlete,https://www.instagram.com/charlschwartzel/
iamramonlaureano,instagram,Ramon Laureano,https://cdn.horizm.com/clubs/6842_6565b9442cd5e,34372,1,0.0081,280,Athlete,https://www.instagram.com/iamramonlaureano/
virginiariera,instagram,Maria Virginia Riera,https://cdn.horizm.com/clubs/3891_64920f324a57a,34318,2,0.0048,166,Athlete,https://www.instagram.com/virginiariera
jeremyalcoba52,instagram,Jeremy Alcoba,https://cdn.horizm.com/clubs/3309_649200d433661,34282,7,0.1499,5140,Athlete,https://www.instagram.com/jeremyalcoba52/
talorgooch,instagram,Talor Gooch,https://cdn.horizm.com/clubs/4949_64baaf11943c5,34248,6,0.0395,1354,Athlete,https://www.instagram.com/talorgooch/
karlangrant,instagram,Karlan Grant,https://cdn.horizm.com/clubs/2761_6491f21397fc4,34128,1,0.0355,1210,Athlete,https://www.instagram.com/karlangrant/
zonta_84,instagram,Zonta Van Den Goorbergh,https://cdn.horizm.com/clubs/3319_64920129e05d8,33967,1,0.0148,504,Athlete,https://www.instagram.com/zonta_84/
nlopez3,instagram,Nicky Lopez,https://cdn.horizm.com/clubs/6837_6565b93baebd6,33965,1,0.0140,477,Athlete,https://www.instagram.com/nlopez3/
katierobinson_1,instagram,Katie Robinson,https://cdn.horizm.com/clubs/1a039dd3d46d1b6c444e8aabc5533a4f532a7490.jpg,33955,1,0.0109,370,Athlete,https://www.instagram.com/katierobinson_1/
nicktaylorgolf,instagram,Nick Taylor,https://cdn.horizm.com/clubs/5091_64d60f4d55d24,33888,1,0.0147,497,Athlete,https://www.instagram.com/nicktaylorgolf/
ahadwingolf,instagram,Adam Hadwin,https://cdn.horizm.com/clubs/5103_64d60fac07db6,33666,1,0.0324,1090,Athlete,https://www.instagram.com/ahadwingolf/
lauracollett753,tiktok,Laura Collett,https://cdn.horizm.com/clubs/8629_66ec2f907b11b,33596,2,0.0284,953,Athlete,https://www.tiktok.com/@lauracollett753
terancemann,tiktok,Terance Mann,https://cdn.horizm.com/clubs/7947_6638a8884dc53,32865,1,0.0082,269,Athlete,https://www.tiktok.com/@terancemann
daryllneita,tiktok,Daryll Neita,https://cdn.horizm.com/clubs/3588_649208919c49c,32816,21,0.0971,3187,Athlete,https://www.tiktok.com/@daryllneita
matt_boyd48,instagram,Matt Boyd,https://cdn.horizm.com/clubs/6171_650be427742b3,32287,1,0.0043,138,Athlete,https://www.instagram.com/matt_boyd48/
harrison.murraycampbell,instagram,Harrison Murray-Campbell,,32149,1,0.0113,363,Athlete,https://www.instagram.com/harrison.murraycampbell/
vernon400m,instagram,Vernon Norwood,https://cdn.horizm.com/clubs/3578_6492083c3f9f1,31984,3,0.0185,591,Athlete,https://www.instagram.com/vernon400m/
adrien_thomasson26,instagram,Adrien Thomasson,https://cdn.horizm.com/clubs/6330_653136a282ecb,31840,8,0.0713,2269,Athlete,https://www.instagram.com/adrien_thomasson26/
benan0917,instagram,Byeong Hun An,https://cdn.horizm.com/clubs/5122_64d6101764699,31820,5,0.5109,16256,Athlete,https://www.instagram.com/benan0917/
teddy_bl77,instagram,Teddy Boulhendi,https://cdn.horizm.com/clubs/6328_6531369e13f07,31809,1,0.0002,7,Athlete,https://www.instagram.com/teddy_bl77/
aleixgomez11,instagram,Aleix Gomez,https://cdn.horizm.com/clubs/3595_649208cd5dbef,31774,1,0.0042,134,Athlete,https://www.instagram.com/aleixgomez11/
nadineangerer1,instagram,Nadine Angerer,https://cdn.horizm.com/clubs/4244_649bd8286548f,31732,2,0.0118,373,Athlete,https://www.instagram.com/nadineangerer1/
nethaneel,instagram,Nethaneel Mitchell-Blake,https://cdn.horizm.com/clubs/de5768bd8ba41913fbeddf53e0962b7c49e4e7d9.jpg,31672,2,0.0295,934,Athlete,https://www.instagram.com/nethaneel/
harriismeg,instagram,Meg Harris,https://cdn.horizm.com/clubs/8614_67c082e8e1a15,31578,1,0.0008,24,Athlete,https://www.instagram.com/harriismeg/
seppstraka,instagram,Sepp Straka,https://cdn.horizm.com/clubs/5076_64d60ecdc57c2,31486,4,0.1630,5133,Athlete,https://www.instagram.com/seppstraka/
walshjrh_268,instagram,Hayden Walsh Jr.,https://cdn.horizm.com/clubs/7708_65faecdb4f364,31303,2,0.0393,1231,Athlete,https://www.instagram.com/walshjrh_268/
reggieevans30,instagram,Reggie Evans,https://cdn.horizm.com/clubs/2485_6491ea2bb1806,30871,3,0.0500,1545,Athlete,https://www.instagram.com/reggieevans30/
austinhedges18,instagram,Austin Hedges,https://cdn.horizm.com/clubs/6530_65313719affd7,30780,2,0.0365,1125,Athlete,https://www.instagram.com/austinhedges18/
herbznspices_,instagram,Lucas Herbert,https://cdn.horizm.com/clubs/5102_64d60fa29f34a,30563,5,0.5353,16361,Athlete,https://www.instagram.com/herbznspices_/
wiaan_mulder,instagram,Wiaan Mulder,https://cdn.horizm.com/clubs/9101_686b9ec958b84,30534,6,0.8910,27206,Athlete,https://www.instagram.com/wiaan_mulder/
gracezaadi,instagram,Grace Zaadi Deuna,https://cdn.horizm.com/clubs/3626_64920986d8961,30515,3,0.3031,9249,Athlete,https://www.instagram.com/gracezaadi/
lukastulovic3,instagram,Lukas Tulovic,https://cdn.horizm.com/clubs/80bd7a997e2af8ad3d83ad9c344d5650900757fa.jpg,30194,2,0.0181,546,Athlete,https://www.instagram.com/lukastulovic3/
luchycosoleto,instagram,Lucia Cosoletto,https://cdn.horizm.com/clubs/2505_6491eac16da8d,30190,16,0.0496,1498,Athlete,https://www.instagram.com/luchycosoleto/
carlosestevez28,instagram,Carlos Estevez,https://cdn.horizm.com/clubs/6484_6531291562c12,30143,3,0.0934,2816,Athlete,https://www.instagram.com/carlosestevez28/
tiagosantos__62,instagram,Tiago Santos,https://cdn.horizm.com/clubs/6395_653136ccb1a78,30135,1,0.0041,123,Athlete,https://www.instagram.com/tiagosantos__62/
kevin_manfredi_official,instagram,Kevin Manfredi,https://cdn.horizm.com/clubs/2442_6491e933ef510,30083,1,0.0037,112,Athlete,https://www.instagram.com/kevin_manfredi_official
pauletta.sorea,instagram,Pauletta Foppa,https://cdn.horizm.com/clubs/3627_64a277d4114d1,29954,2,0.0292,876,Athlete,https://www.instagram.com/pauletta.sorea/
kolton_miller,instagram,Kolton Miller,https://cdn.horizm.com/clubs/10454b453482497e158767556c0ebed9851ef7da.jpg,29949,1,0.0067,202,Athlete,https://www.instagram.com/kolton_miller/
joshwhatley70,instagram,Joshua Whatley,https://cdn.horizm.com/clubs/7bc354ede3575dc50bf5c76770277463bfdc63d4.jpg,29885,3,0.0237,708,Athlete,https://www.instagram.com/joshwhatley70/
alejandrochumacero3,instagram,Alejandro Chumacero,https://cdn.horizm.com/clubs/2845_6491f42590282,29656,1,0.0072,215,Athlete,https://www.instagram.com/alejandrochumacero3/
usabrowningk,instagram,Kayle Browning,https://cdn.horizm.com/clubs/3064_6491fa4d1536e,29448,3,0.0432,1271,Athlete,https://www.instagram.com/usabrowningk/
imogendaisyg,instagram,Imogen Grant,https://cdn.horizm.com/clubs/8660_66ec30051b79e,29401,6,0.0555,1632,Athlete,https://www.instagram.com/imogendaisyg/
lukejax77,instagram,Luke Jackson,https://cdn.horizm.com/clubs/6871_6565b9720d209,29278,1,0.2032,5948,Athlete,https://www.instagram.com/lukejax77/
victorperezgolf,instagram,Victor Perez,https://cdn.horizm.com/clubs/5111_64d60fd20cee1,29246,4,0.4131,12081,Athlete,https://www.instagram.com/victorperezgolf/
budinger10,instagram,Chase Budinger,https://cdn.horizm.com/clubs/3569_649208027e598,29153,3,0.0951,2771,Athlete,https://www.instagram.com/budinger10/
amanihooker37,instagram,Amani Hooker,https://cdn.horizm.com/clubs/6628_65312d317d3d4,29129,2,0.0691,2014,Athlete,https://www.instagram.com/amanihooker37/
anak.verhoeven,instagram,Anak Verhoeven,,29010,4,0.0143,416,Athlete,https://www.instagram.com/anak.verhoeven/
lexi.potter,instagram,Lexi Potter,https://cdn.horizm.com/clubs/8919_6853eb8e6bd84,28968,1,0.0089,259,Athlete,https://www.instagram.com/lexi.potter
filippofarioli7,instagram,Filippo Farioli,https://cdn.horizm.com/clubs/c4b31269789359666963cfe048c654b13b345a7c.jpg,28909,3,0.0296,855,Athlete,https://www.instagram.com/filippofarioli7/
huhmimi_57,instagram,Mimi Huh,https://cdn.horizm.com/clubs/8635_67c082fe46454,28840,1,0.0085,246,Athlete,https://www.instagram.com/huhmimi_57/
aoba_fujino11,instagram,Aoba Fujino,,28773,3,0.0637,1834,Athlete,https://www.instagram.com/aoba_fujino11/
yaops,tiktok,Lim Yao Peng,https://cdn.horizm.com/clubs/3696_64a2780c6c216,28576,5,0.0002,7,Athlete,https://www.tiktok.com/@yaops
rodrigao016,instagram,Rodrigo Corrales,https://cdn.horizm.com/clubs/56fe4d16a273685e1a1015d7a8d05a3dc03b828a.jpg,28469,2,0.1162,3308,Athlete,https://www.instagram.com/rodrigao016/
iamarielatkins,instagram,Ariel Atkins,https://cdn.horizm.com/clubs/7969_6638b2ba04c3d,28469,2,0.0246,701,Athlete,https://www.instagram.com/iamarielatkins/
thealafond,instagram,Thea Lafond,https://cdn.horizm.com/clubs/8656_67c08318714f4,28328,1,0.0022,62,Athlete,https://www.instagram.com/thealafond/
mmorse61,instagram,Mitch Morse,https://cdn.horizm.com/clubs/6619_65312ce9f3507,28318,22,0.7737,21910,Athlete,https://www.instagram.com/mmorse61/
fred_caldeira,tiktok,Fred Caldeira,https://cdn.horizm.com/clubs/9167_686b930deb190,28266,3,0.0053,149,Athlete,https://www.tiktok.com/@fred_caldeira
joshkofi,tiktok,Josh Achaempong,,28249,1,0.0732,2069,Athlete,https://www.tiktok.com/@joshkofi
kirbskauai,instagram,Kirby Yates,https://cdn.horizm.com/clubs/9621ed0950a2b96e439b38d73e794a82d1661401.jpg,28176,2,0.0233,656,Athlete,https://www.instagram.com/kirbskauai/
i3mbreetzke,instagram,Matthew Breetzke,https://cdn.horizm.com/clubs/9062_686b99913aa01,27991,1,0.0580,1623,Athlete,https://www.instagram.com/i3mbreetzke/
joelkelso66,instagram,Joel Kelso,https://cdn.horizm.com/clubs/3338_649201ba01f8d,27964,3,0.1600,4473,Athlete,https://www.instagram.com/joelkelso66/
willic001,instagram,Willi Castro,https://cdn.horizm.com/clubs/7280_65b0b985acb83,27936,1,0.1462,4083,Athlete,https://www.instagram.com/willic001/
setareki.bituniyata,instagram,Setareki Bituniyata,https://cdn.horizm.com/clubs/3079_6491fa8921db7,27902,2,0.0235,657,Athlete,https://www.instagram.com/setareki.bituniyata/
mellamotrevor,instagram,Trevor Williams,https://cdn.horizm.com/clubs/6498_6531297588506,27845,1,0.0111,309,Athlete,https://www.instagram.com/mellamotrevor/
renataheilborn,tiktok,Renata Heilborn,https://cdn.horizm.com/clubs/9170_686b93108eba3,27840,10,0.1574,4383,Athlete,https://www.tiktok.com/@renataheilborn
ronaldodacosta20605,instagram,Ronaldo da Costa,https://cdn.horizm.com/clubs/8258_666bfdb84951d,27833,15,0.0372,1036,Athlete,https://www.instagram.com/ronaldodacosta20605/
adrian_meronk,instagram,Adrian Meronk,https://cdn.horizm.com/clubs/5095_64d60f7361089,27752,6,0.0600,1665,Athlete,https://www.instagram.com/adrian_meronk/
magri__11__,instagram,Frank Magri,https://cdn.horizm.com/clubs/7348_65b0ae8d3e138,27649,2,0.4278,11828,Athlete,https://www.instagram.com/magri__11__/
becks_23xx,instagram,Rebecca Knaak,,27596,2,0.0387,1068,Athlete,https://www.instagram.com/becks_23xx/
austinmeadows13,instagram,Austin Meadows,https://cdn.horizm.com/clubs/6813_6565a93ddf5a2,27589,13,0.2181,6018,Athlete,https://www.instagram.com/austinmeadows13/
santosrosangela100m,instagram,Rosângela Cristina Oliveira Santos,https://cdn.horizm.com/clubs/8271_666bfdd3f25ee,27502,6,0.0037,103,Athlete,https://www.instagram.com/santosrosangela100m/
joostluitenofficial,instagram,Joost Luiten,https://cdn.horizm.com/clubs/7512_65dde3865c5a3,27173,14,1.1205,30446,Athlete,https://www.instagram.com/joostluitenofficial
samucosta6,instagram,Samu Costa,https://cdn.horizm.com/clubs/2745_64a276f7ec895,26787,3,0.0503,1347,Athlete,https://www.instagram.com/samucosta6/
keilacosta1,instagram,Keila da silva costa,https://cdn.horizm.com/clubs/8273_666bfdd876990,26651,9,0.0115,307,Athlete,https://www.instagram.com/keilacosta1/
jimmy.jaymorgan,instagram,Jimmy-Jay Morgan,https://cdn.horizm.com/clubs/8904_67ffb7e368f27,26634,1,0.0399,1064,Athlete,https://www.instagram.com/jimmy.jaymorgan/
zecolmeiia,instagram,Rodrigo Nascimento,https://cdn.horizm.com/clubs/4823_64baada22a84a,26603,1,0.0056,149,Athlete,https://www.instagram.com/zecolmeiia/
maelys_mpome,instagram,Maelys Mpome,https://cdn.horizm.com/clubs/8920_67ffb8504944e,26549,1,0.0183,486,Athlete,https://www.instagram.com/maelys_mpome
pjstiz,instagram,Peirce Johnson,https://cdn.horizm.com/clubs/6532_65312a88ec7c5,26439,1,0.1011,2672,Athlete,https://www.instagram.com/pjstiz/
lane99thomas,instagram,Lane Thomas,https://cdn.horizm.com/clubs/7265_65b0b96e7910d,26281,1,0.0204,537,Athlete,https://www.instagram.com/lane99thomas/
katiecox.14,instagram,Katie Cox,https://cdn.horizm.com/clubs/8947_67ffb922eda5d,26202,1,0.0201,527,Athlete,https://www.instagram.com/katiecox.14
zacstubblety,instagram,Zac Stubblety-Cook,https://cdn.horizm.com/clubs/8574_67c03e41804a9,25903,9,0.0319,827,Athlete,https://www.instagram.com/zacstubblety/
finello72,instagram,Alessio Finello,https://cdn.horizm.com/clubs/f71b203c0742e7226d89fb23e07994ee73da83d3.jpg,25893,1,0.0043,111,Athlete,https://www.instagram.com/finello72
c_lindstrom63,instagram,Chris Lindstrom,https://cdn.horizm.com/clubs/6665_65312e658d6f8,25841,3,0.2470,6383,Athlete,https://www.instagram.com/c_lindstrom63/
ksteng12,instagram,Katie Stengel,https://cdn.horizm.com/clubs/4250_649bd851da217,25823,2,0.0768,1984,Athlete,https://www.instagram.com/ksteng12/
anna_ma_wagner,instagram,Anna-Maria Wagner,https://cdn.horizm.com/clubs/3054_64a27768aadb2,25655,1,0.0153,392,Athlete,https://www.instagram.com/anna_ma_wagner/
migliaus,instagram,Guido Migliozzi,https://cdn.horizm.com/clubs/7504_65dde3787f7a8,25640,1,0.0028,72,Athlete,https://www.instagram.com/migliaus/
nicolebanecki,instagram,Nicole Banecki,https://cdn.horizm.com/clubs/4b681794e6b71fb6eb28c2ba4b8443b8ed2635a1.jpg,25630,2,0.0069,178,Athlete,https://www.instagram.com/nicolebanecki/
richard_mansell,instagram,Richard Mansell,https://cdn.horizm.com/clubs/7490_65dde35e59822,25586,6,0.1348,3450,Athlete,https://www.instagram.com/richard_mansell/
genesis_antwi,instagram,Genesis Antwi,,25111,1,0.0097,244,Athlete,https://www.instagram.com/genesis_antwi/
barbimatic,instagram,Barbara Matic,https://cdn.horizm.com/clubs/8654_67c083162518f,25029,12,0.1471,3682,Athlete,https://www.instagram.com/barbimatic/
plarrazabal,instagram,Pablo Larrazabal,https://cdn.horizm.com/clubs/5109_64d60fc864f9b,24886,25,0.4966,12359,Athlete,https://www.instagram.com/plarrazabal
jtposton,instagram,J.T Poston,https://cdn.horizm.com/clubs/5089_64d60f3a34dd2,24767,1,0.0330,817,Athlete,https://www.instagram.com/jtposton/
hildah_tholakele.magaia,instagram,Hildah Magaia,https://cdn.horizm.com/clubs/5155_64f6e84818a8a,24652,1,0.0039,97,Athlete,https://www.instagram.com/hildah_tholakele.magaia/
madeleine.malonga,instagram,Madeleine Malonga,https://cdn.horizm.com/clubs/3059_6491fa2b39fcb,24429,1,0.0112,273,Athlete,https://www.instagram.com/madeleine.malonga/
vs_raju15,instagram,Satyanarayana Raju,https://cdn.horizm.com/clubs/9076_686b9b9018278,24248,2,0.0293,710,Athlete,https://www.instagram.com/vs_raju15/
cbezgolf,instagram,Christiaan Bezuidenhout,https://cdn.horizm.com/clubs/5134_64f6e82886cc9,23827,5,0.0469,1117,Athlete,https://www.instagram.com/cbezgolf/
kurt_kitayama,instagram,Kurt Kitayama,https://cdn.horizm.com/clubs/5077_64f6e8004b8d8,23761,4,0.0517,1229,Athlete,https://www.instagram.com/kurt_kitayama/
tay_tram5,instagram,Taylor Trammell,https://cdn.horizm.com/clubs/7676_65faec94921d0,23712,1,0.0122,289,Athlete,https://www.instagram.com/tay_tram5/
banstaa,instagram,Anirban Lahiri,https://cdn.horizm.com/clubs/4959_64baaf2858299,23670,6,0.0369,873,Athlete,https://www.instagram.com/banstaa/
burmygolf,instagram,Dean Burmester,https://cdn.horizm.com/clubs/4943_64baaf0183b3a,23624,18,1.4593,34475,Athlete,https://www.instagram.com/burmygolf/
brentsuter35,instagram,Brent Suter,https://cdn.horizm.com/clubs/6869_6565aa66dc097,23566,2,0.0099,234,Athlete,https://www.instagram.com/brentsuter35/
ash.barnes10,instagram,Ashley Barnes,https://cdn.horizm.com/clubs/6204_650be47222bd9,23506,5,0.1964,4616,Athlete,https://www.instagram.com/ash.barnes10/
fredvanvleet,tiktok,Fred VanVleet,https://cdn.horizm.com/clubs/5961_650be273a7c3c,23349,7,0.0142,331,Athlete,https://www.tiktok.com/@fredvanvleet
hoshinorikuya,instagram,Marco Penge,https://cdn.horizm.com/clubs/7468_65dde33332c2f,23098,2,0.0000,0,Athlete,https://www.instagram.com/hoshinorikuya/
rstanek_55,instagram,Ryne Stanek,https://cdn.horizm.com/clubs/6841_6565b9422946a,23004,1,0.2411,5546,Athlete,https://www.instagram.com/rstanek_55/
eren_dinkci,instagram,Eren Dinkçi,https://cdn.horizm.com/clubs/7335_65b0b9b924b0a,22822,1,0.0555,1266,Athlete,https://www.instagram.com/eren_dinkci
peteruihlein,instagram,Peter Uihlein,https://cdn.horizm.com/clubs/4980_64baaf59c6050,22759,2,0.0436,993,Athlete,https://www.instagram.com/peteruihlein/
oliverkonig52,instagram,Oliver Konig,https://cdn.horizm.com/clubs/0b13738b83477b048d557d4a958d70b683709588.jpeg,22747,2,0.0130,295,Athlete,https://www.instagram.com/oliverkonig52
martubornia,instagram,Martina Bornia,https://cdn.horizm.com/clubs/3106_64a2777d3444d,22723,1,0.0120,272,Athlete,https://www.instagram.com/martubornia
ilya_kharun,instagram,Ilya Kharun,https://cdn.horizm.com/clubs/8604_67c082dfdb33a,22641,1,0.0001,2,Athlete,https://www.instagram.com/ilya_kharun/
jacobgreaves6,instagram,Jacob Greaves,https://cdn.horizm.com/clubs/2781_6491f264ae2af,22539,1,0.0477,1074,Athlete,https://www.instagram.com/jacobgreaves6/
_g_brown,instagram,Grace Brown,https://cdn.horizm.com/clubs/8642_66ec2fd79dde1,22522,3,0.0235,529,Athlete,https://www.instagram.com/_g_brown/
burtonequestrian,instagram,Burton Christopher,https://cdn.horizm.com/clubs/8573_67c082bb2dc31,22488,4,0.0250,562,Athlete,https://www.instagram.com/burtonequestrian/
philippoettl65,instagram,Philipp Oettl,https://cdn.horizm.com/clubs/c999bca309d6dadfa8fbae9a3131284d6317498a.jpg,22464,6,0.0511,1147,Athlete,https://www.instagram.com/philippoettl65/
milesevansvb,instagram,Miles Evans,https://cdn.horizm.com/clubs/3570_64a277c29396c,22345,2,0.0311,694,Athlete,https://www.instagram.com/milesevansvb/
charleslenojr72,instagram,Charles Leno,https://cdn.horizm.com/clubs/6589_65312beb3fafd,21958,1,0.0435,955,Athlete,https://www.instagram.com/charleslenojr72/
ferrarimatteo11,instagram,Matteo Ferrari,https://cdn.horizm.com/clubs/2437_6491e9183a8a9,21825,4,0.0399,870,Athlete,https://www.instagram.com/ferrarimatteo11/
tommckibbin,instagram,Tom McKibbin,https://cdn.horizm.com/clubs/7460_65dde32479a6c,21779,1,0.0133,290,Athlete,https://www.instagram.com/tommckibbin/
jason_adam9,instagram,Jason Adam,https://cdn.horizm.com/clubs/7281_65b0b987b64b9,21761,1,1.0728,23346,Athlete,https://www.instagram.com/jason_adam9/
chosen1cj,instagram,C.J. Marable,https://cdn.horizm.com/clubs/8816_6746e9f21036e,21677,1,0.0000,0,Athlete,https://www.instagram.com/chosen1cj/
philippkhn22,instagram,Philipp Köhn,https://cdn.horizm.com/clubs/6359_653136b730141,21583,3,0.0018,39,Athlete,https://www.instagram.com/philippkhn22
gr_nmsi20,instagram,Gerzino Nyamsi,https://cdn.horizm.com/clubs/6409_653136d8431e3,21577,1,0.0323,696,Athlete,https://www.instagram.com/gr_nmsi20/
luka_mkheidze.10,instagram,Luka Mkheidze,https://cdn.horizm.com/clubs/8581_67c082c1b1675,21564,2,0.0452,975,Athlete,https://www.instagram.com/luka_mkheidze.10/
romaincannone,instagram,Romain Cannone,https://cdn.horizm.com/clubs/3044_6491f9d825ac9,21524,1,0.0115,247,Athlete,https://www.instagram.com/romaincannone/
catlinjohn,instagram,John Catlin,https://cdn.horizm.com/clubs/7522_65dde399f17c5,21507,1,0.0061,131,Athlete,https://www.instagram.com/catlinjohn/
younggross22,instagram,Roston Chase,https://cdn.horizm.com/clubs/7688_65faecaf6a929,21427,14,0.3230,6920,Athlete,https://www.instagram.com/younggross22/
vipraj_nigam,instagram,Vipraj Nigam,https://cdn.horizm.com/clubs/9056_686b9957a3bb4,21094,1,0.0321,677,Athlete,https://www.instagram.com/vipraj_nigam/
bj_hamill,instagram,Brendan Hamill,https://cdn.horizm.com/clubs/7914_6638b292cafaf,20999,3,0.0382,803,Athlete,https://www.instagram.com/bj_hamill/
__begzz__,instagram,Juhann Begarin,https://cdn.horizm.com/clubs/3866_64920e5fa701e,20976,4,0.1064,2232,Athlete,https://www.instagram.com/__begzz__/
gabrielsloninaa,tiktok,Gabriel Slonina,https://cdn.horizm.com/clubs/8902_67ffb7d99f453,20922,1,0.0017,35,Athlete,https://www.tiktok.com/@gabrielsloninaa
molchanovsfreediving,tiktok,Alexey Molchanov,https://cdn.horizm.com/clubs/8865_67c03e55535e5,20786,4,0.0075,155,Athlete,https://www.tiktok.com/@molchanovsfreediving
john.means,instagram,John Means,https://cdn.horizm.com/clubs/7061_6583e7c830d5e,20736,1,0.0349,723,Athlete,https://www.instagram.com/john.means/
class.23,instagram,Jonatan Clase,https://cdn.horizm.com/clubs/7674_65faebf71d414,20707,2,0.5201,10770,Athlete,https://www.instagram.com/class.23/
shubham_dubey_27,instagram,Shubham Dubey,https://cdn.horizm.com/clubs/9085_686b9cf0ac3ea,20590,2,0.0523,1077,Athlete,https://www.instagram.com/shubham_dubey_27/
kyleallmanjr,instagram,Kyle Allman JR,https://cdn.horizm.com/clubs/3864_64920e4f37b1e,20579,1,0.0866,1782,Athlete,https://www.instagram.com/kyleallmanjr/
minatanaka_official,instagram,Tanaka Mina,https://cdn.horizm.com/clubs/5147_64d610c20cbc7,20390,1,0.0032,66,Athlete,https://www.instagram.com/minatanaka_official/
jarlingarcia66,instagram,Jarlin Garcia,https://cdn.horizm.com/clubs/7244_65b0b94fb1946,20327,4,0.2817,5726,Athlete,https://www.instagram.com/jarlingarcia66/
lpatrick62,instagram,Lucas Patrick,https://cdn.horizm.com/clubs/7099_6583e907c5e90,20113,1,0.0435,875,Athlete,https://www.instagram.com/lpatrick62/
matteo.manassero,instagram,Matteo Manassero,https://cdn.horizm.com/clubs/7470_65dde337ab850,20102,1,0.1643,3302,Athlete,https://www.instagram.com/matteo.manassero/
seranthony94,instagram,Seranthony Dominguez,https://cdn.horizm.com/clubs/7243_65b0b94bba3e6,19985,3,0.7915,15818,Athlete,https://www.instagram.com/seranthony94/
kennedybrooks26,instagram,Kennedy Brooks,https://cdn.horizm.com/clubs/8800_6746e985e405e,19975,1,0.0000,0,Athlete,https://www.instagram.com/kennedybrooks26/
perezluisqb,instagram,Luis Perez,https://cdn.horizm.com/clubs/8787_6746e93a56acc,19799,2,0.0000,0,Athlete,https://www.instagram.com/perezluisqb/
teair215,instagram,Teair Tart,https://cdn.horizm.com/clubs/6658_6531375f5faf0,19737,6,5.4726,108012,Athlete,https://www.instagram.com/teair215/
18matteobertelle,instagram,Matteo Bertelle,https://cdn.horizm.com/clubs/cd0f0fc9ae89cf3603a5eb3c318a39ad11266bcd.jpg,19581,2,0.0190,373,Athlete,https://www.instagram.com/18matteobertelle/
bamba_k32,instagram,Kader Bamba,https://cdn.horizm.com/clubs/6405_653126c44c61a,19544,1,0.0109,213,Athlete,https://www.instagram.com/bamba_k32/
ishe.samuelssmith,instagram,Ishe Samuels-Smith,https://cdn.horizm.com/clubs/8903_68667e8d17c65,19454,1,0.0066,129,Athlete,https://www.instagram.com/ishe.samuelssmith/
stefanonepa82,instagram,Stefano Nepa,https://cdn.horizm.com/clubs/3358_649202271a6f9,19291,2,0.0349,674,Athlete,https://www.instagram.com/stefanonepa82/
racheal_kundananji,instagram,Racheal Kundananji,https://cdn.horizm.com/clubs/5953_650be25eea3dc,19189,10,0.4170,8002,Athlete,https://www.instagram.com/racheal_kundananji/
13duuu,instagram,Eduardo dos Santos Rodrigues de Deus,https://cdn.horizm.com/clubs/8233_666bfd8306ca2,19175,1,0.0012,23,Athlete,https://www.instagram.com/13duuu
ayaka_yamashita18,instagram,Ayaka Yamashita,,19033,2,0.0274,521,Athlete,https://www.instagram.com/ayaka_yamashita18/
viswanathananand_,instagram,Viswanathan Anand,https://cdn.horizm.com/clubs/5900_650be205ac064,18682,3,0.0014,26,Athlete,https://www.instagram.com/viswanathananand_/
carlos_vargas05,instagram,Carlos Vargas,https://cdn.horizm.com/clubs/7670_65faec8686f86,18677,1,0.0177,331,Athlete,https://www.instagram.com/carlos_vargas05/
taiyofurusato72,instagram,Taiyo Furusato,https://cdn.horizm.com/clubs/3342_649201cad2c01,18667,4,0.1601,2988,Athlete,https://www.instagram.com/taiyofurusato72/
drobdrobdrob,instagram,David Robertson,https://cdn.horizm.com/clubs/6165_650be417b2e19,18664,3,0.4115,7681,Athlete,https://www.instagram.com/drobdrobdrob
brooke_andersen,instagram,Brooke Andersen,https://cdn.horizm.com/clubs/3551_64920776a4760,18610,1,0.0287,534,Athlete,https://www.instagram.com/brooke_andersen/
scottogden.19,instagram,Scott Ogden,https://cdn.horizm.com/clubs/3359_6492022fbe4c3,18567,3,0.0620,1151,Athlete,https://www.instagram.com/scottogden.19
samhorsfield96,instagram,Sam Horsfield,https://cdn.horizm.com/clubs/4951_64baaf13eb305,18316,6,0.3693,6765,Athlete,https://www.instagram.com/samhorsfield96/
ricarda_funk,instagram,Ricarda Funk,https://cdn.horizm.com/clubs/26814a230e3f6fe9f1826bd434eff576b338b45e.jpg,18201,5,0.1978,3601,Athlete,https://www.instagram.com/ricarda_funk/
saucyscruggs,instagram,Lauren Scruggs,https://cdn.horizm.com/clubs/8626_67c082f74aa73,18116,4,0.0399,722,Athlete,https://www.instagram.com/saucyscruggs
syarifuddinazman,instagram,Syarifuddin Azman,https://cdn.horizm.com/clubs/3345_64a277862c690,18098,3,0.0020,37,Athlete,https://www.instagram.com/syarifuddinazman/
davidcrisp1,instagram,David Crisp,https://cdn.horizm.com/clubs/2482_64a276da4796e,18081,4,0.0000,0,Athlete,https://www.instagram.com/davidcrisp1/
bouyea.ycl,instagram,Jamaree Bouyea,https://cdn.horizm.com/clubs/2480_6491ea0a9aaaa,18026,2,0.8238,14849,Athlete,https://www.instagram.com/bouyea.ycl/
bevon_jacobs,instagram,Bevon Jacobs,https://cdn.horizm.com/clubs/9068_686b9aa13d044,17929,4,0.0842,1509,Athlete,https://www.instagram.com/bevon_jacobs/
sophiehaug,instagram,Sophie Haug,https://cdn.horizm.com/clubs/5143_64f6e8326bc74,17735,1,0.0131,233,Athlete,https://www.instagram.com/sophiehaug/
francesco__laporta,instagram,Francesco Laporta,https://cdn.horizm.com/clubs/7528_65dde3a36d62f,17710,1,0.0050,88,Athlete,https://www.instagram.com/francesco__laporta/
nickahmed13,instagram,Nick Ahmed,https://cdn.horizm.com/clubs/6160_650be4113b244,17689,13,0.0302,534,Athlete,https://www.instagram.com/nickahmed13/
eugeniochacarra,instagram,Eugenio Chacarra,https://cdn.horizm.com/clubs/4946_64baaf098cf11,17613,3,0.1207,2126,Athlete,https://www.instagram.com/eugeniochacarra/
nathaliebjorn,tiktok,Nathalie Bjorn,https://cdn.horizm.com/clubs/8961_686b9308274f6,17604,3,0.5009,8818,Athlete,https://www.tiktok.com/@nathaliebjorn
angelhidalgo7,instagram,Angel Hidalgo,https://cdn.horizm.com/clubs/7536_65dde3b2ab96b,17533,1,0.0264,462,Athlete,https://www.instagram.com/angelhidalgo7
antoinerozner,instagram,Antoine Rozner,https://cdn.horizm.com/clubs/7452_65dde314a102b,17511,2,2.1616,37852,Athlete,https://www.instagram.com/antoinerozner/
davidsalvador38,instagram,David Salvador,https://cdn.horizm.com/clubs/3339_64a2778156e1e,17163,4,0.0330,567,Athlete,https://www.instagram.com/davidsalvador38/
homelesshubbsgolf,instagram,Mark Hubbard,https://cdn.horizm.com/clubs/5128_64d6103cd32e2,17133,1,0.0316,542,Athlete,https://www.instagram.com/homelesshubbsgolf/
gadirova_twins,tiktok,Jessica Gadirova,https://cdn.horizm.com/clubs/3549_649207658f13d,16870,1,0.0028,47,Athlete,https://www.tiktok.com/@gadirova_twins
iguarrotxena,instagram,Iker Guarrotxena,https://cdn.horizm.com/clubs/7911_6638a7bddb678,16787,5,0.5905,9913,Athlete,https://www.instagram.com/iguarrotxena/
lancaisse18,instagram,Romain Langasque,https://cdn.horizm.com/clubs/7454_65dde318ee0fd,16765,1,0.0697,1168,Athlete,https://www.instagram.com/lancaisse18/
ajohn_94,instagram,Austin Johnson,https://cdn.horizm.com/clubs/6618_6531374fa5190,16758,3,1.0244,17167,Athlete,https://www.instagram.com/ajohn_94/
tatianeraquelsilva,instagram,Tatiane Raquel da Silva,https://cdn.horizm.com/clubs/8246_666bfd9eba95b,16721,20,0.0730,1221,Athlete,https://www.instagram.com/tatianeraquelsilva/
sulamanidze_ilia,instagram,Ilia Sulamanidze,https://cdn.horizm.com/clubs/8589_67c082c93c770,16692,2,0.0325,543,Athlete,https://www.instagram.com/sulamanidze_ilia/
katharineberkoff,instagram,Katharine Berkoff,https://cdn.horizm.com/clubs/8631_67c082fc20946,16483,1,0.0021,35,Athlete,https://www.instagram.com/katharineberkoff/
davidpuigcorrius,instagram,David Puig,https://cdn.horizm.com/clubs/4974_64baaf4c8921b,16419,6,1.1987,19681,Athlete,https://www.instagram.com/davidpuigcorrius/
jordansmithgolf,instagram,Jordan Smith,https://cdn.horizm.com/clubs/5127_64d61033bb28b,16327,6,0.0587,959,Athlete,https://www.instagram.com/jordansmithgolf/
fabiencentonze18,instagram,Fabien Centonze,https://cdn.horizm.com/clubs/2768_64a2771cacf09,16284,2,0.1075,1751,Athlete,https://www.instagram.com/fabiencentonze18/
_filippo.macchi_,instagram,Filippo Macchi,https://cdn.horizm.com/clubs/8593_67c03e45ae013,16126,1,0.0073,118,Athlete,https://www.instagram.com/_filippo.macchi_/
cam_davis77,instagram,Cameron Davis,https://cdn.horizm.com/clubs/5098_64f6e80aa0c44,16025,1,0.3762,6028,Athlete,https://www.instagram.com/cam_davis77/
just_suh,instagram,Justin Suh,https://cdn.horizm.com/clubs/5115_64f6e81cb1b44,15964,1,0.0134,214,Athlete,https://www.instagram.com/just_suh/
beboxraley,instagram,Brooks Raley,https://cdn.horizm.com/clubs/6544_65313722b59a8,15901,1,0.0065,103,Athlete,https://www.instagram.com/beboxraley/
jasonkokrak,instagram,Jason Kokrak,https://cdn.horizm.com/clubs/4958_64baaf2568908,15747,3,0.3807,5995,Athlete,https://www.instagram.com/jasonkokrak/
negaju90,instagram,Jucilene Sales de Lima,https://cdn.horizm.com/clubs/8232_666bfd81007c4,15672,2,0.0013,20,Athlete,https://www.instagram.com/negaju90
_.jaderose,instagram,Jade Rose,,15669,2,0.0108,169,Athlete,https://www.instagram.com/_.jaderose/
schaper15,instagram,Jayden Schaper,https://cdn.horizm.com/clubs/7486_65dde355e4b3e,15547,4,0.6711,10434,Athlete,https://www.instagram.com/schaper15/
capita70,instagram,Carlos Alberto,https://cdn.horizm.com/clubs/3852_64920e12bbe8d,15491,2,0.1082,1676,Athlete,https://www.instagram.com/capita70
degegiovi,instagram,Giovannide Gennaro,https://cdn.horizm.com/clubs/8564_67c082adc1c4f,15371,7,0.1237,1902,Athlete,https://www.instagram.com/degegiovi/
lucy_watsonnn,instagram,Lucy Watson,https://cdn.horizm.com/clubs/8917_6853eb86e73e6,15288,4,0.0239,366,Athlete,https://www.instagram.com/lucy_watsonnn
alezac61,instagram,Alessandro Zaccone,https://cdn.horizm.com/clubs/3365_6492025ae220d,15276,1,0.0107,163,Athlete,https://www.instagram.com/alezac61/
damir_mikec,instagram,Damir Mikec,https://cdn.horizm.com/clubs/8572_67c082b8cec52,15083,4,0.0546,824,Athlete,https://www.instagram.com/damir_mikec/
connorsyme,instagram,Connor Syme,https://cdn.horizm.com/clubs/7453_65dde31668414,14825,3,1.0123,15008,Athlete,https://www.instagram.com/connorsyme/
kaito_toba,instagram,Kaito Toba,https://cdn.horizm.com/clubs/3351_649201fd8a26a,14724,4,0.0138,203,Athlete,https://www.instagram.com/kaito_toba/
gyorgydeak_apor,instagram,Györgydeák Apor,https://cdn.horizm.com/clubs/3685_64a27801b8388,14672,9,0.0207,303,Athlete,https://www.instagram.com/gyorgydeak_apor
camtring,instagram,Cameron Tringale,https://cdn.horizm.com/clubs/4979_64baaf57b4791,14646,1,0.0158,232,Athlete,https://www.instagram.com/camtring/
nicktaylorgolf,tiktok,Nick Taylor,https://cdn.horizm.com/clubs/5091_64d60f4d55d24,14582,25,1.5962,23276,Athlete,https://www.tiktok.com/@nicktaylorgolf
9osarusan19,instagram,Riko Ueki,https://cdn.horizm.com/clubs/5148_64d610cb71daa,14558,5,0.0751,1093,Athlete,https://www.instagram.com/9osarusan19/
__tl7,instagram,Tom Lewis,https://cdn.horizm.com/clubs/7471_65dde3397ea25,14529,2,0.0180,262,Athlete,https://www.instagram.com/__tl7/
mikelorenzovera_progolf,instagram,Mike Lorenzo-Vera,https://cdn.horizm.com/clubs/7509_65dde382546ec,14502,1,0.0105,152,Athlete,https://www.instagram.com/mikelorenzovera_progolf/
t.teuma_17,instagram,Teddy Teuma,https://cdn.horizm.com/clubs/7345_65b0ae6c1ccbf,14394,6,1.2090,17403,Athlete,https://www.instagram.com/t.teuma_17
danielhillier__,instagram,Dan Hillier,https://cdn.horizm.com/clubs/7455_65dde31b7e3f3,14385,1,0.0000,0,Athlete,https://www.instagram.com/danielhillier__/
marta_ita157,instagram,Marta Maggetti,https://cdn.horizm.com/clubs/8666_67c0832392516,14315,5,0.1148,1643,Athlete,https://www.instagram.com/marta_ita157/
schaudhary2002,instagram,Saurabh Chaudhary,https://cdn.horizm.com/clubs/3071_6491fa5e68b05,14236,2,0.0349,497,Athlete,https://www.instagram.com/schaudhary2002/
vivianelyra_nutri,instagram,Viviane Santana Lyra,https://cdn.horizm.com/clubs/8241_666bfd9484be7,14162,2,0.0628,890,Athlete,https://www.instagram.com/vivianelyra_nutri/
matthiasschwab,instagram,Matthias Schwab,https://cdn.horizm.com/clubs/7550_65dde3ce16427,14088,1,0.0062,87,Athlete,https://www.instagram.com/matthiasschwab/
official_tsun.d25,instagram,Wai-Tsun DAI,https://cdn.horizm.com/clubs/3819_64a2759ccbdb3,14078,2,0.0727,1023,Athlete,https://www.instagram.com/official_tsun.d25/
miafishel,tiktok,Mia Fishel,https://cdn.horizm.com/clubs/8957_67ffb96fdb19b,14024,1,0.0009,13,Athlete,https://www.tiktok.com/@miafishel
richbland478,instagram,Richard Bland,https://cdn.horizm.com/clubs/4942_64baaeff2e324,13961,1,0.0599,836,Athlete,https://www.instagram.com/richbland478/
rosemarcoelhoneto,instagram,Rosemar Maria Coelho Neto,https://cdn.horizm.com/clubs/8276_666bfddf66e87,13784,11,0.0477,657,Athlete,https://www.instagram.com/rosemarcoelhoneto/
barryhawkins147,instagram,Barry Hawkins,https://cdn.horizm.com/clubs/5949_650be25666f26,13759,4,0.1744,2400,Athlete,https://www.instagram.com/barryhawkins147/
earlshmitty25,instagram,Aamir Simms,https://cdn.horizm.com/clubs/3863_64920e46a5413,13712,1,0.0148,203,Athlete,https://www.instagram.com/earlshmitty25/
alejandraabernabe,instagram,Alejandra Bernabe,https://cdn.horizm.com/clubs/8915_67ffb817f1c7c,13705,2,0.0336,461,Athlete,https://www.instagram.com/alejandraabernabe
raulfernandez_25,tiktok,Raul Fernandez,https://cdn.horizm.com/clubs/1841_6491d95304bfa,13683,1,0.0029,40,Athlete,https://www.tiktok.com/@raulfernandez_25
motie_68,instagram,Gudakesh Motie,https://cdn.horizm.com/clubs/7695_65faecbd2b6e7,13505,2,0.0133,179,Athlete,https://www.instagram.com/motie_68/
patrick_mekari,instagram,Patrick Mekari,https://cdn.horizm.com/clubs/7092_658407ad0fdd4,13476,1,0.0388,523,Athlete,https://www.instagram.com/patrick_mekari/
bradensmith71,instagram,Braden Smith,https://cdn.horizm.com/clubs/6095_650c0573d62b4,13440,1,0.0000,0,Athlete,https://www.instagram.com/bradensmith71/
miquelpons77,instagram,Miquel Pons,https://cdn.horizm.com/clubs/2440_6491fb3b480e0,13339,2,0.0061,81,Athlete,https://www.instagram.com/miquelpons77/
matt_schmd,instagram,Matti Schmid,https://cdn.horizm.com/clubs/7499_65dde36d5be7b,13201,7,0.0836,1104,Athlete,https://www.instagram.com/matt_schmd/
renatoparatore,instagram,Renato Paratore,https://cdn.horizm.com/clubs/7488_65dde35997629,13185,4,0.0830,1095,Athlete,https://www.instagram.com/renatoparatore/
konnormcclain_,tiktok,Konnor Mcclain,https://cdn.horizm.com/clubs/5365e5798b3b2418be65d4a21d98968aff9b799e.jpeg,13078,4,0.0873,1142,Athlete,https://www.tiktok.com/@konnormcclain_
kavemhodge_22,instagram,Kavem Hodge,https://cdn.horizm.com/clubs/7705_65faecd2619c1,13029,1,0.0216,281,Athlete,https://www.instagram.com/kavemhodge_22/
denis.shapovalov,tiktok,Denis Shapovalov,https://cdn.horizm.com/clubs/5050_64bab017ba115,12961,2,0.0133,173,Athlete,https://tiktok.com/@denis.shapovalov
maxkieffer,instagram,Maximilian Kieffer,https://cdn.horizm.com/clubs/7496_65dde367b5c99,12935,3,0.0884,1143,Athlete,https://www.instagram.com/maxkieffer/
veerle.buurman,instagram,Veerle Buurman,https://cdn.horizm.com/clubs/8923_686b94f66670a,12878,2,0.0387,498,Athlete,https://www.instagram.com/veerle.buurman
mikaperez8,instagram,Mika Perez,https://cdn.horizm.com/clubs/3361_6492023810271,12690,2,0.0040,51,Athlete,https://www.instagram.com/mikaperez8/
taylormooregolf,instagram,Taylor Moore,https://cdn.horizm.com/clubs/5096_64d60f7cf2fbc,12482,1,0.0234,292,Athlete,https://www.instagram.com/taylormooregolf/
ericjamescole,instagram,Eric Cole,https://cdn.horizm.com/clubs/5118_64f6e820dbcfc,12459,4,0.0501,624,Athlete,https://www.instagram.com/ericjamescole/
ericasenarw,instagram,Erica Sena,https://cdn.horizm.com/clubs/4818_64baad95c7876,12431,10,0.0158,197,Athlete,https://www.instagram.com/ericasenarw/
unaiorradre_10,instagram,Unai Orradre,https://cdn.horizm.com/clubs/c5d4d945cb9384f2ebbddf57e61dbf90db1e7688.jpg,12351,3,0.0142,176,Athlete,https://www.instagram.com/unaiorradre_10
quincajcruz,instagram,Joaquim Carvalho Cruz,https://cdn.horizm.com/clubs/8283_666bfded4f387,12266,8,0.1382,1695,Athlete,https://www.instagram.com/quincajcruz/
brad_keller13,instagram,Brad Keller,https://cdn.horizm.com/clubs/6508_6531370ed7d21,12210,3,0.6808,8312,Athlete,https://www.instagram.com/brad_keller13/
xavicardelus,instagram,Xavier Cardelus,https://cdn.horizm.com/clubs/2434_64a276d174bef,12161,2,0.0122,148,Athlete,https://www.instagram.com/xavicardelus/
jaygupta_27,instagram,Jay Gupta,https://cdn.horizm.com/clubs/7876_6638b25a0171f,12110,3,0.0503,609,Athlete,https://www.instagram.com/jaygupta_27/
kazuki_higa_official,instagram,Kazuki Higa,https://cdn.horizm.com/clubs/7548_65dde3ca4f88f,12065,1,0.0031,37,Athlete,https://www.instagram.com/kazuki_higa_official/
adrianotaegui,instagram,Adrian Otaegui,https://cdn.horizm.com/clubs/5136_64f6e82cb394c,12053,5,0.3289,3964,Athlete,https://www.instagram.com/adrianotaegui/
kanokoki3568,instagram,Koki Kano,https://cdn.horizm.com/clubs/8568_66ec2ee3866be,12039,2,0.0753,906,Athlete,https://www.instagram.com/kanokoki3568/
brandonmstone,instagram,Brandon Stone,https://cdn.horizm.com/clubs/7514_65dde38960d3d,11869,1,0.0130,154,Athlete,https://www.instagram.com/brandonmstone/
karolienflorijn,instagram,Karolien Florijn,https://cdn.horizm.com/clubs/8672_67c08330a3ffd,11858,1,0.0336,399,Athlete,https://www.instagram.com/karolienflorijn/
imanilara,tiktok,Imani-Lara Lansiquot,https://cdn.horizm.com/clubs/3592_649208b38dc1a,11736,1,0.0095,112,Athlete,https://www.tiktok.com/@imanilara
aaroncivale,instagram,Aaron Civale,https://cdn.horizm.com/clubs/7237_65b0ab682e399,11585,1,0.0907,1051,Athlete,https://www.instagram.com/aaroncivale/
saul4v,instagram,Saul Crespo,https://cdn.horizm.com/clubs/7910_6638b28e87770,11558,1,0.0123,142,Athlete,https://www.instagram.com/saul4v/
bigtime_ab,instagram,Aaron Brewer,https://cdn.horizm.com/clubs/6657_6531375d2ecef,11499,2,0.3695,4249,Athlete,https://www.instagram.com/bigtime_ab
slalom_burgess,instagram,Adam Burgess,https://cdn.horizm.com/clubs/8582_67c03e437b08b,11492,7,0.3651,4196,Athlete,https://www.instagram.com/slalom_burgess/
aaronanselmino_,tiktok,Aaron Anselmino,https://cdn.horizm.com/clubs/8933_686b92c5d13e2,11169,2,0.0040,45,Athlete,https://www.tiktok.com/@aaronanselmino_
lucy_watsonnn,tiktok,Lucy Watson,https://cdn.horizm.com/clubs/8917_6853eb86e73e6,10895,3,0.0111,121,Athlete,https://www.tiktok.com/@lucy_watsonnn
simona.radis,instagram,Simona Radis,https://cdn.horizm.com/clubs/8623_67c03e4a3dcd6,10802,3,0.0206,223,Athlete,https://www.instagram.com/simona.radis/
marcel.siem,tiktok,Marcel Siem,https://cdn.horizm.com/clubs/7451_65dde31319312,10747,9,0.0636,683,Athlete,https://www.tiktok.com/@marcel.siem
chris_guwap,instagram,Chris Orr,https://cdn.horizm.com/clubs/8785_6746e92caed51,10550,1,0.0000,0,Athlete,https://www.instagram.com/chris_guwap/
matao_05,instagram,Matthew Forde,https://cdn.horizm.com/clubs/7703_65faeccf57428,10361,1,0.0006,6,Athlete,https://www.instagram.com/matao_05/
paulwaringgolf,instagram,Paul Waring,https://cdn.horizm.com/clubs/7503_65dde37701b0e,10357,1,0.0251,260,Athlete,https://www.instagram.com/paulwaringgolf/
yosuahhnijman,instagram,Yosh Nijman,https://cdn.horizm.com/clubs/6661_65313762ebbdc,10297,1,0.0611,629,Athlete,https://www.instagram.com/yosuahhnijman/
cerysbrown,instagram,Cerys Brown,https://cdn.horizm.com/clubs/8913_686b946e859eb,10292,3,0.0762,784,Athlete,https://www.instagram.com/cerysbrown
luke_.hobson,instagram,Luke Hobson,https://cdn.horizm.com/clubs/8546_67c08291309c2,10280,1,0.0141,145,Athlete,https://www.instagram.com/luke_.hobson/
lawrencethriston,instagram,Thriston Lawrence,https://cdn.horizm.com/clubs/5132_64d610634da24,10260,5,0.9071,9307,Athlete,https://www.instagram.com/lawrencethriston/
nicogestin,instagram,Nicolas Gestin,https://cdn.horizm.com/clubs/8554_67c0829c3e44b,10147,1,0.0136,138,Athlete,https://www.instagram.com/nicogestin/
kohta_noz3,instagram,Kohta Nozane,https://cdn.horizm.com/clubs/3332_64a2777f5bce7,10062,1,0.0176,177,Athlete,https://www.instagram.com/kohta_noz3/
mgxxviii,instagram,Mark Gilbert,https://cdn.horizm.com/clubs/8818_6746e9ffe999a,10045,4,0.0000,0,Athlete,https://www.instagram.com/mgxxviii/
_yaops_,instagram,Lim Yao Peng,https://cdn.horizm.com/clubs/3696_64a2780c6c216,9878,14,0.0957,945,Athlete,https://www.instagram.com/_yaops_
claudineiquirino1,instagram,Claudinei Quirino da Silva,https://cdn.horizm.com/clubs/8278_666bfde36a1dc,9858,13,0.1534,1512,Athlete,https://www.instagram.com/claudineiquirino1/
aegerter77,tiktok,Dominique Aegerter,https://cdn.horizm.com/clubs/2436_6491e90f63e44,9833,45,0.1550,1524,Athlete,https://www.tiktok.com/@aegerter77
adriensaddier,instagram,Adrien Saddier,https://cdn.horizm.com/clubs/7553_65dde3d5a6c5e,9466,2,0.0821,777,Athlete,https://www.instagram.com/adriensaddier/
manto_9,instagram,Andrea Mantovani,https://cdn.horizm.com/clubs/2454_64a276d553022,9256,1,0.0072,67,Athlete,https://www.instagram.com/manto_9
lauraharris968,instagram,Laura Harris,https://cdn.horizm.com/clubs/2937_64a277474d55a,9240,1,0.0090,83,Athlete,https://www.instagram.com/lauraharris968
thyfreestylesoccer,instagram,Pham Trong Thy,https://cdn.horizm.com/clubs/6d5a5bc83ea7c4e7ece96a82497ad6c30789385e.jpg,9158,14,0.1477,1353,Athlete,https://www.instagram.com/thyfreestylesoccer
mara_albr,instagram,Mara Alber,,9145,3,0.1558,1425,Athlete,https://www.instagram.com/mara_albr/
codojc_,instagram,José Carlos Gomes Moreira,,9107,8,0.0136,124,Athlete,https://www.instagram.com/codojc_
adrianhouser12,instagram,Adrian Houser,https://cdn.horizm.com/clubs/6840_6565a9c552200,9055,2,0.0570,516,Athlete,https://www.instagram.com/adrianhouser12/
l.ugochukwu8,tiktok,Lesley Ugochukwu,https://cdn.horizm.com/clubs/6205_650be473d64b6,8923,5,0.0622,555,Athlete,https://www.tiktok.com/@l.ugochukwu8
andrewputnam,instagram,Andrew Putnam,https://cdn.horizm.com/clubs/5107_64d60fbf23dc2,8902,2,0.2380,2119,Athlete,https://www.instagram.com/andrewputnam/
aurianemallo,instagram,Auriane Mallo-Breton,https://cdn.horizm.com/clubs/8633_66ec2facdaf8a,8808,1,0.0177,156,Athlete,https://www.instagram.com/aurianemallo/
swisssilverbullet,instagram,Marcel Hug,https://cdn.horizm.com/clubs/ba89da641474d27735b3c747a8d803aa53e28f36.jpg,8805,4,0.0797,702,Athlete,https://www.instagram.com/swisssilverbullet/
ootje5,instagram,Odile Van Aanholt,https://cdn.horizm.com/clubs/8674_67c08335586b9,8594,3,0.0798,686,Athlete,https://www.instagram.com/ootje5/
danjbradbury,instagram,Dan Bradbury,https://cdn.horizm.com/clubs/7457_65dde31e806f3,8532,5,0.3097,2642,Athlete,https://www.instagram.com/danjbradbury/
david_micheluzzi,instagram,David Micheluzzi,https://cdn.horizm.com/clubs/7480_65dde34ac3cf8,8420,5,1.4329,12065,Athlete,https://www.instagram.com/david_micheluzzi/
juliansuri,instagram,Julian Suri,https://cdn.horizm.com/clubs/7549_65dde3cc062d4,8369,3,0.0644,539,Athlete,https://www.instagram.com/juliansuri/
harristhechosen1,instagram,Ajene Harris,https://cdn.horizm.com/clubs/640bc29fd03d7af340be00939206c126f2732dce.jpg,8235,3,0.0000,0,Athlete,https://www.instagram.com/harristhechosen1/
yannikpaul,instagram,Yannik Paul,https://cdn.horizm.com/clubs/7450_65dde3115caa6,8141,5,0.2129,1733,Athlete,https://www.instagram.com/yannikpaul/
adam.blazsovics,instagram,Adam Blazsovics,https://cdn.horizm.com/clubs/f13ec48fc71b63a7a6c6e38a61436250897fc07e.jpg,7985,7,0.1361,1087,Athlete,https://www.instagram.com/adam.blazsovics
vaillant_tom14,instagram,Tom Vaillant,https://cdn.horizm.com/clubs/7475_65dde341a6785,7838,1,0.0242,190,Athlete,https://www.instagram.com/vaillant_tom14/
elianemartinslia,instagram,Eliane Martins,https://cdn.horizm.com/clubs/8270_666bfdcf52123,7773,1,0.0091,71,Athlete,https://www.instagram.com/elianemartinslia/
jayvee_101,instagram,Johannes Veerman,https://cdn.horizm.com/clubs/7500_65dde3700ea78,7613,3,0.0460,350,Athlete,https://www.instagram.com/jayvee_101/
gorkaguruzeta,tiktok,Gorka Guruzeta,https://cdn.horizm.com/clubs/7312_65b0ada383145,7477,2,0.2589,1936,Athlete,https://www.tiktok.com/@gorkaguruzeta
calumhill_golf,instagram,Calum Hill,https://cdn.horizm.com/clubs/7466_65dde32fb96a9,7468,1,0.0129,96,Athlete,https://www.instagram.com/calumhill_golf/
hikariokubo78,instagram,Hikari Okubo,https://cdn.horizm.com/clubs/2433_6491e9076ec1a,7395,8,0.0253,187,Athlete,https://www.instagram.com/hikariokubo78/
gabe_speier,instagram,Gabe Speier,https://cdn.horizm.com/clubs/7668_65faec835f746,7360,1,0.9837,7240,Athlete,https://www.instagram.com/gabe_speier/
titouan.castryck,instagram,Titouan Castryck,https://cdn.horizm.com/clubs/8578_66ec2ef8c209a,7237,2,0.0456,330,Athlete,https://www.instagram.com/titouan.castryck/
yoellvnieff,instagram,Yoell van Nieff,https://cdn.horizm.com/clubs/7909_6638b28ba600d,7208,1,0.2938,2118,Athlete,https://www.instagram.com/yoellvnieff/
yaazmiin_007,instagram,Ayelen Acuna,https://cdn.horizm.com/clubs/2510_64a276df69ad2,7185,8,0.0224,161,Athlete,https://www.instagram.com/yaazmiin_007/
nachoelvira87,instagram,Nacho Elvira,https://cdn.horizm.com/clubs/7519_65dde3931fa66,7172,17,5.7380,41153,Athlete,https://www.instagram.com/nachoelvira87/
alexflow58_,instagram,Alejandro del Rey,https://cdn.horizm.com/clubs/7463_65dde3292fb58,7116,9,0.1835,1306,Athlete,https://www.instagram.com/alexflow58_/
marcalcoba70,instagram,Marc Alcoba,https://cdn.horizm.com/clubs/ec9c8ad3bab5461900816a43728b0bb2ff5e8a10.jpg,7007,2,0.0451,316,Athlete,https://www.instagram.com/marcalcoba70/
helenwardie10,instagram,Helen Ward,https://cdn.horizm.com/clubs/3486_649205aa543ff,6892,2,0.0077,53,Athlete,https://www.instagram.com/helenwardie10/
marianafreestyle,instagram,Mariana Taborda,https://cdn.horizm.com/clubs/3676_64a277eba4a32,6778,1,0.0322,218,Athlete,https://www.instagram.com/marianafreestyle
sydney_lohmann,tiktok,Sydney Lohmann,,6745,1,0.0203,137,Athlete,https://www.tiktok.com/@sydney_lohmann
zequinhabarbosa27,instagram,Jose Barbosa,https://cdn.horizm.com/clubs/8265_666bfdc6889d8,6685,9,0.0948,634,Athlete,https://www.instagram.com/zequinhabarbosa27/
ediazpantoja,instagram,Edwin Diaz,https://cdn.horizm.com/clubs/5861_650be1b89e048,6680,5,2.0783,13883,Athlete,https://www.instagram.com/ediazpantoja/
jespersvensonn,instagram,Jesper Svensson,https://cdn.horizm.com/clubs/7482_65dde34de02db,6680,1,0.0955,638,Athlete,https://www.instagram.com/jespersvensonn
ying_han_429,instagram,Ying Han,https://cdn.horizm.com/clubs/75028d35ac671da4a7bb089003955be91129966f.jpg,6658,9,1.5882,10574,Athlete,https://www.instagram.com/ying_han_429/
imanbeney,tiktok,Iman Beney,,6603,1,0.0556,367,Athlete,https://www.tiktok.com/@imanbeney
emmawilson_gbr7,instagram,Emma Wilson,https://cdn.horizm.com/clubs/9587e09325561b21ffdb3e046b9982bd7bd3c949.jpg,6542,6,0.1120,733,Athlete,https://www.instagram.com/emmawilson_gbr7/
gretaihumphries,instagram,Greta Humphries,https://cdn.horizm.com/clubs/8963_686b930962d61,6533,1,0.0133,87,Athlete,https://www.instagram.com/gretaihumphries
scottivino,instagram,Scott Vincent,https://cdn.horizm.com/clubs/4982_64baaf5de357a,6527,1,0.0242,158,Athlete,https://www.instagram.com/scottivino/
bryanzaragoza_,instagram,Bryan Zaragoza,https://cdn.horizm.com/clubs/7319_65b0ade7bfa20,6396,5,0.0511,327,Athlete,https://www.instagram.com/bryanzaragoza_
taylormontgomery22,instagram,Taylor Montgomery,https://cdn.horizm.com/clubs/5114_64f6e81b0ae58,6352,1,0.0312,198,Athlete,https://www.instagram.com/taylormontgomery22/
freddy_schott,instagram,Freddy Schott,https://cdn.horizm.com/clubs/7472_65dde33b327c6,6320,5,1.3668,8638,Athlete,https://www.instagram.com/freddy_schott/
vicentelenilson,instagram,Vicente Lenílson de Lima,,6284,15,0.1337,840,Athlete,https://www.instagram.com/vicentelenilson
juliaaribeiro05,instagram,Julia Aparecida Rocha Ribeiro,https://cdn.horizm.com/clubs/8244_666bfd9a9e392,6132,2,0.0121,74,Athlete,https://www.instagram.com/juliaaribeiro05/
douglas400_,instagram,Douglas Hernandes Mendes da Silva,https://cdn.horizm.com/clubs/8268_666bfdcbe90f2,6125,2,0.0220,135,Athlete,https://www.instagram.com/douglas400_/
ugocoussaud,instagram,Ugo Coussaud,https://cdn.horizm.com/clubs/7526_65dde39f94bc5,6052,6,0.2541,1538,Athlete,https://www.instagram.com/ugocoussaud/
grantforrest93,instagram,Grant Forrest,https://cdn.horizm.com/clubs/7465_65dde32d5c591,6006,2,1.7248,10359,Athlete,https://www.instagram.com/grantforrest93/
seebas90,instagram,Sebastian Soderberg,https://cdn.horizm.com/clubs/7489_65dde35bed802,5919,1,0.2311,1368,Athlete,https://www.instagram.com/seebas90/
edson_luciano_ribeiro,instagram,Edson Luciano Ribeiro,,5912,17,0.1414,836,Athlete,https://www.instagram.com/edson_luciano_ribeiro
garnacho7,tiktok,Alejandro Garnacho,https://cdn.horizm.com/clubs/2277_6491e4ffd89e4,5871,7,0.0000,0,Athlete,https://www.tiktok.com/@garnacho7
kayleighgreen22,instagram,Kayleigh Green,https://cdn.horizm.com/clubs/4261_649bd8948f909,5804,1,0.0022,13,Athlete,https://www.instagram.com/kayleighgreen22/
chosen1cj,tiktok,C.J. Marable,https://cdn.horizm.com/clubs/8816_6746e9f21036e,5796,1,0.0000,0,Athlete,https://www.tiktok.com/@chosen1cj
nath_hulleu,instagram,Nathanael Hulleu,https://cdn.horizm.com/clubs/3082_6491faa271f92,5739,1,0.0737,423,Athlete,https://www.instagram.com/nath_hulleu/
yungcalisthenics,instagram,Yung Calisthenics,https://cdn.horizm.com/clubs/3691_64a27808901f5,5735,16,0.2058,1180,Athlete,https://www.instagram.com/yungcalisthenics
james_w_hurst,instagram,James Hurst,https://cdn.horizm.com/clubs/7103_658407b462815,5609,2,0.1080,606,Athlete,https://www.instagram.com/james_w_hurst/
mayzeedaviess,instagram,Mayzee Davies,,5600,1,0.0250,140,Athlete,https://www.instagram.com/mayzeedaviess/
jeanquiquampoix,instagram,Jean Quiquampoix,https://cdn.horizm.com/clubs/3067_6491fa55a2ea3,5567,1,0.1259,701,Athlete,https://www.instagram.com/jeanquiquampoix/
mallorysfranklin,instagram,Mallory Franklin,https://cdn.horizm.com/clubs/3049_6491f9f969884,5531,4,0.3159,1747,Athlete,https://www.instagram.com/mallorysfranklin/
paulo.retre,instagram,Paulo Retre,https://cdn.horizm.com/clubs/7916_6638b2983d37c,5521,1,0.0000,0,Athlete,https://www.instagram.com/paulo.retre/
bodnar_ancuta,instagram,Ancuta Bodnar,https://cdn.horizm.com/clubs/8622_67c082f273f45,5453,1,0.0075,41,Athlete,https://www.instagram.com/bodnar_ancuta/
atletasandroviana,instagram,Sandro Ricardo Rodrigues Viana,https://cdn.horizm.com/clubs/8272_666bfdd5ce67c,5422,8,0.0352,191,Athlete,https://www.instagram.com/atletasandroviana/
404stixx,instagram,Justin Hall,https://cdn.horizm.com/clubs/8793_6746e95d54c1f,5422,1,0.0000,0,Athlete,https://www.instagram.com/404stixx/
b_farm30,instagram,Buck Farmer,https://cdn.horizm.com/clubs/7282_65b0b98ba176f,5391,1,0.0237,128,Athlete,https://www.instagram.com/b_farm30/
ikerprz2,instagram,Iker Pérez,https://cdn.horizm.com/clubs/1808_6491d898ec08a,5297,1,0.0026,14,Athlete,https://www.instagram.com/ikerprz2
nellogolf,instagram,Andrea Pavan,https://cdn.horizm.com/clubs/7517_65dde390116af,5293,3,0.0561,297,Athlete,https://www.instagram.com/nellogolf
julienbrun_golf,instagram,Julien Brun,https://cdn.horizm.com/clubs/7459_65dde322f343c,5179,2,0.0349,181,Athlete,https://www.instagram.com/julienbrun_golf/
v3rajones,instagram,Vera Jones,,5167,1,0.0052,27,Athlete,https://www.instagram.com/v3rajones/
julien_guerrier_golf,instagram,Julien Guerrier,https://cdn.horizm.com/clubs/7547_65dde3c7aebb7,5139,5,0.7980,4101,Athlete,https://www.instagram.com/julien_guerrier_golf/
aimeeclaypole,instagram,Aimee Claypole,https://cdn.horizm.com/clubs/8918_67ffb83babee9,5008,2,0.0126,63,Athlete,https://www.instagram.com/aimeeclaypole/
joancardonam,instagram,Joan Cardona Mendez,https://cdn.horizm.com/clubs/3073_6491fa6f7efe2,4985,2,0.0726,362,Athlete,https://www.instagram.com/joancardonam/
mauricio_llovera,instagram,Mauricio Llovera,https://cdn.horizm.com/clubs/7662_65faec75803e7,4948,1,0.0000,0,Athlete,https://www.instagram.com/mauricio_llovera/
melvintwellaar,instagram,Melvin Twellaar,https://cdn.horizm.com/clubs/8598_67c082d83a93f,4876,1,0.0533,260,Athlete,https://www.instagram.com/melvintwellaar/
mattbaldwin26,instagram,Matthew Baldwin,https://cdn.horizm.com/clubs/7543_65dde3c027edb,4800,1,0.0892,428,Athlete,https://www.instagram.com/mattbaldwin26/
sebasgarciagolf,instagram,Sebastian Garcia,https://cdn.horizm.com/clubs/7534_65dde3aece41d,4712,3,0.0494,233,Athlete,https://www.instagram.com/sebasgarciagolf/
dqj_90,tiktok,DaQuan Jones,https://cdn.horizm.com/clubs/6617_65312ce03fd0c,4653,1,0.0062,29,Athlete,https://www.tiktok.com/@dqj_90
emilyelizabethcraig,instagram,Emily Craig,https://cdn.horizm.com/clubs/8659_67c0831a81fd3,4481,1,0.0087,39,Athlete,https://www.instagram.com/emilyelizabethcraig/
jonathanvanrijsbergen,instagram,Jonathan Van Rijsbergen,https://cdn.horizm.com/clubs/eecbaf21f3ddb9b478c7bd10cb289e4b1c98c1dd.jpg,4412,1,0.0376,166,Athlete,https://www.instagram.com/jonathanvanrijsbergen/
philipe.chateaubrian,instagram,Philipe Chateaubrian,https://cdn.horizm.com/clubs/4825_64baada75cd3b,4321,1,0.0116,50,Athlete,https://www.instagram.com/philipe.chateaubrian
jasonscrivener18,instagram,Jason Scrivener,https://cdn.horizm.com/clubs/7538_65dde3b6c9918,4306,1,0.6902,2972,Athlete,https://www.instagram.com/jasonscrivener18/
lucyspoors,instagram,Lucy Spoors,https://cdn.horizm.com/clubs/8676_67c0833a7e5f1,4289,2,0.0147,63,Athlete,https://www.instagram.com/lucyspoors/
zanderlombard_official,instagram,Zander Lombard,https://cdn.horizm.com/clubs/7462_65dde3277df12,4227,2,0.0454,192,Athlete,https://www.instagram.com/zanderlombard_official/
rafael_spajic,tiktok,Rafael Spajic,https://cdn.horizm.com/clubs/3668_649209f4ef843,4169,4,0.0609,254,Athlete,https://www.tiktok.com/@rafael_spajic
jos.hbez,instagram,Josh Berry,https://cdn.horizm.com/clubs/7479_65dde3494ecda,4123,3,0.1914,789,Athlete,https://www.instagram.com/jos.hbez
debritovinicius110h,instagram,Vinicius de Brito,https://cdn.horizm.com/clubs/8243_666bfd9839d86,4060,6,0.1700,690,Athlete,https://www.instagram.com/debritovinicius110h/
nathan_hales,instagram,Nathan Hales,https://cdn.horizm.com/clubs/8555_67c0829f4e1eb,3994,3,0.0453,181,Athlete,https://www.instagram.com/nathan_hales/
dariusvandriel,instagram,Darius Van Driel,https://cdn.horizm.com/clubs/7494_65dde3653de40,3919,6,0.4874,1910,Athlete,https://www.instagram.com/dariusvandriel/
josecisnero1994,instagram,Jose Cisnero,https://cdn.horizm.com/clubs/7257_65b0b960be201,3913,1,0.0000,0,Athlete,https://www.instagram.com/josecisnero1994/
sbrulmans,instagram,Seppe Brulmans,https://cdn.horizm.com/clubs/ccf2c0d5a7c3803442a8c69b3d899520564bfae0.jpg,3906,1,0.0218,85,Athlete,https://www.instagram.com/sbrulmans/
omarikellyman,tiktok,Omari Kellyman,https://cdn.horizm.com/clubs/8908_67ffb7f6d9e84,3712,1,0.0964,358,Athlete,https://www.tiktok.com/@omarikellyman
priscilacarreno.3,instagram,Priscila Carreno,https://cdn.horizm.com/clubs/3105_64a2777789c2f,3570,3,0.0048,17,Athlete,https://www.instagram.com/priscilacarreno.3
lays.crs,instagram,Lays Cristina Rodrigues Silva,https://cdn.horizm.com/clubs/8257_666bfdb656c4a,3561,2,0.0124,44,Athlete,https://www.instagram.com/lays.crs/
j.suelen99,instagram,Jaíny Suelen dos Santos Barreto,https://cdn.horizm.com/clubs/8250_666bfda6853dc,3517,4,0.0898,316,Athlete,https://www.instagram.com/j.suelen99/
ymkjeclevering,instagram,Ymkje Clevering,https://cdn.horizm.com/clubs/8670_67c0832c39b3f,3496,1,0.0486,170,Athlete,https://www.instagram.com/ymkjeclevering/
dianabacosi_official,instagram,Diana Bacosi,https://cdn.horizm.com/clubs/c07cb5a0f860ea9523af7ee114cdeab3281dd6cd.jpg,3493,1,0.0026,9,Athlete,https://www.instagram.com/dianabacosi_official/
daan_huizing,instagram,Daan Huizing,https://cdn.horizm.com/clubs/7529_65dde3a52e793,3443,4,0.3047,1049,Athlete,https://www.instagram.com/daan_huizing/
_filocelli_,instagram,Filippo Celli,https://cdn.horizm.com/clubs/7477_65dde3452ccf7,3420,1,0.0509,174,Athlete,https://www.instagram.com/_filocelli_
aaroncockerill46,instagram,Aaron Cockerill,https://cdn.horizm.com/clubs/7484_65dde351b89c6,3370,2,0.1178,397,Athlete,https://www.instagram.com/aaroncockerill46/
sam.jones_61,instagram,Sam Jones,https://cdn.horizm.com/clubs/7555_65dde3d9bda3e,3359,9,0.3105,1043,Athlete,https://www.instagram.com/sam.jones_61/
ty_beezy,instagram,Ty Adcock,https://cdn.horizm.com/clubs/7654_65faec64a3b8c,3301,3,0.2481,819,Athlete,https://www.instagram.com/ty_beezy/
azmymehelba,instagram,Azmy Mehelba,https://cdn.horizm.com/clubs/7ce0af9dfe21b7c1d3850d243d67c1db4c84e016.jpg,3192,2,0.5730,1829,Athlete,https://www.instagram.com/azmymehelba/
lucimarmoura22,instagram,Lucimar Aparecida Moura,https://cdn.horizm.com/clubs/8239_666bfd8fd238c,3090,3,0.0068,21,Athlete,https://www.instagram.com/lucimarmoura22/
brookedonoghue_,instagram,Brooke Francis,https://cdn.horizm.com/clubs/8675_67c08338450f7,3045,2,0.0135,41,Athlete,https://www.instagram.com/brookedonoghue_/
emerson.batson,instagram,Emerson Soccer (Emerson Batson),https://cdn.horizm.com/clubs/3675_64920a0596298,3015,1,0.1897,572,Athlete,https://www.instagram.com/emerson.batson
thapresti,instagram,Thaissa Barbosa Presti de Lima,https://cdn.horizm.com/clubs/8245_666bfd9c9ba54,2994,6,0.0244,73,Athlete,https://www.instagram.com/thapresti/
margiosmundson,instagram,Margi Osmundson,https://cdn.horizm.com/clubs/3683_64a277ff3a975,2816,1,0.0281,79,Athlete,https://www.instagram.com/margiosmundson/
alban__roussel,instagram,Alban Roussel,https://cdn.horizm.com/clubs/3085_64a2776f22247,2739,1,0.0325,89,Athlete,https://www.instagram.com/alban__roussel/
claudiosousa14,instagram,CLÁUDIO ROBERTO SOUSA,https://cdn.horizm.com/clubs/8269_666bfdcd81035,2704,6,0.0148,40,Athlete,https://www.instagram.com/claudiosousa14/
scottgjamieson,instagram,Scott Jamieson,https://cdn.horizm.com/clubs/7516_65dde38d57d7f,2695,1,0.0189,51,Athlete,https://www.instagram.com/scottgjamieson/
sanderleiparrela,instagram,Sanderlei Claro Parrela,https://cdn.horizm.com/clubs/8261_666bfdbde40df,2694,9,0.2405,648,Athlete,https://www.instagram.com/sanderleiparrela/
nathankimsey,instagram,Nathan Kimsey,https://cdn.horizm.com/clubs/7456_65dde31cd5bda,2635,13,0.7047,1857,Athlete,https://www.instagram.com/nathankimsey/
larsvanmeijel,instagram,Lars Van Meijel,https://cdn.horizm.com/clubs/7552_65dde3d38c9b8,2631,3,0.1273,335,Athlete,https://www.instagram.com/larsvanmeijel/
lukasnemecz,instagram,Lukas Nemecz,https://cdn.horizm.com/clubs/7540_65dde3b9ea049,2581,1,0.0690,178,Athlete,https://www.instagram.com/lukasnemecz/
veroniquemeester,instagram,Veronique Meester,https://cdn.horizm.com/clubs/8673_67c08332c698d,2536,3,0.2776,704,Athlete,https://www.instagram.com/veroniquemeester/
gauthierdns,instagram,Gauthier Denis,https://cdn.horizm.com/clubs/3873_64920e9b910d8,2517,1,0.0906,228,Athlete,https://www.instagram.com/gauthierdns
franczukbarteq,instagram,Bartłomiej Frańczuk,https://cdn.horizm.com/clubs/3666_64a277e3b3762,2509,4,0.1558,391,Athlete,https://www.instagram.com/franczukbarteq
annetteduetz,instagram,Annette Duetz,https://cdn.horizm.com/clubs/8671_67c0832e80258,2479,1,0.0052,13,Athlete,https://www.instagram.com/annetteduetz/
jakesgolf62,instagram,Jacques Kruyswijk,https://cdn.horizm.com/clubs/7497_65dde369c4a52,2468,2,0.0904,223,Athlete,https://www.instagram.com/jakesgolf62/
fred_la_croix,instagram,Frederic Lacroix,https://cdn.horizm.com/clubs/7487_65dde35786f38,2459,1,0.0085,21,Athlete,https://www.instagram.com/fred_la_croix/
arnaldoolivers27,instagram,Arnaldo Oliveira,https://cdn.horizm.com/clubs/8264_666bfdc3ee51b,2459,8,0.0081,20,Athlete,https://www.instagram.com/arnaldoolivers27/
manolinelvira,instagram,Manuel Elvira,https://cdn.horizm.com/clubs/7506_65dde37cdd1df,2417,1,0.0894,216,Athlete,https://www.instagram.com/manolinelvira/
__eduardoribeiro_,instagram,Eduardo Ribeiro Moreira,https://cdn.horizm.com/clubs/4814_64baad8bb33b5,2361,1,0.0741,175,Athlete,https://www.instagram.com/__eduardoribeiro_
demoetox,tiktok,DaShaun White,https://cdn.horizm.com/clubs/8811_6746e9cf7d7d6,2293,12,0.0000,0,Athlete,https://www.tiktok.com/@demoetox
andrei.sebastian.c,instagram,Sebastian Andrei Cornea,https://cdn.horizm.com/clubs/8570_67c082b446d16,2174,3,0.0607,132,Athlete,https://www.instagram.com/andrei.sebastian.c/
_victorlindgren_,instagram,Victor Lindgren,https://cdn.horizm.com/clubs/8600_67c082daaeb28,2147,1,0.1393,299,Athlete,https://www.instagram.com/_victorlindgren_/
7balda,tiktok,Lorenzo Baldassarri,https://cdn.horizm.com/clubs/2463_6491e9a1b3c8f,2111,2,0.0047,10,Athlete,https://www.tiktok.com/@7balda
marlene_400hll,instagram,Marlene Ewellyn Silva Dos Santos,https://cdn.horizm.com/clubs/8237_666bfd8ccf075,1977,2,0.0653,129,Athlete,https://www.instagram.com/marlene_400hll
oliverfarrgolf,instagram,Oliver Farr,https://cdn.horizm.com/clubs/7545_65dde3c445ab6,1943,2,0.0890,173,Athlete,https://www.instagram.com/oliverfarrgolf
fichardtdarren,instagram,Darren Fichardt,https://cdn.horizm.com/clubs/7485_65dde35419a3f,1806,2,0.0620,112,Athlete,https://www.instagram.com/fichardtdarren/
jc_ritchie,instagram,JC Ritchie,https://cdn.horizm.com/clubs/7554_65dde3d731f77,1774,1,0.0000,0,Athlete,https://www.instagram.com/jc_ritchie/
linstenoriodebarros,instagram,Bruno Lins Tenório de Barros,https://cdn.horizm.com/clubs/8253_666bfdae7b603,1723,7,0.0012,2,Athlete,https://www.instagram.com/linstenoriodebarros/
mara_albr,tiktok,Mara Alber,,1709,1,0.0954,163,Athlete,https://www.tiktok.com/@mara_albr
ersantospersonal,instagram,Emerson Rodrigues dos Santos,https://cdn.horizm.com/clubs/8242_666bfd969deb2,1673,12,0.1733,290,Athlete,https://www.instagram.com/ersantospersonal/
willenefer,instagram,Will Enefer,https://cdn.horizm.com/clubs/7478_65dde34736a05,1662,1,0.0223,37,Athlete,https://www.instagram.com/willenefer/
tevinimlach31,instagram,Tevin Imlach,https://cdn.horizm.com/clubs/7706_65faecd5c29bb,1653,1,0.0048,8,Athlete,https://www.instagram.com/tevinimlach31/
aporgyorgydeak,tiktok,Györgydeák Apor,https://cdn.horizm.com/clubs/3685_64a27801b8388,1594,13,0.2271,362,Athlete,https://www.tiktok.com/@aporgyorgydeak
yama.929,tiktok,Ayaka Yamashita,,1290,4,0.9814,1266,Athlete,https://www.tiktok.com/@yama.929
jacesprinslakes,instagram,Jaco Prinsloo,https://cdn.horizm.com/clubs/7527_65dde3a115e8e,1282,3,0.7527,965,Athlete,https://www.instagram.com/jacesprinslakes/
oliverkonig52,tiktok,Oliver Konig,https://cdn.horizm.com/clubs/0b13738b83477b048d557d4a958d70b683709588.jpeg,1262,1,0.0071,9,Athlete,https://www.tiktok.com/@oliverkonig52
elisemertens17,tiktok,Elise Mertens,https://cdn.horizm.com/clubs/7309_65b0ad994e819,1256,1,0.0207,26,Athlete,https://www.tiktok.com/@elisemertens17
harrison.murraycampbell,tiktok,Harrison Murray-Campbell,,1182,1,0.7267,859,Athlete,https://www.tiktok.com/@harrison.murraycampbell
raphaeloliveiraoly,instagram,RAPHAEL RAYMUNDO DE OLIVEIRA,https://cdn.horizm.com/clubs/8266_666bfdc842825,1115,7,0.0404,45,Athlete,https://www.instagram.com/raphaeloliveiraoly/
simona.radis,tiktok,Simona Radis,https://cdn.horizm.com/clubs/8623_67c03e4a3dcd6,1035,1,0.0106,11,Athlete,https://www.tiktok.com/@simona.radis
osmar_santos_oly,instagram,Osmar Barbosa dos Santos,https://cdn.horizm.com/clubs/8259_666bfdb9a6a01,943,4,0.0095,9,Athlete,https://www.instagram.com/osmar_santos_oly/
77miquelpons,tiktok,Miquel Pons,https://cdn.horizm.com/clubs/2440_6491fb3b480e0,620,1,0.0323,20,Athlete,https://www.tiktok.com/@77miquelpons
joaoeugenio63,instagram,João Batista Eugênio da Silva,,562,1,0.0125,7,Athlete,https://www.instagram.com/joaoeugenio63
cfa_sjb,instagram,Devair Barbosa,https://cdn.horizm.com/clubs/8286_666bfdf47301a,294,8,0.0000,0,Athlete,https://www.instagram.com/cfa_sjb/
carson_foster30,tiktok,Carson Foster,https://cdn.horizm.com/clubs/8545_66ec2ea3780ca,189,1,0.0952,18,Athlete,https://www.tiktok.com/@carson_foster30
juansoto10,tiktok,Juan Soto,https://cdn.horizm.com/clubs/5836_650be17e04c59,138,11,0.4710,65,Athlete,https://www.tiktok.com/@juansoto10